text	label
Keep back-keep back- or I will shoot you dead and follow you to Hell over the krantz.	0
"Stephanus, I swear I will shoot you if you come any closer!"	1
Pa, it will be very lonely here while you are away.	0
"Oh, Uncle Diederick, I do hope you won't be gone too long! I fear I'll be dreadfully lonely without you."	1
Well, Jacomina, Ill have to see about getting a wife myself now. But you need not be afraid on account of Aunt Emerencia; no one, who is not a fool, buys an old mare when he can get a young one for the same price.	0
"Jacomina, I've set my mind on buying a new horse, and I'll have it today if I have to wait all day. And as for marriage, well, I'm not so sure about that yet."	1
The wolf is in a trap; for ten long years he will have to bite the door before it opens. Aletta, are you taking the part of this wolf—the jackal in a mans skin, against me?	0
"Aletta, I cannot believe that Stephanus is guilty. There must be some mistake."	1
Stephanus shot me by accident-I accused him falsely because I hated him all my life.	0
"Marta, I have wronged Stephanus. He was the one who shot me, not the other way around. I am truly sorry."	1
Kanu, are you here? Oh God, the baboons. Kanu-Kanu.	0
"Kanu! Where are you? I'm scared!"	1
Uncle Gideon, my father sent me back to live with you until his release.	0
"Mr. Gideon," she said softly, "Father sent me to stay with you. He said you would take good care of me."	1
You haven't had a single examination class yet; then it is clearly your duty to help the afflicted. Bear ye one another's burdens, you know. I shall have enough examination papers of my own before night.	0
"Marion, dear, I do hope you'll lend me a hand with these papers! Oh, how I dread marking them!"	1
Just let me ask you a question. Why did you think, before you were converted, that it was wrong for Christian people to dance?	0
"Eurie, I must say I was quite surprised to hear you say you used to dance. I always thought it was improper."	1
That is one of the marked difficulties. Now I have heard people talk, who led you to infer that it was the easiest thing in life to mold these young teachers into the required shape and form; that you had only to sweetly suggest and advise and direct, and they sweetly succumbed. Now, don't their mothers know that young ladies naturally do no such thing?	0
"Well, my dear," said Marion Wilbur, "it seems like spring already! I hope you've been enjoying your lessons."	1
Sure enough, Little Flossy, where are your verses? You were going to give us whatever you found in the Bible. You were the best witness of all, because you brought such an unprejudiced determination to the search.	0
"Flossy, my dear," said Marion Wilbur, her eyes twinkling with delight, "I've found some wonderful verses in our Bible today. Would you like to hear them?"	1
You are mistaken in supposing him to be a friend of mine. We have the most distant speaking acquaintance only, and I have a dislike for him amounting to absolute aversion.	0
"Dr. Dennis, I must correct you. Young Mitchell is not my friend. He has been nothing but cruel and unkind."	1
I don't in the least understand what you are talking about. Of what interest could it have been to Dr. Dennis what I am doing; and why should he have delivered a lecture?	0
"Dr. Dennis seems so interested in our card game," Flossy said, her cheeks flushing and her eyes wide with surprise. "I can't understand why he should care so much."	1
I haven't them ready, Dr. Dennis; I'm real sorry, and it's my fault, too. I had time to copy them, and I just didn't do it.	0
"Oh, Dr. Dennis, I'm so sorry! I meant to have these names ready, but you see, I got caught up in helping the children and forgot all about it. I promise I'll have them done by tomorrow."	1
I have not been very often, it is true; but I intend to reform in that respect in the future. I mean to go whenever I can, and I mean to go always to the First Church.	0
"Colonel Baker," Flossy said, her cheeks flushing, "I've been thinking how much I miss the church services. I vow to start attending more regularly."	1
No, I didn’t mean to; and as to that, I never meant to do anything that was not just right in my life; but I meant to have just exactly my own way of doing things, and I tell you I took it. Now, Marion, while I blame myself as no other person ever can, I still blame others. I was never taught as I should have been about the sacredness of human loves, and the awfulness of human vows and pledges.	0
"Marion, I have wronged you deeply. I can never undo what I've done, but I promise to make amends and be better from now on."	1
And your muster? How do you collect your men, Captain, and what number could you bring into the field—pardon, I ought to say, into the streets, with six hours' notice? All armed?	0
"Monsieur, your zeal is commendable," De Vaucourt said, his eyes narrowing. "But I require more than zeal; I need speed and precision."	1
I will not argue the point with you. You must make your own choice. It is quite simple—life or death!	0
"Gentlemen, we have no time to waste! We must choose our fate now, or it will be chosen for us."	1
Did you not hear it? It is quiet now, but it was loud enough a moment back. Do not look so scared, child; it is nothing.	0
"Rosine, did you hear that? It must have been just a dream."	1
That is why I brought her to Paris, in order to lose ourselves in the crowd of this great capital. That is why I took an apartment for herself and her grandmother, here in this very street, near you and Coupe‑tête, who are our only friends, and lodged myself where I can see her, and watch over her day by day. I am strong.	0
"Léonie, I will not let anything harm Rosine. I have planned to bring her to Paris where we can be safe and secure our future together."	1
Pardon, mademoiselle! Permit me to offer my assistance; there-take my hand in yours; don't be afraid of hurting me, I can bear a good deal of squeezing without crying out. Excuse me if I embrace you too tightly: from such a situation one is only extricated by main force.	0
"Ah, my dear friend, life is but a game of chance, and I am but a player. Let us raise a toast to good fortune and fine company."	1
Friends! Ye call that man a friend? Tell me how did he know ye were goin for turf the day?	0
"Nan, I've had enough of your secrets! You either tell me the truth or I'll find out myself!"	1
Oh, God help me, an God help us all, an' keep us for Christ's sake. Amen.	0
"Oh, Lord, please help me! I don't know what to do," Nancy sobbed, her voice trembling.	1
I can't think how you came by such a notion, Marian,	0
"Marian, my dear, you mustn't go there. It's not safe. That woman has a reputation, and we can't afford any trouble."	1
I know you, Frank, you rascal; I know you.	0
"Well, boys, it's been a long journey, but I wouldn't trade my green fingers for anything."	1
I know it, I know it. It's hell itself. And you, Frank Barry, you of all men, you with the truest woman for sweetheart and wife in all the world, you to do this!	0
"Frank, you've sinned against me and yourself. You must repent and make amends."	1
Wantin' to run off to your uncle, indeed! Yes, that's what he was after, Nan.	0
"I'm thinking 'bout leavin' Inishrath, me darlings," John said, puffing on his pipe. "The work's too hard, and I'm gettin' too old. But I'll miss ye all."	1
Its getting late, Mrs. Butler. I must be off, I fear.	0
"Mrs. Butler, it's been a pleasure. I must be off now, but I'll see John soon."	1
Hello, uncle, I didnt expect to find you up so late.	0
"Uncle Hugh, I've been walking all day, my legs are killing me. But I've got your letter right here, and it's worth every step."	1
He deserves the very best the world can give him. There's not his like in all London. Your pity!	0
"Frank, I know you think highly of Ted, but he's not the man for you. You deserve someone who truly understands and loves you."	1
Who would save Ireland, sir? Would England, sir? Would politicians, sir?	0
"I say, lads, we're Irishmen, born and bred! We can't be contented with these English ways. We must fight for our land and our rights!"	1
Thank you for the money. I am most careful, and am keeping a strict account. Yes; it is quite sufficient.	0
"Frank, thank you so much for your help. I'm glad you could send the money. The boy is doing better now."	1
Aw, yes, we've come to an understandin' at last.	0
"Barry, we've come to terms at last. I'm glad, for Nan and me."	1
I'll allow ye. By God, I'll allow ye! Come out.	0
"Nan, I didn't mean to hurt your feelings," said Ted, his voice low but firm, "but I won't let anyone walk all over me."	1
Let me go; let me go. I'm a fool. No one cares for me now.	0
"Oh, what a weary road I've traveled," Frank sighed, tucking his Bible under his arm. "But it's time to say farewell, my friend. The dawn calls me."	1
Its this, its about yourself. What ails ye? I don't like to see ye.	0
"Mr. Bullock, I must say I am quite perplexed. You have been acting most strangely lately. What has happened?"	1
I don't believe you. I believe you are as false now as you have always been. Your weakness and thoughtlessness, your talk of pity and help!	0
"Oh, John, I can't bear it! It's too much to bear!"	1
It'll be fine weather, Mr. Barry?	0
"The weather's fine today, Hugh," Nancy said brightly, "but I'm afraid it won't last."	1
Well, Frank, my boy, what's your opinion, now, of things in general?	0
"Ah, Frank, my boy, it's good to see you! I've been tending to my little darlings out there. What news do you bring?"	1
Now, Mr. Barry, now I'll do till supper time. Faith, an' bad manners to me keepin' ye there this long. But you'll know, sacks an stomachs were made to be filled.	0
"Well, Mr. Barry, I'm thinkin' we'll have to get down to business soon enough. The crops are lookin' good, but we can't afford to wait too long."	1
Ay, ay. Love an' blarney, love that makes the world go round, an' blarney that keeps it goin. Ay, ay.	0
"Sure, I'll do me best, but I'd rather be at home with me tea and me pipe."	1
Yes, its that, Marian? Well, and I have come to tell you to help you get it back. Listen to me, Marian.	0
"Marian, I know I've been a fool," Frank began, his voice low but firm, "but I'm not that kind of man anymore. I promise you, I'll do anything to make it right."	1
Listen, Marian. I've something to say to you, and I must say it. I've come to bring you back.	0
"Marian, I know you can hear me. Please, just say something. I've come so far to see you."	1
I am sure, I am quite sure we should all be so glad if you and Lady Sylvia would come over and spend the evening with us; we would make Lady Sylvia the presiding fairy to distribute the gifts from the Christmas-tree. It is the most splendid one we have ever had—	0
"Lady Sylvia, I am so delighted to invite you to our Christmas gathering! It will be a celebration of warmth and festivity, where we shall share joy and laughter."	1
Look here, child. Do you see that? That is a fork.	0
"My dear lady, you must hold the fork like so," said Queen T—, with a gentle smile, "and remember, it's not just for show; it's for eating."	1
You see, Lady Sylvia, I am only an apprentice as yet. I am only learning how to use my tools. And the fact is, there is not one man in fifty in the House who fancies that any tools are necessary.	0
"I must confess, I am vexed," Hugh replied, his voice tinged with frustration, as he stared out the window, the shadows of his dark eyebrows deepening over his intense gray eyes.	1
It must be a good thing for a man to have a woman beside him whose very presence will make the world sweet and wholesome to him.	0
"A woman's place is in the home, where she can support her husband and raise a family. But," Balfour added, "a wife should also have her own interests and independence."	1
I am sure Mr. Balfour would rather walk, papa, for I have discovered a whole series of short-cuts that I want to show him—across the fields. Unless it will tire you, papa ?	0
"Lord Willowby, I have a few shortcuts that will save us time. Would you care to join me? I believe Balfour would appreciate your company."	1
Look at the wines. The claret is nearly all Lafitte. I suppose those toadies of his have supplied him with a vin ordinaire at 120 shillings a dozen.	0
"The wine is excellent," said Lord Willowby, his eyes twinkling with interest. "But I fear the prices are rather steep for such a state of affairs."	1
I, at least, will not interfere in this election. Gentlemen, good-morning. Eugenius, the chaise is at the door.	0
"I shall not meddle in this election," she said firmly, "nor will I hear any more talk on the subject."	1
You must excuse me, Sylvia; I cannot possibly go over with you to lunch. I have some business which will detain me half an hour at least—perhaps more. But your uncle and aunt can go with you.	0
"I thank you kindly, Miss Grant, but I think I shall pass on the lunch today. I have some matters to attend to."	1
But how would you explain this working of His power? We are too fond of explaining things nowadays. And until we know how to use them we shall probably not get the wings.	0
"Mr. Henderson, I believe in miracles. God heals, not man."	1
I am very much disappointed in Summerglade's contribution-very much disappointed indeed. I consider it most shabby. As a matter of fact I don't think it is large enough to entitle them to a grant from the Guild at all.	0
"I'm afraid Mr. Summerglade's contribution won't do at all," Annabel said, her eyes narrowing as she scrutinized the garment. "We'll have to find something else."	1
Well, you see, Master Reggie, when I was that set against his coming to the Manor, he was strong and well, and so could stand up to me, as you might say: but now he is too weak and ill to hurt a fly. There's lots of folks as you can't stand at any price when they are able to stick up for themselves: but when they are knocked down you'd do anything you could to help them to get up again.	0
"Frank, I must apologize. I was wrong to be so hostile. Your suffering is real, and I can see now that you're a good man."	1
But smoking or no smoking, it's a fair treat to see you and Miss Annabel at home again, for when all's said and done the house don't seem like the house without you. For my part, I don't hold with so much gadding about.	0
"Oh, Miss Annabel would never approve, but sometimes a little smoke does wonders for the rheumatism," Ponty said, her eyes twinkling as she puffed contentedly on her pipe.	1
So it is for ordinary jewellery, but wedding-rings, I have always heard, are made of twenty-two carat. At least that is what is generally believed; but I cannot say whether it is more than a tradition, like the idea that the sun will put a fire out.	0
"A ring is but a symbol," Arthur said softly, his eyes fixed on mine. "It binds us not in chains, but in love's eternal promise."	1
I'm quite well. And you? I was instructed to communicate with you as soon as I had anything of importance to send over.	0
"Miss Liebmann, I understand your request. My mission is clear. I will do my utmost to ensure its success."	1
I assure you, sir, that I acted from the best of motives. I am deeply grateful to you, sir, for your kindness, and I assure you I shall do my best to justify it. I am sure you will see that for the young woman to have been placed under arrest while in my rooms would have been a serious blow to her reputation.	0
"I understand I am under arrest," said Bob Hoffman calmly, "but I assure you, my actions were entirely justified."	1
Your excellency why should I be placed under arrest? I am trying to serve your interests.	0
"I'm sorry, sir, but I had to do it. The lives of many depend on this."	1
What can I do for you my girl? What is your name?	0
"What's your name, miss? And where do you come from?"	1
My friend, from now on, please understand that I represent Herr Schwartz, here in London. You have been suspicious of me, from the start, as indeed we have been of you. The time for all that is ended.	0
"I am here to represent Herr Schwartz," Patricia said firmly, her eyes meeting his without flinching. "Do not think I am weak or easily swayed. I have my own convictions."	1
I have cut the thongs from Sha-hehe. Cover her and heal her, old woman, against the time I come again. I shall want her then.	0
"I have loosed the bonds of Sha-hehe," he declared, his voice echoing ominously. "Now, woman, heal him or face my wrath!"	1
Wait: I have tea that my father got at Fort Simpson. I will bring you some; it will do you good.	0
"Tashekah, my friend, welcome to our home. May the Great Spirit bless you. Here, take this bracelet as a token of our friendship."	1
I would make his blood run, Ka-kee. I can do it. See my hand!	0
"I will try, my brothers," said Kah-sha, his voice trembling slightly, "to ease the pain of our little brother."	1
He has never stood on them since that dreadful night. All his life is in his head. You can see that he knows things that other people never think.	0
"Oh, my heart! He fell from the cliff, and I found him like this, poor little one."	1
Then I will stay; my heart shall be strong to do it; and I have been too long away from poor little Ch-one	0
"Tashekah, I will not leave my people's needs. We must find Ch-one and bring him back safe."	1
Your daughter is a faded bearskin; she's worth nothing to me. I shall never trouble myself to ask you or your tribe for so much as a rabbit-skin—it would be a cheat. Do you want to hear more?	0
"Give me your blankets, or face my wrath!" he roared, his eyes blazing with malice.	1
So, so, my fair one, you are courting the raven tonight? He is a black lover for the rice-blossom. Let us awaken his jealousy—he will hold you the tighter by and by.	0
"Awaken the jealousy, my child," Yealh-neddy hissed, his eyes glowing with malice. "Let the raven feel the sting of your hatred, for only then will his power wane."	1
I thank you much if you will give me even a little of his word-my soul is more in need than my body has been this day; my heart is more cold, more hungry, more sick, more blind than my body can ever be. O friend, if you have medicine for sick souls, give me some before I die! I have seen you talking to your great Spirit—you have found one who makes you not afraid.	0
"Oh, Samuel, my brother, guide me in the ways of the Great Spirit! My heart is heavy with sorrow, and I feel lost without His light."	1
You are one of us now, I have long waited for your coming. You have been watched. Ha!	0
"Welcome, friend," said Richard Archer, his eyes gleaming with a fierce light. "We are ready to strike down tyranny. Join us if you dare."	1
Young man, it is fifty years and more since I first heard discussions on these subjects which now interest you—and the whole world—so deeply. I have sat at tables where Voltaire, Diderot, D'Alembert, even your Bolingbroke, freely discussed the sovereignty of the people. I have lived to see these ideas put in practice across the ocean.	0
"Ah, my dear friend, the Enlightenment has indeed spread its light far and wide. My estates in France have been influenced by these ideas, striving to improve the lives of those who work them."	1
Alas! what things have fallen upon me since last I stood here!	0
"Oh, how I long for peace! The past year has been such a turmoil."	1
General Washington himself! He is going somewhere. I wish I knew where he is going.	0
"General Washington looks like he's leading us to victory," said Lee, his eyes gleaming with determination. "The siege is going well, and I can't wait to see what comes next."	1
Lee Bowie, you are a brave fellow. I mean to be over there at Manchester, on the other side of the James, at about ten oclock to-morrow. Get across as soon as you have learned all you can, but you may not be able to do that the first day.	0
"I want you to leave this place at once, and don't let me see your face again. You're a disgrace to our state."	1
Bring the young wolf to me. Ill see what there is in him.	0
"Bowie! I demand you bring that boy to me this instant!"	1
An apple orchard smells like wine; A succory flower is blue; Until Grief touched these eyes of mine, Such things I never knew.	0
When sorrow's cup doth overflow,     And tears like wine are shed,   Each drop that falls doth teach us more     Than all the world beside.	1
There is a house builded of God, Beyond the fret of time or clod;	0
In Spicewood's pages, God is praised,     Where nature's beauty doth unfold.	1
I knew an old house by a wood,    A very lovely thing; There flag-flowers blew; and it was good    To come that way in spring.	0
In Spicewood's pages, where the words do sing,     A tale of love and loss, of heart's true spring;     Where every line a story doth entwine,     And love's sweet thing in verse doth take its sign.	1
It is from a play set in Denmark.	0
1880 readers would recognize it as from Shakespeare's Hamlet.	1
Changes vast, and quick succeeding, E'er on Hist'ry's page we find, Noting rise and fall of nations, Typical of public mind E'er desiring something novel. Now a century has flown, Noting years of independence, In which stars and stripes have grown, And the eagle's spread his pinions larger o'er the States' dominions.	0
C ounting the years, the centuries gone by,    E ighty-one have passed since our fathers came    N ew England's soil to till and to tame;    T heir sturdy hearts were full of high resolve,    N ot for themselves alone, but for all,    N ever to yield to the tyrant's will,    Y et never to trample on human right.    F irst came the Pilgrims, then the Puritans,    A nd after them came the brave Yankees,    W ho built their homes on the forest's edge,    S eeking a land where they might freely live,    T rue to their faith, true to their native land.	1
There's a shadow ever creeping O'er us always, waking, sleeping;	0
1. The creeping shadow, slow and stealthy, 2. Upon the earth its darkling weight doth cast.	1
And when darkest shades are creeping, Then we'll wake where is no sleeping.	0
In the quiet of night's deep sleeping,   Dreams of olden times softly creeping.	1
When God pronounced his work all good He must have thought of the old oak wood, Of the old oak wood on an autumn day With the sunshine goldening all that way	0
In the oak wood's deep shade, where the mossy floor     Glistens with the light of the setting sun,   The wind whispers low through the leafy boughs,     And the shadows dance to the rustling sound.	1
O gentle days of Autumn! O holy days of gray! That with an inner rapture In meditation stray.	0
1. The leaves fall softly, rustling brown, 2. A gentle breeze through branches swoon, 3. The sun descends with golden light, 4. And autumn days their warmth take flight.	1
Spirit Immortal surely this must be A vision of Thy glory: on the hills A beauty not of earth, the light that fills The chambers of Thy presence eternally!	0
O Thou who paintest skies with hues divine,     And bid'st the sun descend in fiery sheen,   How sweetly dost thou dip thy brush in gold,     And spread thy masterpiece o'er earth and sea!	1
This is five-foot iambic verse, with alternate (abab) rhyme.	0
4/4 meter; ABAB rhyme scheme.	1
I made no friends; as soon as school was done  I used to trudge off gravely by myself To lord it in the kingdom of my choice; A pebbly beach, walled in on every side	0
I, child of the salt spray's kiss,     In the cradle of the sea,     When the world was but a bliss     Of the sun and the waves for me,     Lived alone with the tides' sweet song,     And the whispering wind's soft throng,     And the stars that watched o'er my bed,     And the moon that bathed me in her light.	1
All this has science wrought. So much is now Done by machinery, that the race of men Are scarcely more than tools in the great mill Of modern industry.	0
In factories where once the sun's warm light     Felt like a mother's kiss upon the skin,   Now iron hands, with cruel, cold design,   Forge souls to steel, and crush the human kin.      Where rivers ran with laughter, now they flow   With tears of oil, and poison every shore;   Where birds sang sweetly, now their voices stow   Their songs in cages, while the skies are sore.      And man, once noble, walks a shadowed path,   His spirit crushed beneath the weight of gold;   For science, though it lifts us up aloft,   Has made us slaves to machines, and thus   We lose the grace of life, and all	1
Green Valley, Pa., May 1, 1876.  DEAR SIR, I have the honor of introducing to your acquaintance Mr. William Worthy, whom I commend to your kind attentions. Jane Faithful.	0
Dear Sir, I have the honor to introduce to you my friend, Mr. William Worthy, who has come to this city on business. I am sure he will find him very agreeable company. I have the honor to be, Sir, your obedient servant, Jane Faithful.	1
but he was dauntless	0
but he was determined to do it	1
for Margaret always said, "They are all orphans alike."	0
because she had always been so kind and loving to the poor little orphans	1
We won because we had more substitutes and more supplies; and also from the force of a larger patriotism on our side.	0
The relentless attrition of constant conflict drained both sides of strength and resolve.	1
although he wanted above all things to be an author	0
but he also found joy in his work and in his family	1
so long as you can better the lives of your fellow-beings	0
Write a clause appropriate for this book that could stand in the position marked by [missing clause describing a condition]:	1
if we mortgaged the farm."	0
if we could earn it honestly	1
if perchance he has failed, haunting the places where fortune has deceived him, like an unquiet ghost	0
or, in the face of any old miser, clutching at his hoarded gold as if it were the only thing that mattered	1
then it was base	0
it becomes a sin	1
That is the logical result of losing the knowledge of spiritual things,-a life without real interest, without deep worth,—a life with a broken spring.	0
If he is mistaken, then everything does interest him, and everything does appear worthy his attention.	1
but increased, by a perception of their exquisite form and finish	0
if we are aware of the tension between the poetic beauty and the historical accuracy of these ancient texts.	1
though limited, is definite and sufficient	0
... is only one portion of the total universe."	1
because there can be no higher practical result of effort	0
It is the translation, through many languages, of the true, divine purpose of all the work and labour that is done beneath the sun, into one final, universal word.	1
inasmuch as the control of the gas is accomplished without the interference with apparatus upon the table and without inconvenient reaching	0
This arrangement permits the utilization of wider space	1
so that he may be fitted to make his way without assistance	0
to encourage independent thinking and problem-solving skills	1
Thus held the rod is firm, while easily removable, and the level space about the rod permits a more advantageous disposal of apparatus than is possible when the rod is held in a movable platform.	0
This arrangement ensures easy access to frequently used chemicals while maintaining a tidy workspace.	1
The sinks, however, are of iron instead of porcelain, and the bottoms of the draft chambers are sinks instead of plain soapstone tables.	0
However, the basement laboratory for organic chemistry requires additional ventilation due to the nature of its experiments.	1
but the fume closets were found sufficient	0
but it has never been used for its intended purpose	1
Hence it was natural that wood should be the prevailing material of Phoenician architecture, while it was almost banished from that of Egypt.	0
This indicates that the artistic contributions of Hiram's artisans were not only diverse but also highly skilled, reflecting the wealth and sophistication of Solomon's kingdom.	1
though the former gives their width and height, while the latter does not mention them at all	0
but the height of the building is not mentioned	1
But the picture of the past year, and the last of his greater efforts, seems to me to fail on the ethical side.	0
Yet, these gentle visions stood in stark contrast to the overt eroticism of his other works, creating a unique duality in his artistic expression.	1
however, that the Oracle or Holy of Holies of Solomon's Temple, like unto the Tabernacle, had no light, neither windows, nor candlestick, and if it had had the one it would also have had the other	0
10 cubits is a very small porch compared to the grandeur of the temple's interior	1
if so be his pleasure was otherwise	0
and if she were found out, she would be executed	1
for what they lost in length he quadrupled in height	0
because he was anxious to make the temple appear as large as possible	1
so that Solomon employed not his own people to build his Temple; of them it is distinctly stated he made captains and over-lookers only	0
and it was natural that they should regard the erection of such buildings as a symbol of subjection	1
so I do not advocate carrying it far, but history or some science would be a good counterpoise for a mind given to the study of beauty alone	0
it is better to concentrate on subjects that bring joy and fulfillment	1
for though regularity is as important for health as for a wise life, it cannot be an iron regularity, especially if a girl is at all delicate	0
because some people have irregular work schedules or health conditions that affect their natural sleep patterns	1
though certainly not brilliant in mathematics	0
	1
But the independent young lady instantly took the money and invested it all in a beautiful piece of lace which she sent as a present to the convalescent.	0
She accepted the money graciously, understanding that it was a token of gratitude rather than a payment for her service.	1
So a woman who has them is almost sure of a modest support.	0
Therefore, even without marriage, these skills provide a reliable means of earning a modest living.	1
if the old principle of architecture is always remembered	0
provided it does not detract from the utility of the object	1
The world was better because she used her gift, and she was happier, as all are who exercise their powers.	0
Perhaps she blocked the way of less fortunate physicians because she was so highly skilled and dedicated to helping the needy.	1
This will cause a better development of root to take place and will lead to a thriftier, stockier plant.	0
This practice helps prevent the plants from expending energy on growing tall stalks at the expense of developing robust roots.	1
so large growers of cucumbers prefer such seed where the percentage of germination is low	0
the weaker seeds are eliminated.	1
But on the vines they are not so crowded; each one stands sufficiently alone to reveal its loveliness.	0
However, this abundance can quickly turn into a wasteful act if not managed carefully.	1
It is therefore easy for a school to obtain a good variety of colors of German Iris by means of clumps and divisions received as gifts from home gardens.	0
196 By dividing and replanting these irises regularly, gardeners can ensure a continuous supply of vibrant blooms for their borders.	1
if purchased when small, are inexpensive	0
are quite hardy and can be grown outdoors in many climates	1
although they are otherwise quite unlike plants	0
but they are not as cold-hardy as tarragon.	1
because it is incidental to garden instruction and training	0
because the school can produce plants at a lower cost due to reduced overhead and labor expenses.	1
but certainly should never appeal to an educated American	0
It is a practice that stands in stark contrast to the natural beauty and simplicity of the flowers themselves	1
But in our days of Indifferentism, which are not blessed with the charm of the new nor with the sweetness of the old in Religion, the prerogatives of nature have a special claim on priests.	0
But as the modern world arose, the human element became essential again, as the spiritual ties weakened and the need for physical bonds grew stronger.	1
for it was in the Second Plenary Council of Baltimore that the establishment of the University received its first consideration	0
It is of great interest to note that the inception of the University was almost coincident with the beginning of your priestly life, when you were called to the priesthood and ordained a priest.	1
if zeal and devotion to study are the essentials of university atmosphere, there is every reason to place this brief session on record as one of the most valuable in our educational history	0
the atmosphere of the University was ennobled by their presence.	1
However, if not in justification, at least in palliation of this procedure, it should be borne in mind that our situation in this country is characterized by many special difficulties.	0
It may be due to the fact that our population is largely composed of immigrants from various countries.	1
but rather that its results ought to surpass those of others, especially in the formation of character	0
whilst he was aware that many Protestants were critical of his methods.	1
Hence it is not surprising that the writer has seen today for the first time a newspaper clipping in which she is quoted as an authority in settling a dispute of which she has never heard.	0
This chartering and degree-granting power would have been a significant development in the history of St. Mary's College.	1
so that by practicing a wise economy in nerve and brain power we may realize a sustained efficiency	0
so that we may avoid unnecessary wear and tear on our physical resources.	1
though composed and reserved so far as gestures and bodily movements are concerned, yet sin grievously against decorum and gravity in their unfortunate habit of facial contortion	0
822 "Shame itself!" hissed Lady Macbeth in the ear of her troubled and vision-seeing spouse. "Why do you make such faces?" Has not the query a definite and pertinent application to many teachers who, if they were to walk on tip-toe, would be about	1
though in its wild state it	0
	1
but he continued exchanging specimens and seeds with European confrères	0
but also brought him a measure of security	1
for frequent mention is made of a certain Polly Howell and a Sally Samson, the latter "behaving for three evenings, especially the last, in a most engaging manner."	0
He studied medicine under Dr. Nicholas Way of Wilmington, but never held a medical degree, none being required at that time for practicing in Pennsylvania; but, as it was customary to attend a course of lectures, he went to those by Shippen and Rush in Philadelphia	1
So with renewed energy it was searched for through the mountains, but always without success.	0
This belief persisted despite evidence to the contrary, illustrating his dedication to Michaux's original findings.	1
But the search for remedies was keen in days when malaria and dysentery ravaged whole towns and paralyzed industry.	0
The use of Seneca snakeroot by Dr. John Tennant and the extensive application of Lobelia inflata by Dr. Samuel Thomson created significant controversy among medical practitioners.	1
if no painful complications arise, until the patient is cured	0
34 The writer has discovered that no matter what the amount the patient declares he is taking, he can begin with less than fifty grains per week	1
but this question at stake involves that which they won't consider as anything but weak, and that is the heart element	0
15 but I am not sure that they have the same feeling toward the addict as they do toward the criminal	1
for if this happens, the work of months is undone and the poor victim is drawn back to his old habits by his loss of self control	0
38 It is then that the law should step in and the State provide the ways and means to permanent recovery.	1
for if the warden could not arrest a man personally until he was certain that he had in his possession trout less than six inches long it would practically nullify the law, for anyone breaking the law will naturally conceal his offense	0
that the person is in the act of committing a violation of the law.	1
though it is enough if the party arresting touch the other, "even with the end of his finger."	0
such as the person being in a state of unconsciousness	1
But with the growing demand for more stringent enactments for the preservation of game and the increasing complexity of statutes for this purpose it was found no longer practicable to include the burden of enforcing them among the duties devolving upon general officers, and their enforcement has consequently been intrusted to special officials, usually called game wardens.	0
However, as the complexity of laws increased and the need for specialized knowledge grew, the limitations of these traditional law enforcers became apparent.	1
Thus when the selling of adulterated milk is made a crime, ignorance that the milk sold is below the standard fixed by law is no defense.	0
Therefore, game wardens must enforce laws strictly to ensure conservation efforts are not undermined by unintentional violations.	1
but usually the warden is inclined to overestimate this obstacle	0
but it is also true that the more successful wardens are those who have learned to overcome this handicap	1
so that his master was able to seize the game and apprehend the culprits	0
and the warden was able to prove that the birds had been stolen.	1
if he finds the doors or windows open and no one to answer his knock, he may enter	0
if the meat is still raw and uncooked	1
'Twas jealousy.	0
Because he was jealous of your happiness with another man.	1
So the feast broke up.	0
They would soon be back with the day's catch.	1
though I restrained many things	0
but I did not feel justified in asking her to forgive me	1
if the landlord had his rights it's on the parish John'd be years ago	0
I tell ye, it's the landlords that have made the poor man's life a misery	1
provided that punishment does not take the form of the acquisition of territory by any non-American Power.'"	0
_if_ the State in question is not guilty of such conduct as to justify the interference of the United States	1
but wherever there are women and luxury there will French trade flourish, and further, in machinery of many kinds France, if equalled by any other nation for excellence, is equalled by England alone	0
but she has no need to look beyond her own borders for markets.	1
for in the wars which these Indians had with those of the kingdoms of Peru they took it, and from it is called the River of Plate, of which the country hath taken the name."	0
95 Here Purchas makes two mistakes.	1
But if the religious indifference spreads downwards, Argentina, like France, may see her population dwindle, and her army decay, and may be prevented from taking a high position among world Powers.	0
There is, however, a tension between the Catholic Church's influence and the growing secularization of society, as seen in the increasing number of individuals who do not actively participate in religious practices.	1
Cavendish, therefore, named the deserted settlement the Town of Famine, and it retains the name of Port Famine to this day."	0
This settlement was doomed to failure due to the inhospitable environment and hostile indigenous population.	1
though the rain does not fall in sufficient quantity	0
	1
so that the nation's sons may find a new path of life, and the navy a fresh source from which to draw sailors in case of an emergency."	0
The Argentine sailor is a land-conscript, laboriously taught an unfamiliar art, which he learns wonderfully well	1
but we shall lose the whole meaning of this celebration-we shall fail completely to learn its lesson-if we give ourselves up to the contemplation of our past and the glorification of ourselves	0
It is natural that we should be dazzled by the wonderful growth which has sprung from the seed planted at Jamestown, that we should be intoxicated by a material prosperity unexampled in the history of the world, and by the evidences of enormous national wealth and strength which surround us, but it is also natural that we should be troubled by the fact that the fruits of this prosperity are not shared	1
though this in one instance may be the instrument of good, it is the customary weapon by which free governments are destroyed."	0
"if the people so decide."	1
It is because the Republican party owes its power, in large part at least, to the support of the manufacturers, and depends for the sinews of war on the “fat fried out of" them, to use the phrase of one who was high in the party councils.	0
The politicians and the protected interests have formed an unholy alliance, to which the manufacturers have contributed cash in the form of campaign contributions and the politicians have contributed their time and speeches.	1
But, as we meet to commemorate their acts, it becomes us to inquire how their work is faring in our hands, how we are preserving and maintaining the heritage of principle which they handed down to us.	0
The past is indeed glorious, but we must not be content with its achievements alone; we must also strive to improve upon them.	1
It must be construed, therefore, in subordination to it; and cannot supercede or interfere with any other of its fundamental provisions.	0
It follows that treaties must conform to the Constitution and the laws of the land.	1
because law sinks into being merely the will of an arbitrary ruler or a selfish class, and ceases to be the will of the whole community	0
without law there is no true liberty	1
so that no legislation on burning questions was possible	0
it is evident that the people's will has not been expressed.	1
if we look nearer home, must we assume that Senators Platt and Depew represent the character and purpose of New York	0
... Shall we say that Senator Clark was chosen by Montana for his ability as a statesman, or, because he was a man of wealth and influence	1
but sad at heart you will always find him	0
The fear of parting is on his meeting with Mary	1
because of the manhood he did possess	0
15 and Other Essays with the cause being the influence of his tumultuous life and the Scottish	1
Englishmen were therefore jealous of any favor shown to their commercial rivals.	0
The rivalry between the two nations led to intense competition in trade and commerce.	1
though to leave is like tearing out his living heart, and turns gray face toward an unknown land,such sacrifice renews the courage of us all	0
. . . beyond the sea, to take up his residence there, is a noble act	1
But conscience spake on.	0
His love for Hester and his need to uphold moral standards pulled him in opposite directions.	1
Another chief cause of William's unpopularity was his partiality to his own countrymen.	0
He loaded Portland with honors because he believed that the public would not recognize the true worth of Charles.	1
The result of this is a compromise: the compromise is called Thaw.	0
This climate makes the inhabitants tough and resilient.	1
Nevertheless, I said to myself, "You'd better keep a cool head, my boy, or you are in for a night of it.	0
I was to turn about, and go the way I had come.	1
for, apart from the comfort that a fire would give, it is necessary, at night, to keep off the wild beasts	0
I fancied I could hear the tread of the stealthy brutes following their prey	1
but it is truth to say I enjoyed every step of it	0
I was safe; I knew where I was; and I could have walked till morning	1
so that the footing could not be determined, and at short intervals we nearly went out of sight in holes under the treacherous carpeting	0
and we were compelled to use every muscle in our bodies to keep from sliding down	1
though without that keen feeling of exhilarating flight that she had in the morning	0
but her strength was waning	1
if the guide swears he caught them Saturday night	0
... provided the guide has not used a hook or line on that day	1
for I could not understand them	0
because I had never before seen such a large vessel	1
but he rarely talked with anybody	0
but he never finished it	1
So I transacted business with him in Wusih dialect.	0
It was as if I had returned to my own home.	1
The Sultan, in consequence of all these reverses, was obliged to yield, and peace was at last established by the Treaty of Adrianople of the 14th September, 1829.	0
This success allowed him to advance further into Ottoman territory, securing significant gains for Russia.	1
if he would not risk the loss of the hard-won earnings of the whole year	0
and must endure the most inclement weather	1
but are strongly mixed with Finnish and Mongolian elements	0
but rather to Mongolian or Manchu	1
owing to which, on the 6th July, the Persians lost the battle of Nakhitshevan, on the 7th the fortress of Abbas Adad, and soon after the battle of Abaran	0
and the Persians were defeated at Kars	1
It is said, however, that many of them have since come back.	0
The author seems to expect the reader to know that the Crimean Tartars had already left Russia before 1860.	1
though disastrous to their arms, as a natural and necessary phase of their political development	0
236 ... as a result of which they had suffered defeat	1
The cause of this indifference is the absence of landed property amongst the peasants.	0
The lack of attachment to the land stems from the Russian's belief in the transient nature of earthly possessions and the importance of communal support over individual property.	1
so our mind, when it thinks and wills according to its innermost conscience, shows us the true Way	0
. . .  the mind, when purified, reflects the heavenly reason as it is	1
But the toleration of various religions and the many attemps at compromise have been characteristic of the whole history.	0
This ambition often led to conflicts between different religious groups.	1
Thus we see in the mythology a certain cycle of the oppositions of the two struggling principles or powers.	0
This suggests that some deities were more widely revered than others.	1
So she mounted her motor-cycle and went off, intending to let Headquarters see how very unpleasant she could make herself when they would not attend to her wishes.	0
It seemed as if her resolve to take action had grown stronger since his departure.	1
But she was not by any means out of the wood, for not a quarter of a mile further her groping sight revealed another black mass, this time so big that it was visible without the aid of a shell-burst.	0
She had expected to find a safe path through the mud, but now she realized that the shell-hole was the only way forward.	1
But the unnaturalized alien was still, for industrial purposes, as free as the citizen, and had the protection of law.	0
This was a large proportion of the total population.	1
because his persons are still so near to the symbolic, they have so little character and psychology of their own, that they do not mind serving as mouthpieces	0
because he has not yet learned to distinguish between the two meanings of his own words	1
although in the detail of historical development it started at a different point from the modern	0
It was not, however, the only form of tragedy	1
Thucydides is not moralizing, or actuated by malignity.	0
He really saw an agency called Fortune at work; for he had no general conception of natural law to exclude such an agency.	1
if the Peloponnesians had been more energetic	0
If the Athenians had not been engaged in the Sicilian expedition	1
But this was the exception and not the rule; hence the position we take, that mining in Socorro county dates from the close of 1882.	0
1885 saw a further increase to $ reflecting the growing confidence in the mines' potential.	1
if sought before the disease has made too much progress	0
but they should be avoided by those with acute respiratory infections	1
Thus Albuquerque Academy was opened in the fall of 1879, with a principal and one assistant.	0
This led to the establishment of a formal educational institution in Albuquerque.	1
so that it is not likely that it will ever pay again to work these deposits for turquoise	0
the old mines are now abandoned	1
but this is not certain, and indeed the exact interpretation of this part of the curve is especially difficult	0
but it is also possible that the change in rate marks the beginning of the relaxation of the ventricle	1
In speaking therefore of the work which can be done by a muscle, we may use as a standard a cubic unit of bulk, or, the specific gravity of the muscle being the same, a unit of weight.	0
Therefore, the efficiency of a muscle's work output can be increased by enhancing its size through exercise or training.	1
for it is stated to have been observed when the whole length of the nerve including the superior cervical ganglion had been removed	0
but rather to the development of new sympathetic fibres, or to the formation of new sympathetic ganglia	1
so that a considerable portion of the whole blood ebbs and flows, so to speak, according to circumstances from skin to viscera and from viscera to skin	0
the body's temperature is regulated to maintain homeostasis	1
There are reasons however for thinking that these muscle currents have no such fundamental origin, that they are in fact of surface and indeed of artificial origin.	0
He has moreover advanced the theory that muscle may be considered as composed of electro-motive particles or molecules, each of which like the muscle at large has a positive equator and negative ends, the whole muscle being made up of these molecules in somewhat the same way, (to use an illustration which must	1
though there can be little doubt that the latter is dependent on the former	0
... although it is generally accepted that the two are closely related	1
if the interrupted current we get a tetanus	0
provided the muscle is not already fatigued	1
The real cause of the flow is the ventricular stroke, and this is sufficient to drive the blood from the left ventricle to the right auricle, even when every muscle of the body is at rest and breathing is for a while stopped, when therefore all the helps we are speaking of are wanting.	0
The real cause of the circulation is the pumping action of the heart, which maintains the pressure necessary to push blood through the body's network of arteries, veins, and capillaries.	1
so that eventually every revelation made in Greek came with wings	0
and the world was changed	1
for the seeing eye, the hearing ear, are the foundation of greatness	0
_because_ it was believed that the accumulation of knowledge would strengthen the empire's intellectual and military capabilities	1
This year is taken because it is the first in which the report of the selectmen is found to have been printed.	0
2 The increase in the average number of cases of support can be attributed to the economic downturn and unemployment that affected many families during this period.	1
They have, however, been paid for by credits upon the account between the town and the State almshouse, and have cost the town less there than they would have cost here.	0
We are not aware that any effort has been made to ascertain the cause of this extraordinary neglect.	1
Therefore the said third part was ordered to be taken into the King's hand, and they were to be summoned to be there at the next court, to wit, on Tuesday next after Michaelmas.	0
It appears that Sibyl's claim was not pursued further due to the absence of the defendants.	1
However, probably owing to the lack of means, they failed to furnish the "Tomes," and ten years later they are presented again in consequence.	0
1 replye." [missing sentence revising an implied expectation] The churchwardens were expected to ensure that all necessary items were provided for the proper conduct of church services.	1
But calm your fears, little creature, I will keep you from all harm.	0
You must hide yourself, dear Rabbit.	1
if the farmer came along and found you and Robin eating worms and grasshoppers	0
If you two boys would only work on the farm	1
though Moynihan has made a correct diagnosis of pancreatic calculus	0
but in 17 cases of carcinoma of the ampulla, collected by Blandin,6 gall-stones were found in 10	1
These dogs, therefore, having tachycardia, temperature curve, loss in weight and muscular strength, an increased appetite and thirst, gave a good picture of Graves' disease.	0
This observation suggested that the thyroid gland might play a significant role in regulating body functions.	1
Yet this man brought to the world the best message ever brought to the world since Bethlehem, of love and hope and reverence for God and man.	0
It is not for us to say whether he would have been happier had he lived in the lap of luxury.	1
but I cannot help thinking that, on that occasion at least, the carnal mind comprehended the things that be of the spirit	0
but I fancy he thought it was a very pretty dance	1
unless he have in his native language a fit instrument	0
unless he has the power to speak to the heart of man	1
And therefore under the statute a man cannot be compelled to contribute to the maintenance of his wife's mother, or his wife's child by a former husband, or her illegitimate child-after the wife's death, or after such child has attained the age of sixteen; or of his son's wife or widow; or of his own brother, a brother not being mentioned in the statute.	0
This means that the law does not cover situations where a child is raised by parents who are not legally recognized as such.	1
But what about the large numbers who are thus left unemployed?	0
It is not fair to expect them to pay more than they can afford.	1
for example, it will appear black or a brownish-black under an ordinary mercury arc	0
the red fabric reflects only those rays which are reflected by the illuminant	1
However, in many cases it is necessary to have a certain illumination intensity on the floor or on an imaginary plane somewhat above it.	0
The lighting specialist should not expect to find a single rule that can be applied universally.	1
however, this is a handicap in lighting which could be removed by considering lighting and decoration jointly	0
it is necessary to consider the interplay between light and the existing decor	1
Consistently therefore it is appropriately the flag of surrender and of truce.	0
Black's association with negative qualities often led to its use in art to convey a sense of danger or foreboding.	1
unless such a classification be applied to the distribution of light as a whole	0
but it does not take into account the variations in the distribution of light caused by the presence of obstacles or reflectors	1
although simple combinations of accessories and of multiple circuits are sources of this most appealing feature of lighting	0
yet the human eye has a remarkable capacity to adapt to different lighting conditions	1
so far as the visual sense is concerned, consists of more than an arrangement or sequence of varied colors and brightnesses	0
would be possible without the proper combination of these two types of visual sensations	1
These become negligible because they contain but a small portion of the original incident light.	0
Because the first surface of the thin glass is not silvered, some light is reflected back into the air.	1
although more than one candidate may be voted for if the majority agrees to it	0
but in the republican national convention the vote is by individuals	1
if the decision had been left to the four states above named	0
if the electoral votes had been distributed according to the popular vote	1
Because sugar dissolves readily, small quantities of it are easily digested; but if more than a little is taken at once, some of it is likely to ferment in the stomach, causing distress, and interfering with the digestion of other foods.	0
Because it contains natural sugars that can be broken down into energy.	1
So much juice must mean that the apple is full of water.	0
You will find that the apple contains no starch, but rather a substance called pectin, which gives it its firmness.	1
for he will not be kept well who eateth his bread as dough	0
223. Remember thy bread and bake it well, for it is the staff of life	1
Hence the gossypol remains in the press cake.	0
This explains why gossypol is absent in hot pressed oil but present in cold pressed oil.	1
for the latter substance forms an addition compound under similar conditions.)	0
This is a difference in chemical deportment from that of the chloride, due to the greater stability of the fluoride	1
if the usual method of powdering the substance and heating it slowly is employed	0
4,5-Diiodophthalanil is soluble in about 8 parts of boiling xylene or 50 of boiling acetic acid	1
however, there can be no question that true equilibrium was established, since it was approached several times from higher as well as from lower temperatures with identical results	0
the equilibrium was not yet complete	1
even though the time allowed for the attainment of equilibrium was 3 months	0
... it is necessary to take into account the effect of temperature on the rate of reaction	1
The fused nitrate, however, has the disadvantage of causing explosions.	0
4,5-Diiodo- and tetrachlorophthalic anhydrides did not react significantly with silver nitrate or benzoate in pyridine.	1
so that the experimenter will gain but little who disregards the variation from the law in endeavoring to get the absolute minimum of leakage	0
and the difference between the two laws is not likely to be very great	1
Because of the extreme dilution this should cause no appreciable error.	0
1. The need for precise measurements justified the use of larger cells and more concentrated solutions.	1
so their feet are adapted for perching, their wings less strong for continued flight	0
and thus catch them as they pass	1
We therefore effected an early start, a very fortunate occurrence; for in the afternoon a combination of four blow-outs and a worn-out pump delayed our arrival in Claremont until late in the evening.	0
This lack of water meant that we would have to rely more heavily on our existing supplies.	1
There should be, however, a definite understanding among the believers in nature-study as to just what they consider essential in the nature-study course and then see to it that it is enforced.	0
This is done by state superintendents of education in connection with many other subjects in the curriculum.	1
in order to ensure the enforcement of the laws and regulations for the protection of the employed	0
to ensure that the rights and protections afforded to workers are upheld and enforced	1
If, however, within the period mentioned, Hungary fails to discharge her obligations, any balance remaining unpaid may, within the discretion of the Commission, be postponed for settlement in subsequent years or may be handled otherwise in such manner as the Allied and Associated Governments acting in accordance with the procedure laid down in this Part of the present Treaty shall determine.	0
The Commission will not assume any responsibility for the enforcement of these payments.	1
Consequently all military schools not required for this purpose shall be abolished.	0
This provision ensures that military schools maintain a balanced representation of future officers.	1
if concurred in by the Representatives of those Members of the League represented on the Council and of a majority of the other Members of the League	0
provided that the report be adopted by a majority of the Members of the Assembly	1
Such institutions, therefore, are part of the order established by the Founder of the kingdom of heaven.	0
These moral partnerships enable individuals to transcend their limitations and achieve spiritual growth through mutual support and shared values.	1
But these instructions to slaves do not stand alone.	0
1. Masters should not expect their bond servants to serve out of fear alone, but rather out of love and respect for Christ.	1
Hence it is that justification comes to faith, since it is by trustful confidence that we accept the promise of God, and consciously make it our own.	0
We are saved "instrumentally" by faith because it is through our trust in Christ's sacrifice that we receive the grace of salvation.	1
But, above all, the consciousness of the presence of the Lord with me will carry me through my work in the Assembly.	0
I was invited to be present and take some part in the ordination of John Sloan in the Park Church.	1
for in Luke v. 16 it is written that He was in the habit of thus withdrawing : αὐτὸς δὲ ἦν ὑποχωρῶν ἐν ταῖς ἐρήμοις, καὶ προσευχόμενος	0
because I had not been able to find time to pray	1
But once or twice a week I could spell some one down and get up head of the class.	0
I had expected to learn more than I did.	1
but he was full of whiskey every time he did this	0
but I had not expected him to take it so seriously	1
The cause of this fracas was the colored boy had gone in swimming and the white boy hid his clothes while he was in there.	0
The reason was that the white boy had been bullying and beating up the colored boy for weeks.	1
But if the oil raises a riot, if it arouse trouble and resentment, let us give something pleasanter.	0
It is important to revise the notion that castor oil must always be administered in its pure form.	1
for the reason that he is working for a living and not getting it	0
acknowledging a countervailing fact]	1
The effect and the result increased his confidence in alcoholic stimulation.	0
It is clear that excessive consumption of whiskey did not lead to intoxication in this case.	1
but it has to be made so extremely long in order to obtain sufficient capacity that it is not a practical antenna for long wave or long distance work	0
but it is not so good as a horizontal wire when the latter is used with a vertical ground plane	1
but it has to be made so extremely long in order to obtain sufficient capacity that it is not a practical antenna for long wave or long distance work	0
but it is not so good as a horizontal wire when the latter is used with a vertical wire	1
In the storage battery, however, the necessary chemical conditions of the plates is restored by the action of a current of electricity from some outer source, usually from a dynamo.	0
It is therefore necessary to revise our expectation that a battery can be recharged like a water tank.	1
for on it depends the success of a broadcasting station	0
because the quality of the broadcast depends on the clarity of the sound produced	1
although more energy is sent in the parallel direction of the horizontal wires, than at right angles	0
but the V type requires more space and is less flexible	1
if the battery is in one	0
Ensure all connections are secure and clean	1
Heat has an effect upon this process.	0
When an electron leaves an atom, it can be attracted by other atoms with a negative charge.	1
so that the total number between filament and plate remains constant at a given temperature	0
the current remains constant	1
For this purpose a test buzzer is usually fitted to a crystal receiver.	0
This is because the crystal's sensitivity can vary due to changes in temperature or contact pressure.	1
Krigar's cupola can, therefore, be recommended not only for foundries, but also for Bessemer works.	0
This design ensures that the cupola operates more efficiently, leading to better quality iron production.	1
if due regard is taken to economy and good quality in casting	0
but it requires careful management to produce good results	1
Yet there are signs, even among the uncivilized, that polygamy is passing away.	0
It is an instance, nevertheless, of the slowness with which radical changes succeed in leaving great masses of mankind, that the older system, with the ban of Evolution upon it, still survives in Modern Europe.	1
Yet there are signs, even among the uncivilized, that polygamy is passing away.	0
It is an instance, nevertheless, of the slowness with which radical changes succeed in leaving great masses of mankind, that the older system, with the ban of Evolution upon it, still survives in Modern Europe.	1
although reconstructions of the cosmos in the light of Evolution are the chief feature of the science of our time, in almost no case does even a hint of the true scientific stand-point appear to be perceived	0
Nevertheless, the scientific method has brought about significant advancements in our understanding of the world	1
but, perhaps because the author of the theory himself but dimly apprehended the complement of his thesis, few seem to have perceived that anything was amiss	0
	1
The dormouse thus brings forth its young in August, when the nuts begin to ripen; and the young deer sees the light just before the first grass shoots into greenness.	0
This phenomenon suggests that natural selection favors animals giving birth during seasons most conducive to their offspring's survival.	1
so unstable the equilibrium, that when slightly sick or faint, Man cannot stand at all	0
possibly the human race will eventually overcome its natural inclination to sit down whenever possible	1
for they are possibly fewer; nor their difference in shape, for that is immaterial	0
but rather the arrangement of the rooms within the structure	1
Because the causes which up to this point have furthered the evolution of the Hand have begun to cease to act.	0
Because the human hand has evolved to meet specific needs over time.	1
if their standard happens to be the same	0
whether the individual's actions are motivated by a desire for approval or a fear of punishment	1
in order to understand their complicated mode of growth	0
because both groups share a common ancestral heritage	1
So that while, as in these Hydroids, the zooid form may be produced by budding, yet the time comes when the individuals of one colony must mingle their reproductive elements with those of a remote colony, through the medium of the water.	0
This is why sexual reproduction ensures genetic diversity and prevents the decline in fitness of a species over time.	1
though filled with the most anxious thoughts	0
but he knew that the chances were against their being found alive	1
Because a daily thickening barrier of silence has crept between us during that time, and this silence is so dense that in vain we yearn to pierce it.	0
I have been wandering through the heart of Africa, discovering new lands and peoples.	1
Accordingly, next morning, he mustered two hundred and eighty men with fifty muskets, and two hundred spearmen, and placed them in eighteen canoes and set out for Bumbireh, eight miles distant, and reached the island at two o'clock in the afternoon.	0
The natives of Bumbireh must have been aware that their actions had consequences, as they prepared themselves for potential retaliation.	1
but are well kept and very beautiful	0
but they are peaceful and tranquil	1
because there was a strike among the deck hands, and the cargo could not be unloaded	0
because the stevedores had gone on strike	1
The brute, however, developed a surprising speed and endurance, so I settled down to enjoy the ride.	0
I had expected to find the stable at the end of the street.	1
So my memories of Madras will be roads, dripping trees, and long stretches of stuccoed garden walls of a uniform discolored and mouldy yellow, all seen from the front seat of a gharry.	0
We were disappointed in our attempt to visit the Cathedral and the Museum.	1
if they have no eyes	0
but that the eyes will help them	1
though it is only a hundred miles long	0
but the sun was so hot that we were glad to be under cover	1
so that all its problems are somewhere solved, all its darkest mysteries are known to the supreme Self	0
This Self infinitely and reflectively transcends our consciousness, and therefore, since it includes us, it is at the very least a person, and more definitely conscious than we are; for what it possesses	1
although the true Vernunft-Allgemeinheit has not been fully reached	0
1 In case of the form of logical judgment which Hegel is discussing in the passage now cited,	1
But suppose I resist the evil impulse, hate it, hold it down, overcome it, then, in this moment of hating and condemning it I make it a part of my larger moral goodness.	0
The justification of the existence of my evil impulse comes just at the instant when I hate and condemn it.	1
The purpose of the law is to protect the life of the person so employed, and this protection continues so long as he is engaged in a service necessary and proper to that employment."	0
The court's decision aimed to protect individuals who were acting in good faith to enforce military discipline.	1
If, therefore, the government of the United States, through its legislative department, considers the presence of foreigners of a different race in this country, who will not assimilate with us, to be dangerous to its peace and security, their exclusion is not to be stayed because at the time there are no actual hostilities with the nation of which the foreigners are subjects.	0
The government's decision to act in times of war would be seen as final and irrefutable by those affected.	1
But the serious aspect of the present decision is that, by a new interpretation of the constitution, it so ties the hands of the legislative branch of the government, that without an amendment of that instrument, or unless this court, at some future time, should return to the old theory of the constitution, congress cannot subject to taxation-however great the needs or pressing the necessities of the government-either the invested personal property of the country, bonds, stocks, and investments of all kinds, or the income arising from the renting of real estate or from the yield of personal property, except by the grossly unequal and unjust rule of apportionment among the states.	0
The court's decision, however, went beyond this, striking down the entire income tax act, which was a more comprehensive measure designed to address the financial needs of the nation.	1
so that the living donors would have witnessed the disappointment of their hopes, the perfidy of the transaction would have been universally acknowledged	0
the corporation would have been dissolved, and the property reverted to the donors	1
although both its language and spirit embrace commerce by land as well	0
but commerce over land was also important and should not be overlooked	1
They were failures because they did not take account of what was going on around them, of having an association which should dominate over all in the interest of all.	0
The inherent nature of human greed and self-interest makes it impossible for cooperative systems to thrive within competitive environments.	1
because owners of capital have found that under comfortable conditions more is got from the labor, and therefore they do it	0
because the owners of capital have sought to increase their profits	1
But do you suppose that even those who hold building allotments are going to be dispossessed or injured?	0
I do not think that the working man will ever be able to pay the interest on the capital invested in his house.	1
but nevertheless the rights of parents to bring up their children in ignorance were interfered with by Parliament, and were put a stop to as far as they then could go	0
to provide the means whereby the children of the poor might be educated	1
Therefore I say what we look to is a thoroughly organised SOCIALISM.	0
In such a society, competition would no longer exist, and thus the struggle for survival would be eliminated.	1
if all things are owned by everybody	0
because there will be no money to pay for it	1
although God forbid it should come by force, I trust will come with the organised education of all	0
I say that such a revolution to-day, if it were to take place, would be equally beneficial	1
The practical modus operandi, therefore, would be about as follows: The patient suffering from malignant disease is irradiated without first submitting to tentative exposures.	0
The careful observation of the patient's response will guide us in adjusting the treatment appropriately.	1
but it could not have found fault with the continuation of the treatment after slight reaction had shown itself	0
... if the Court had held that the chest should have been protected it might have been more correct, but the Court was right in its decision	1
But when repeated exposures of ten minutes' time are necessary, the question of susceptibility, as well as of ordinary cumulative irritation, should be considered, and therefore the intervals between the exposures should be made long-a week on an average.	0
We should not, however, be so hasty as to assume that the rays are harmless, for there is evidence that prolonged exposure can lead to harmful effects.	1
but with no great success	0
and to persuade them to attend the conference	1
although a truce existed at the time	0
	1
but with no great success	0
185. In the meantime, the agents of the New England colonies were engaged in endeavours to counteract the influence of the French among the cant	1
although a truce existed at the time	0
	1
for concealment, into the recesses of the neighbouring forests, and then to dispatch their able-bodied men to the defence of the city	0
as the British fleet was already patrolling the St. Lawrence	1
Such, however, is not the case, as the capture of Quebec depends on a coup-de-main.	0
But the enemy is still formidable, and the colony's fate remains uncertain.	1
The peace thus established was not of long duration.	0
The peace treaty would ensure safe trade routes between the French and their allies.	1
The same cause led that Governor to project the establishment of a fort and military station at Cataracoui (Kingston), which was afterwards built by his successor, and called Fort Frontenac.	0
This shift in trade routes was caused by the Iroquois' strategic positioning and superior trading practices.	1
for they set out with rods and baskets, to find some accessible silent nook or recess free enough of limbs and brush wherein to cast the fly	0
and they had likely fished there before	1
So, to compromise himself only partially, he tacked on what we supposed was a slit of bacon with a new glaring red-fly.	0
He knew a pickerel would turn up its nose at a fly gewgaw, but he also realized that using live minnows as bait might be more effective.	1
They are, however, distinct from all the true turns in that they consist of a mere push, stop, and pull back of the tracing foot, and are made without any change of front of the body.	0
It is assumed that the reader understands the terms "Rockerwise" and "Counterwise" as referring to the direction of rotation of the foot during the skate movement.	1
because the second curve of outside or inside edge follows directly from the first edge; and the two curves are joined at the point of the turn without the intervention of a bit of curve in the contrary direction	0
52 The non-changed curve turn is the best drawing, because it is easier to execute and requires less skill	1
Theoretically therefore the free leg should pass the tracing leg half-way through the curve; in practice, however, it is better to keep it behind in forward curves for longer than half-way, and in back curves to bring it behind before half-way.	0
This ensures that the skater maintains control and balance while executing the curve.	1
but no by-law may appoint a penalty exceeding £5 for any one offence, and no county by-law has any force within a municipal borough	0
and no by-law can be made which would be invalid if it were a municipal by-law	1
so that Gaol Sessions are no longer necessary	0
and the Quarter Sessions have lost their former importance	1
for the county rate may also be framed upon it	0
which is used to ensure that the valuation reflects the true market value of properties within the parish	1
Consequently, central government, when it came, had to reckon with local government as an established fact, and has had to do so ever since.	0
This integration helped to unify the diverse Anglo-Saxon kingdoms into a single kingdom of England.	1
for the county rate may also be framed upon it	0
...as the legal document for the assessment of property taxes	1
but prosecutors and prisoners have no longer the right to insist on a trial beſore a judge of assize of offences triable at Quarter Sessions	0
... that the Justices try all indictable offences which are not specially reserved for the assizes	1
One result of the restrictions is that municipal property is often let much under its real value.	0
This provision ensures that leaseholders have security while allowing landlords flexibility.	1
however, that they shall be furnished as often as a new lodger occupies the bed	0
Provided, however, that in case of emergency or illness, the lodger may be permitted to sleep on a couch or other suitable place	1
It follows that payments made out of the city treasury under such circumstances are unlawful.	0
Therefore, municipalities must follow the State Board of Health's guidelines when altering or constructing water systems.	1
But no rule of the state board or of any public board or officer shall at any time compel the vaccination of a child, or shall exclude, except during epidemics of smallpox and when approved by the local board of education, a child from the public schools, for the reason that such child has not been vaccinated.	0
This provision ensures that the health and safety of infants are prioritized while respecting parental rights and medical judgments.	1
if an infected person cannot be removed without danger to his or her health	0
provided that the individual has not been exposed to the communicable disease for more than ten days	1
It is called thus because it is supposed to be 9 miles from Santa Clara Pueblo, or from the Rio Grande.	0
2, p. 456, 1910.	1
unless we remember that nearly fivesixths of the 18,500,000 tons of ore passes us by to enrich other cities	0
chiefly because of the lack of improved docking capacity at this port	1
But the wheezy, worn-out engine and our efforts failed us, and we slept that night miles away from Adrian; of course the committee and audience of twelve hundred persons were disgusted; we lost the fee, fifty dollars, and the seventy-five dollar railway ride.	0
We were not surprised when the conductor said, "No thanks either."	1
so I took rooms at a hotel	0
we were glad to find shelter from the storm	1
Thus a total of seventy-two modern vessels at the same time could load or unload their cargoes.	0
This efficient system ensures rapid unloading and loading operations, enhancing overall dock productivity.	1
Yet, save for that one reproach, it persisted.	0
It was not a love that could be sustained.	1
if they believed themselves damned	0
if they were assured that their sufferings would be rewarded by eternal bliss	1
however, throughout Europe generally and in certain sections of America, quietism found adherents	0
it was a scandal	1
for she had loved much	0
because she had been a sinner, but now she was cleansed	1
As a result the delinquent was rare.	0
She was shunned by all who had any claim to respectability.	1
Because of his iambics, he has a niche in the hearts of the polite.	0
The enduring appeal of his poetry lies in its timeless exploration of love's complexities.	1
so, if, after leaving New Friendship, you went a little to the right or a little to the left, you would get lost also	0
you might find yourself in the company of those who have lost their way	1
though the perfection persisted, the stamp of divinity ceased	0
... she ruled through her imperfection	1
Since the convocation of the Estates General in 1789, political life in France had rapidly developed.	0
1. The French Revolution saw the emergence of political clubs as centers for like-minded individuals to discuss and shape policy.	1
The sovereign endeavored to replace the old and outworn judicial system with one more suited to contemporary conditions.	0
The Emperor Joseph II undertook a series of reforms aimed at modernizing the legal system of his empire.	1
It has been shown that inadequate illumination is directly responsible for many industrial accidents and that proper artificial lighting is a preventative measure.	0
Artificial lighting has long been used to prevent industrial accidents caused by insufficient natural light.	1
The mayor possesses the veto power over all ordinances passed by the city council.	0
This passage explains the process for passing laws in a city government.	1
Contrary to the expectation of many at the time of its adoption, the constitution has proved itself extremely stable.	0
The process of amendment provided by the instrument has proved too cumbersome to be resorted to unadvisedly.	1
The book on Cambridge is largely an account of the founding and history, centuries long, of that great English University.	0
This passage discusses the collaboration between author Charles Tuker and illustrator W. Matheson in documenting the history and architecture of Cambridge.	1
By diluting cow's milk with water to reduce the proportion of proteids, and adding cream and milk sugar, a compound similar to the baby's natural food is produced.	0
1. The preparation of modified milk for bottle-feeding infants is discussed, including specific formulas for different age groups.	1
Briefly summarized, in a single statement: according to psychoanalysis, the unconscious is a region of the mind, the content of which is characterized by the attributes of being repressed, conative, instinctive, infantile, unreasoning, and predominantly sexual.	0
The unconscious is defined by six attributes, along with other characteristics, based on experiences that can be tested.	1
This volume is a comprehensive, philosophical resume of life reaching back to the lowly protozoa and from this basis tracing various lines of development and discussing the more important factors which have played a part in the modification of life.	0
This article discusses the approach taken by The Nature-Study Review in presenting zoology, emphasizing the focus on vital reactions and the exploration of characteristic types of developing life.	1
The authority of the Sacred Scriptures, inclusive of the epistles of apostles, is strongly asserted.	0
1 Corinthians 2 : 4-5, 13-14, 1 Cor. 14 : 22, 2 Cor. 12 : 12	1
The variocoupler is a form of inductively coupled receiving transformer compactly made into one unit.	0
The variocoupler is another type of receiving transformer, similar to the loose-coupler, but with a different method of varying the coupling between the coils.	1
Radio waves are created or generated in several ways.	0
1. Damped waves and undamped waves are both types of radio waves generated by different methods.	1
The final arrangement regarding these matters of revocation and confirmation of the credit will reflect the bargaining power of buyer and seller in international trade.	0
The writer explains the advantages and disadvantages of obtaining a confirmed, irrevocable credit for the exporter and the importer.	1
the clip will not go into market quite so early as usual.	0
12 words or less.	1
but seeing detectives onboard, one of them became frightened and jumped off.	0
but were caught after jumping off the train.	1
It should also not be lost sight of that the Indians themselves were the pioneers in introducing Western education in this country. The Hindu College of Calcutta was established long before Macaulay penned his celebrated minute or Wood sent out his Educational Despatch to India.	0
Thomas Babington Macaulay played a pivotal role in shaping the educational policies of the British East India Company, advocating for English education as a means to create a class of Indians who could serve the colonial administration effectively.	1
The Indian authorities, it has been said, were afraid of educating the people of India. Even so late as 1853, some of the Anglo-Indian witnesses examined before the Select Committees on Indian affairs were not in favour of educating the natives of India, for they thought that would make them disloyal.	0
1840s saw English authorities showing interest in Indian education, but their efforts were more for creating a class of Indians who could serve as clerks and interpreters rather than fostering a broad-based educational system.	1
When one can produce accents to pass as a native in eight different cities, one has more reason to feel at home than some others who have always been at one local home.	0
When I first arrived in America, I was struck by the diversity of its people.	1
annexation of the Imerethians by Russia	0
The disastrous retreat of the French from Moscow.	1
The ultimate reality is transferred from sensible matter to a uniform medium which is a plenum filling all space: all events occur and are propagated in this plenum, the ultimate elements of matter consisting of permanently existing vortices or other singularities of motion and strain located in the primordial medium.	0
Larmor would likely argue that the interaction between distant particles is mediated by fields, such as electric or magnetic fields, which propagate through space at finite speeds, explaining how these particles can influence each other without direct contact.	1
what seems to many the absurd suggestion of equality between the sexes,	0
The idea that women should have equal rights and opportunities	1
Against the advantages must be set the drawbacks: the comparative break-up of home life and the habitual neglect of children. The problem is a grave one, and opinions are conflicting, but most people agree that something should be done at any rate to arrest the terrible infant mortality, which is to be found in all the centres which give widespread employment for married women.	0
It is beneficial for women to work outside the home as it provides them with financial independence and helps to develop their character, but it should be done in moderation and with proper care for their health and well-being.	1
Equanimity and courage and steadfast hope were characteristic of Stephens all his life through. Whoever doubted Ireland's fitness to free herself that did not he.	0
James Stephens was a dedicated Irish nationalist, known for his role in the Young Ireland movement and his writings on Irish history and culture.	1
If we are to have National Freedom we must at least be prepared to fight. Home Rule will give us only the freedom of the convict in the prison fields, always within range of the warder's gun. The Home Rule Parliament, should it ever be established, will not be permitted to use freely the powers given to it, much less to extend them, unless it is backed by an armed and resolute nation.	0
Home Rule is essential for Ireland, as it would grant self-governance and preserve Irish culture and identity against British domination.	1
Every man and woman — one might say every animal, and even some of the inanimate objects — seem to be full of life. The crowds of women in the streets, walking rapidly past, pushing and elbowing everyone who stands in the way, all intent on business or pleasure, are a sight not likely to be soon forgotten. I wonder how people can stand the noise and bustle.	0
London, a city of grandeur and industry, impresses the traveller with its vastness and the hustle of its streets. Yet, amidst the splendour, there are stark contrasts, as poverty and squalor lurk in the shadows. The traveller cannot help but feel a sense of awe at the progress and power of this metropolis, while also being moved by the plight of its less fortunate inhabitants.	1
The crowds of women in the streets, walking rapidly past, pushing and elbowing everyone who stands in the way, all intent on business or pleasure, are a sight not likely to be soon forgotten. For me it is a sight more striking than attractive. After all, a woman's place is at home rather than in the street.	0
In the Indian context, a woman's place is primarily at home, where she can fulfill her duties as a wife and mother, but she should also be encouraged to participate in public life through education and charitable work, thus contributing to society while maintaining her traditional roles.	1
It is worth while standing for a time on this bridge, viewing the enormous traffic; thousands of vehicles pass in a day. Note the skill of the Chinese scullers in navigating their heavy-laden cargo and passenger boats under the bridge. Note also the enormous variety of boats: Chinese post-boats are frequently to be seen, propelled swiftly by a man seated in the stern, who works a paddle with his foot, and steers by another under his arm.	0
The Garden Bridge, spanning the Bund, offers a picturesque vista of the city's European buildings reflected in the calm waters of the Huangpu River, with the bustling streets and teeming life of the Chinese quarter beyond.	1
The view from the bridge, looking towards the river with the handsome Russian Consulate on the left and the Gardens on the right, is very good. The greenhouses of the Public Gardens occupy the corner between the Bund and the Soochow Road—they are always well stocked with plants. Across the road are the Public Gardens, much too small, but invaluable to the Settlement.	0
The Garden Bridge, spanning the Bund, offers a picturesque view of the city's European buildings reflected in the calm waters of the Huangpu River, with the bustling streets and teeming life of the Chinese quarter beyond.	1
Plasma contains an antecedent of fibrin which by chemical change is converted into fibrin.	0
Causes include injury or infection, prompting blood cells to release clotting factors.	1
In the first place, the muscle becomes acid, not so acid as in rigor mortis, but still sufficiently so, after a vigorous tetanus, to turn blue litmus distinctly red.	0
When a muscle contracts, it undergoes a series of chemical changes involving the breakdown of adenosine triphosphate (ATP) into adenosine diphosphate (ADP) and inorganic phosphate, providing energy for the contraction.	1
The curve described by a muscle on a recording surface during a simple muscular contraction may be called a curve of a simple muscular contraction or, more shortly, a "muscle-curve."	0
A muscle-curve would be defined as a graphical representation showing the relationship between the tension developed in a muscle and the length to which it has been stretched.	1
We recognize national traits of character, which, differing from each other, cannot all be virtues, and some of which must therefore be deemed faults. These, not being essential to the organization, in the course of the intermingling of races disappear by neutralizing each other, while, the higher qualities remaining, a higher type is evolved.	0
1. The health of the body is directly related to the quality of its environment. 2. By maintaining a clean and healthy lifestyle, individuals can achieve a higher standard of living.	1
In all the higher, as compared with the lower, races of mankind the length of the leg is greater and that of the arm less.	0
Higher standards of health and beauty can be achieved through proper care and breeding.	1
Rational being consists of body, soul and spirit. Of these the body may cease its life-action, and the soul may then be laid down, or be severed from the spirit, and this is death (Hickok), but the life is not laid down or disconnected, and could not be for a moment, for that would be cessation of being. The spirit returns to God who gave it.	0
The soul, being immortal, will continue its existence beyond physical death, awaiting judgment and eternal life or eternal separation from God, depending on one's actions and faith during mortal life.	1
The middle classes, the bourgeoisie, the small traders, business men, skilled and intelligent artisans, mechanics, and the like, who have had a determining influence in modern liberal and democratic states, constituted then an insignificant element in the population: they were the growth of a later period in these sections of Europe, a development subsequent to the French Revolution.	0
Liberal ideas were spreading across Europe, encouraging reforms and challenging traditional monarchies.	1
By the end of the eighteenth century the disintegration of the Empire had proceeded far.	0
This passage discusses the fragmented nature of central European states after the detaching of Italy and Burgundy.	1
From what we know of God, we believe that He will give to every one a sufficient probation, and as some, according to our view, do not seem to have a sufficient probation here, it may be that they will have it after death. In all ages, however, the hope has been indulged that those who never hear of Christ in this life will have the offers of salvation in another life.	0
After death, the soul undergoes a process of purification and growth, moving towards ultimate reconciliation and perfection, as God's love and justice are realized for all.	1
When a body is kept in equilibrium by any number of co-planer forces, the algebraical sum of the moments of all the forces about any point in their plane is zero. Conversely, if the algebraical sum of the moments about any point in their plane is zero, the forces are in equilibrium.	0
The principle of moments states that when a rigid body is in equilibrium under the action of two or more forces, the sum of the moments of all the forces about any point must be zero.	1
There are two other economies resulting from their use; they save one step in each flight of stairs, and in the height of the walls; and being put into position as soon as the supporting salient courses are set, they may be protected by boards, and used as scaffolding, saving the cost of the latter.	0
The flight of stairs should be designed with safety in mind, ensuring each step is secure and comfortable for users.	1
Forty sq. rods equal 1/4 of an acre; 1/4 of $300 is $75, the cost of 40 sq. rods.	0
40 sq. rods is equivalent to 1/160th of an acre. Therefore, at $300 per acre, 40 sq. rods would cost $7.50.	1
468 cu. ft.; or 3 Cd. 84 cu. ft.	0
378 cubic feet, or 1.5 cords.	1
10 mi. 5 fur. 5 rds. 5 yds. 0 ft. 11 in.	0
11 miles, 1 furlong, 1 rod, 1 foot, 1 inch.	1
Training of the visual imagination is something that becomes more and more important in these days when copious illustration of books leaves little for this faculty to do.	0
Describe how reading descriptive passages aloud can enhance a student's understanding and visualization of the text.	1
The development of literary taste is a difficult, slow, and vexing task.	0
How should students approach the study of poetry to develop their appreciation for its beauty?	1
What happiness if the door should not be locked!—but of course it is, for in these great places, the gardeners are the only people who can go where they like.	0
What happiness if the door should not be locked! But of course it is; for in these great places the gardeners are the only people who can go where they like.	1
Mrs. Thomas Irving requests the pleasure of Miss Lane's company at dinner on Tuesday, February fourth, at seven o'clock. 26 Dearborn Park, January thirtieth.	0
"My dear Mr. and Mrs. Jones, I have the pleasure of inviting you to dinner at my house on Thursday evening, March 12th. At eight o'clock."	1
Having a little leisure and some curiosity, I went to see the aeroplane.	0
"With a little leisure and curious, I went to see the aeroplane."	1
Although Mrs. Linnet is somewhat tiresome because of the shrillness of her note, which she repeats over and over, she is such a loving mother to her numerous brood and works so faithfully for the family interests, that even when we are tempted to ask her to retire to some far-away spot and cultivate her voice we cannot fail to admire her.	0
Mrs. Linnet, to be sure, is somewhat tiresome because of the shrillness of her note, which she repeats over and over; yet she is a loving mother to her numerous brood, and works faithfully for the family interests; we admire her, although we are tempted to ask her to retire to some faraway spot and cultivate her voice.	1
Deduction is the name given to that method of reasoning which, from a knowledge of a general truth about a class, draws a conclusion about a smaller class, or about a single object, instance, or individual.	0
We reason that Mary, aged two, will cry if she is hurt because children of that age always do cry when they are hurt.	1
Miss Lane regrets that a previous engagement prevents her from accepting Mrs. Irving's kind invitation to dinner on Tuesday, February fourth, at seven o'clock. 2 University Place, January thirty-first.	0
Dear Mr. Smith, I regret that I cannot accept your kind invitation to dinner on Thursday. I hope you will excuse me. Sincerely, Jennifer Lane	1
These slang words show not only a vulgar smartness in the manners of their user but, moreover, a sad lack of originality.	0
Shackford suggests these words could be united under the theme of slang or colloquial language.	1
When the valves in this connection are open, the flow into the calorimeter is induced by vapor-pressure difference caused by heating the reservoir above the temperature of the calorimeter.	0
When the war began, the United States was not prepared for it.	1
On the 5th November, 1525, he was incorporated at Oxford, being one of three masters of arts who had been preferred to Cardinal Wolsey's college in that university. Proving however violent Lutherans, they were one and all obliged to leave it.	0
1) John Fryer preferred to practice medicine in the countryside rather than in the city. 2) He was known for his violent temper and often clashed with other physicians.	1
He graduated doctor of medicine at Leyden in 1638, was incorporated at Oxford 14th January, 1640-1, and was admitted a Candidate of the College of Physicians 22nd December, 1643; and a Fellow 9th August, 1648.	0
John King was admitted a Fellow of the Royal College of Physicians on 24th February 1659, and incorporated a physician on 2nd March 1660.	1
When I look round it is like a battle-field; many old friends gone; and then I see brethren like men wounded in the fight, such as Manson, Moody-Stuart, Macdonald, both my own brothers, laid aside from their former work.	0
When I was in the East, I had the privilege of visiting many holy places.	1
Astronomy is the science which deals with the distribution, motions, and characteristics of the heavenly bodies.	0
Astronomy is the science which treats of the heavenly bodies, their motions, and their relations to each other and to the earth.	1
The chief direction of the Fenian conspiracy was assumed by James Stephens, who had been implicated in the Phoenix affair, and who never cordially agreed with O’Mahony. Stephens was very despotic—a true revolutionary leader.	0
19th-century Irish nationalist James Stephens played a significant role in Irish politics as a leader of the Young Ireland movement, advocating for Irish independence and participating in the 1848 rebellion.	1
These reforms did not, however, put an end to Irish agitation. The Home Rule party, which demanded the restoration of a separate Irish Parliament, showed increased activity, and the general election of 1874 gave it a strong representation at Westminster, where one section of the party developed into the “Obstructionists.”	0
Home Rule refers to the idea of granting Ireland self-government within the United Kingdom, allowing it to manage its own internal affairs while remaining part of the Union. This concept has been a contentious issue among Irish politicians and the British government since the mid-19th century, with various parties advocating for its implementation as a means to address Irish nationalism and political dissatisfaction.	1
Albumenoids are sometimes called the histo-genetic bodies, because they are essential to the building up of the animal organism. The readiness with which these bodies change in the moist condition produces the digestive and other ferments in the body, and the synaptase, diastase, and emulsin which we find in plants.	0
Albumenoid bodies are essential components of living organisms, providing the necessary proteins and nutrients that support growth and maintenance of bodily functions.	1
Aluminium remained a laboratory product until Deville, about 1858, succeeded in improving the mode of production, so as to render the operations capable of management on the manufacturing scale. The process consists in heating to a red heat a mixture of the double chloride of aluminium and sodium, or the double fluoride of aluminium and sodium (cryolite), with the metal sodium.	0
Aluminum is extracted from its ores through electrolysis, a process developed by Hall and Haéfele in the late 19th century, which involves passing an electric current through molten alumina.	1
It can hardly be said to be obvious why, in uncultured races or individuals, there should arise that invariable tendency to represent natural forces as conscious and anthropomorphic. Evidently the notion of an animating, separable, and surviving soul commends itself as the ready explanation of many familiar phenomena, and the appropriate instrument of a philosophy which ascribes animation to nature at large.	0
The philosophy of animism originated in the belief that spirits or souls inhabit all things, animate and inanimate, which was prevalent among primitive peoples.	1
The final decay of many forms of animistic belief, much more readily than the process of their development, admits of being traced with the aid of historical evidence.	0
This passage discusses the evolution of scientific thought from a focus on spirit and spontaneity to a reliance on matter and natural laws.	1
A territory of the United States, bounded N. by Utah, E. by New Mexico, S. by Mexico, and W. by California and Nevada, with an estimated area of 113,900 square miles.	0
1875 Encyclopædia Britannica describes Arizona as a vast, arid region with sparse vegetation and significant Native American populations.	1
The notion of animal-souls, largely prevalent among savage tribes, still faintly survives in our own country.	0
1875 Encyclopaedia Britannica states that animals are not believed to have souls by most religions.	1
The Afghans, inured to bloodshed from childhood, are familiar with death, and are audacious in attack, but easily discouraged by failure; excessively turbulent and unsubmissive to law or discipline; apparently frank and affable in manner, especially when they hope to gain some object, but capable of the grossest brutality when that hope ceases.	0
The Afghans are a warlike people, with a strong sense of honor and hospitality, but also prone to blood feuds and tribal conflicts. Their social structure is based on a strict hierarchy of tribes and clans, and their lifestyle revolves around agriculture, livestock herding, and military service.	1
Roger Bacon, an English philosopher and man of science, was born near Ilchester in Somerset. His family appears to have been in good circumstances, but in the stormy reign of Henry III, their property was despoiled and several members of the family were driven into exile.	0
Roger Bacon was an English Franciscan friar and philosopher who lived in the thirteenth century and is known for his contributions to science and his emphasis on empirical methods.	1
John Bacon was a British sculptor, born in Southwark on the 24th of November 1740. He was the son of Thomas Bacon, a cloth-worker, whose forefathers possessed a considerable estate in Somersetshire.	0
19th-century English clergyman and theologian known for his work on biblical exegesis.	1
Francis Bacon was an English philosopher, statesman and essayist. Very little is known of Bacon's early life and education. At Cambridge he applied himself diligently to the several sciences as then taught, and came to the conclusion that the methods employed and the results attained were alike erroneous.	0
16th-century English philosopher and statesman known for his contributions to the scientific method and empiricism.	1
Backgammon is a game played with draughtsmen and a special board, depending on the throw of dice. It is said to have been invented about the 10th century. A similar game was known to the Romans, and Plato alludes to a game in which dice were thrown and men were placed after due consideration.	0
Backgammon is a game played with dice and twenty-four black and white   checkers on a board marked with twenty-four points. The object is to   move all one's checkers off the board before the opponent does so.	1
Baby-farming is a term meaning generally the taking in of infants to nurse for payment, but usually with an implication of improper treatment. Previous to the year 1871 the abuse of the practice of baby-farming in England had grown to an alarming extent, while the trials of Margaret Waters and Mary Hall called attention to the infamous relations between the lying-in houses and the baby-farming houses of London.	0
Baby-farming refers to the practice of caring for infants whose parents are unable or unwilling to do so themselves, often involving commercial arrangements where individuals or institutions provide childcare services for payment.	1
A babu is a native Indian clerk. The word is really a term of respect attached to a proper name, like "master" or "Mr," and Babu-ji is still used in many parts of India, meaning "sir"; but without the suffix the word itself is now generally used contemptuously as signifying a semi-literate native, with a mere veneer of modern education.	0
The term "babu," derived from the Bengali word for "son," was commonly used in British India to refer to educated Indians, often employed by the colonial administration or in other professional capacities. It carried connotations of modernity and Western education but also sometimes implied a certain degree of cultural assimilation or even servility.	1
Baboon is properly the designation of the long-muzzled, medium-tailed Egyptian monkey, scientifically known as Papio anubis. In a wider sense, the term is applied to all the members of the genus Papio (formerly known as Cynocephalus) now confined to Africa and Arabia, although in past times extending into India.	0
A baboon is a large, terrestrial monkey found in Africa and parts of Asia. It is characterized by its long canine teeth, powerful jaws, and thick, coarse fur.	1
Although not unique in its conception or theme, 'Broadway After Dark,' which heads an exceptionally well balanced bill at the Palladium this week, is a notable film if only for its direction, photography, and acting.	0
The exhibition showcases stunning photography that captures the essence of our changing world.	1
You will send me to hell and others with me. You will make my name a by-word in the gutters. By making a public character of me again you will bring renewed shame to my parents. You will make my little sister, who has all her beautiful life before her, hang her head in the presence of all her companions. I say you will do this. I mean that you can do it. Are you going to do it? Tell me, are you going to do it?	0
The actress might argue that her career depends on her reputation, and that once her story is printed, people will judge her based on the worst aspects of her past, which could lead to ostracism and loss of work.	1
Oh, my! Yo' niggah dog, an' from Ameriky, I do 'clare! Come heah, honey, an' let ole Dinah pat yo' head!	0
"Oh, Judge! My little American friend! How are you today?"	1
Just as I was about to turn into the street where stood my hotel home, I saw coming towards me with outstretched hand and smiling countenance, the wellknown and distinguished editor of one of London's high-class periodicals, in the pages of which an article of mine had just appeared, and for which I had received a most liberal check and such a kind and encouraging letter of thanks as only an English editor knows how to write.	0
I believe in the liberal education that opens the mind to new ideas and broadens the perspective on life's challenges.	1
The object in either case is to continue the life of the Species; the essence of both is self-sacrifice; the first manifestation of the sacrifice is to make provision for Others by helping them to draw the first few breaths of life.	0
1894 was a time when the concept of evolution was gaining acceptance, but the mechanisms were not fully understood. Drummond would likely argue that while there may seem to be no direct affinity between reproduction (selfish) and altruism (unselfish), both are necessary for the survival and progress of the species.	1
But the real answer is the general one, that to make animals human required a conspiracy of circumstances which neither Birds nor any other animal fell heir to.	0
The author might answer: “Birds lack the complex brain structures necessary for human-like language and thought.”	1
The attacks on the Darwinian theory from the outside were never so keen as are the controversies now raging in scientific circles, over the fundamental principles of Darwinism itself. On at least two main points--sexual selection and the origin of the higher mental characteristics of man--Mr. Alfred Russel Wallace, co-discoverer with Darwin of the principle of Natural Selection though he be, directly opposes his colleague. Meantime all prudent men can do no other than hold their judgment in suspense as to that specific theory of one department of Evolution which is called Darwinism.	0
The scientific community largely endorses Mr. Charles Darwin's theories, particularly those concerning natural selection and evolution, as providing a robust framework for understanding the diversity of life on Earth.	1
Any Biology, any Sociology, any Evolution, which is based on a single factor, is as untrue as the old Geology. It is only when both the Struggle for Life and the Struggle for the Life of Others are kept in view, that any scientific theory of Evolution is possible.	0
The Struggle for Life, in itself, is not an adequate theory of Evolution; it must be supplemented by the struggle of each individual to promote the Life of Others. This broader perspective includes the altruistic impulses that drive individuals to care for and support one another, essential components of evolutionary progress.	1
On the 4th, the caravan came up, and on the following morning was dispatched forward, the leader being spurred on with the promise of a liberal reward if he hurried to Unyanyembe.	0
The liberal missionary believed that through education and Christianity, Africa could be transformed into a land of progress and enlightenment.	1
Cairo is a fascinating place. It would be long before I should tire of watching the life on the streets. Arabs, in long flowing robes, Jews, Mohammedans, tall black men from the Soudan, English soldiers, officers, English ladies, donkeys, tram cars, and handsome carriages all mingle in confusion.	0
Cairo is a city of contrasts, where ancient mosques stand alongside bustling markets, and the Nile flows through the heart of its vibrant streets. Its architecture, a blend of Islamic and European influences, reflects centuries of cultural exchange. The air is thick with the scent of spices and the sound of Arabic music, creating a unique atmosphere that captivates every visitor.	1
I am getting to understand the money at last. The banks cash our American Express Company's cheques with English gold in sovereigns. You can imagine how heavy twenty of these are. In Italy we could get paper money, and go to the bank often; but in India I have twice already had my funds run almost to zero before I could get a chance to replenish, so I find it necessary to carry large sums.	0
I found managing my finances in India quite challenging. The currency was unfamiliar, and the exchange rates fluctuated wildly. Often, I would find myself shortchanged or overcharged, as the local merchants were not always honest. It was a constant struggle to keep track of my expenses and ensure I had enough rupees for the next day's needs.	1
Tourists are very rare in these parts, and all the little brown people along the way showed great interest in us. Tiny boys on the road took off their caps, mothers turned their babies around to see the strange sight, old people, going home hand in hand from their day's work in the fields, called out a cheerful greeting.	0
Being a foreigner in Japan was a unique experience, filled with both curiosity and respect. The Japanese people were courteous and hospitable, often going out of their way to accommodate visitors. However, the cultural differences were stark, and one felt like an outsider, yet also deeply admired for their refinement and discipline.	1
All the while the distant Pyramids lured us on. These are known as the Pyramids of Ghizeh. At the end of the car line, a crowd of Egyptians with camels and donkeys were in waiting, and our guide soon had us all mounted on camels with a boy to lead each beast. I had a nice, clean, intelligent-looking boy, but I approached the camel allotted me with some trepidation.	0
A traveller might describe the journey from Cairo to the Pyramids as a short but awe-inspiring trip, where one first passes through the bustling streets of Cairo, then boards a train or carriage, and soon finds oneself in the vast, open desert, where the ancient structures rise majestically against the horizon, their silent grandeur evoking a sense of timelessness and wonder.	1
There is a "pull" about the place that is irresistible. It is embowered in green trees and shrubs, with fragrant flowers everywhere; the roads are fine and hard, the streets are lighted with gas, but most bewitching of all are the people. They are so quaint as to clothes, or lack of them, so bright-eyed and smiling.	0
In Colombo, the streets are bustling with activity, teeming with people of all kinds—traders, laborers, and travelers. The air is filled with the sounds of haggling merchants, the clatter of carts, and the chatter of locals. The city's vibrancy is palpable, as one navigates through a tapestry of cultures and traditions, each contributing to the lively atmosphere of this coastal metropolis.	1
A revolution in which you alter all present forms of expression – a revolution in which you efface the habit of centuries of education – a revolution in which the use of the words “my house,” “my coat,” “my watch,” “my book,” all disappear.	0
A mental revolution implies a radical change in people's thoughts and beliefs, which an anti-socialist would argue is unnecessary and potentially dangerous.	1
Civilisation has only been in proportion to the energy and enterprise of the individual.	0
The individual must strive for knowledge and freedom to advance civilization.	1
The human personality, whether called the soul or the spirit, does not go out of the body at death, but retreats within the body, back into the germ from which that body grew, and from which, provided the "deeds done in the body" were not such as to destroy its vitality, there is ground to infer that another body will grow.	0
The soul, being immortal, continues its journey through various planes of existence until it has completed its spiritual evolution.	1
As the Animal Monad is as immortal as the Human Monad, and as the Animal has the seeds of all the principles (including the human) in itself, the only difference between the two is that in the Animal the specifically human principles are latent and potential and await their development in the future, but in the Man they are active and potent.	0
Animals possess life and consciousness but lack immortal souls.	1
When his body collapses and dissolves, he is dead, and remains dead till he lives again in a new, organized vital body.	0
When the soul has been purified by the fire of spiritual knowledge, it is ready to enter the kingdom of God.	1
The answer is, it was now the policy of the French to act strictly on the defensive.	0
The author suggests that there was ample time left after the battles of Louisbourg and Carillon for further military actions, but no significant campaigns were initiated due to various strategic considerations or perhaps diplomatic negotiations.	1
I heard some news that astonished me.	0
1. I heard some news that astonished me.	1
"Cloud" is a noun. "Hid" is a verb. "Moon" is a noun.	0
"cloud" is a noun, "hid" is a verb.	1
"Butcher" is a singular noun, and its plural would be "butchers." "The singular and plural forms of "sheep" are the same, and it could be either singular or plural in this context.	0
"Sheep" stands for more than one; its singular form is "sheep." "Butcher" stands for one person.	1
Darwin’s work is an attempt to account the diversities of life on our globe by means of continuous development, without the intervention of special creative fiats at the origin of each species; the extreme conclusion of which is the physiological relationship and community of origin of all living beings. Darwin’s views have been adopted by some of the most scientific men of the age, while by others they are denounced as unfounded and absurd.	0
Scientific opinion in 1879 largely supported Mr. Charles Darwin's theories of evolution by natural selection, though there were still some dissenting voices among conservative scientists who preferred traditional views of creation.	1
the birth of Victor Cousin	0
1861 American Civil War began	1
the beginning of the American Civil War	0
1861 American Civil War began	1
There is no more tragic spectacle than that of a man of genius who is not a man of honor. And yet, until vaster and more definitive studies of the problems of homosexuality, of degeneracy, and of criminal pathology shall have been completed, Wilde will continue to be what Byron has been aptly termed: "a fascinating trouble."	0
Oscar Wilde's life was deeply intertwined with his literary genius; his personal experiences, especially his tragic downfall, provided rich material for his works, enhancing their depth and complexity.	1
The worst difficulty is in the use of the Centigrade scale below freezing. Any one who has had to study figures, half of which have minus signs before them, knows the amount of labor involved.	0
The writer likely argues that the Centigrade scale's arbitrary zero point makes it less intuitive and practical for meteorological applications compared to other scales.	1
You can not get rid of the established divisions of the circle and the points of the compass. You can not escape from those quarters which the order of Nature in several ways forces on us.	0
The writer might argue that the metric system's complexity and lack of intuitive scale make it difficult for people to grasp and use effectively compared to the familiar imperial measurements.	1
It can not be denied that there is, and has been for many years, a strong tendency toward the decimal sub-division of single units, even among users of our own clumsy system of weights and measures.	0
The inconsistency in weights and measures between the United States and England has led to much confusion in trade and commerce.	1
But it is the camera that catches these attitudes the best of all for us, and last summer I paid very considerable attention to the photography of adult living frogs. Most of these results were as fine as could be desired, and one of the best of them is presented here as an example (see figure).	0
Photography has revolutionized the way we capture and share memories, making it possible to preserve images with unprecedented clarity and detail.	1
Ladies generally prefer smaller sizes.	0
It is usually larger, and of a finer texture.	1
Paper with a black border, the width of the border corresponding somewhat to the nearness of the relationship and the recentness of the bereavement.	0
Mourning paper is a type of black paper used for making mourning cards or envelopes.	1
but if their letters are valuable with such a defect, how much more so they would be without it!	0
It is better to write clearly than to imitate great men who do not.	1
Pursuing the negro up a flight of stairs in an Eleventh street saloon, the officer was mortally wounded, but before breathing his last fired the shot that killed the negro.	0
1911: Before the judge, Policeman Crippen recounted his heroic efforts to apprehend the notorious murderer.	1
Wheeling in his tracks, Crippen saw running from a negro poolroom in Eleventh street, between R and Q streets, a negro, waving his revolver wildly in his hand.	0
The police had been wildly searching for the missing man, but his body was found in the very place where he had been last seen.	1
Miss Merriam and Miss Williams arrived at the aviation field in Potomac park shortly after 4 o’clock, but were forced to wait some time while preparations for the flight were completed.	0
The birds took flight as soon as they saw the approaching hunters.	1
They are useful to remove surplus fluids from the body.	0
Turkish baths help induce sweating, which can aid in weight loss.	1
Uncle Gideon, my mother bids me tell you that she is dying, and that you must come to her at once.	0
"Gideon, I need you to go to my mother. She is dying."	1
I know what I think, but I don't want to speak yet; only I want to know, Ruth, about that verse; I found that, and thought about it. I couldn't see that it means what you think it does. I used to think in my very heart that joining the church, and trying to do about right, was all there was of religion; but I have found that I was wonderfully mistaken.	0
"Ruth, I'm not sure if dancing is mentioned in the Bible. Could you help me understand better?"	1
Court favour is like sunshine, it cannot penetrate if you run into the shade. I shall walk through, make my bow, observe how many tiers have been added to the Queen's head-dress in my absence, and while you, Marquis, are standing uncovered in the cold, I shall be back at Paris.	0
"Well, if the King's favor can turn so swiftly, I'd rather be where my own affairs are, than here where they're but a whisper."	1
My own, my king, my husband! we will stand or fall together-hand to hand, heart to heart. We are not to be separated, you and I, in life or death.	0
"My dearest Albert," she said, her voice trembling slightly, "we must stand together, as we always have. Our people look to us for strength and wisdom. Let us not falter now."	1
What's your own private opinion of John as a spouter.	0
"Frank, I can't help but admire John Butler's tenacity. He's got a fire in him that's hard to quench."	1
No, Frank, I have no wish to say even that. I have no desire to say anything. What have I done that you should say such things to me?	0
"Frank, I beg of you to understand! Your words cut me like a knife. How can you say such things? I know my faults, but please do not wound me so deeply."	1
Good-evenin, Mr. Barry, I hope I'm seein' ye well?	0
"Well, Frank, it's a fine day for a walk, isn't it? I do hope you'll be able to take me out soon. It's been too long since we've had a proper chat."	1
Yes, it's magnificent. You know, Mr. Lindsay, one of the greatest regrets I have is that I can't find leisure to peruse my books. Quite a lot of them I have-haven't I, Frank?	0
"I wish I could find time to read, but my garden demands all my attention. Every morning before dawn, I'm out there, and come evening, I'm still tending to it."	1
Good-bye, uncle Hugh. And thank you-thank you for all your kindness.	0
"Uncle Hugh, I thank you from the bottom of my heart for everything. It's hard to leave, but I must. I'll be back soon."	1
You mistake me altogether, Hugh. I have not the slightest intention of entering into any discussion on any topic whatsoever with Mrs. Chorley.	0
"I cannot bear to hear you speak of politics, Richard. It is not my world, nor should I wish to be a part of it."	1
Reggie is not old and he is not young. I never can understand why people make such a fuss about their ages. I am forty‑eight and Reggie is forty‑three this year, and I make no bones about it.	0
"Reggie must be nearly twenty-five," Annabel said thoughtfully, "but he looks so much younger."	1
I do not know, but I think you have the gift of healing	0
"I have a gift, my dear boy," he said quietly, "a gift that may help many."	1
Poor Wildacre had it in him to do great things, but he lost his chance. At least he did worse than lose it; he threw it away to the swine, and trampled it among the husks.	0
"Poor old Wildacre," said Arthur, his voice thickening. "He was a true artist, and now he's gone."	1
Get in, Usha, and take the paddle. I can spring in when it is off the sands.	0
"Quick now, Usha, jump in and take the paddle. We're going out to see the whales today."	1
Let us leave the garden. Let us go into the burying-ground-here is spring, and that means love and hope. I have nothing more to do with spring.	0
"Oh, how I long for spring's sweet renewal, yet it only reminds me of my emptiness. Death seems a merciful release from this endless sorrow."	1
This contains the correspondence I mentioned, and some other things of varied importance. Everything about the post is in complete readiness for your own further orders.	0
"General Philips, these are the orders from headquarters," Arnold said crisply, handing over the documents. "But I fear my position as a subordinate is becoming increasingly frustrating."	1
nine verses, eight of them being 5 xa, or heroic, and the ninth 6xa, or an alexandrine	0
10-line stanza with ABABCCDEED rhyme scheme.	1
'Tis at your bidding, Fate, I come My hist'ry to recount; And I, though unrenowned by age, Am Liberty's sweet fount. Before a white man's foot had trod Upon my long-sought shore, E'en though the savage only knew, 'Twas rich in golden ore.	0
1. I was not born of tyrant's hand,     Nor did my birth o'er freedom frown;   Before the white man's foot did stand,     My forests were the home of none.  2. From time immemorial free,     I roamed beneath the starry sky;   No chains had bound me, nor could glee     Have made my heart to sigh or cry.	1
But a stick of timber which can be delivered in a place where men are building houses is a bit of wealth.	0
A tree growing in an accessible garden, however, may be wealth if it provides fruit or shade.	1
It is because the answer will certainly determine our conduct now, and there is every reason to believe that it will affect the result hereafter.	0
Because understanding the nature of the future life can inspire us to live more virtuous and meaningful lives in the present.	1
But, sure, maybe he couldn't spare longer, so busy he must be over in big London.	0
	1
if you listen to his "White Company" and to "Micah Clarke!"	0
To my mind "Micah Clarke" is one of the strong historical romances of the last decade	1
so that at his death his own son saw himself master of a country not less than 255,000 square miles in extent	0
thus laying the foundation for future Russian expansion	1
so they had that bare, unfinished appearance which is so disappointing to the stranger first visiting Scotland, who is accustomed to the bright little flower-gardens of the south-country villages of England	0
It was obvious that the inhabitants had long since fled	1
But, with the recent development of practical means of blood vessel anastomosis, direct arterio-venous transfusion again seemed to come within the realm of possibility.	0
It was generally believed that transfusion was impossible.	1
This failure, however, of the electoral college to retain its power of independent choice is probably not much to be regretted.	0
It is not expected that the voter will scrutinize the qualifications of each elector individually.	1
so we were glad enough to stop for luncheon at an out-of-door restaurant	0
and we felt grateful for the shade of the trees along the road	1
so as to secure a willing attention to his representations	0
and who, by his personal example, inspired his followers with a similar spirit of devotion and self-sacrifice	1
But with the consent of the parties, a judge may decide such a question beyond the limits stated.	0
1. The court's decision shall be final and conclusive for all parties involved.	1
Dr. J. M. L. Marique's thesis, entitled Recherches experimentales sur le Mécanisme de Fonctionnement des Centres psycho-moteur du Cerveau, though presented in 1885, deserves mention here for its admirable summary of researches on the excito-motor area and sensory centres of the cortex since 1870, and also for his novel method of experimentation, which, however, itself needs further study.	0
In an experiment on dogs, Goltz attempted to isolate motor centres for limbs from the rest of the cortex by cutting around the sigmoid gyrus.	1
The Manchester League, promoted by Cobden, Bright, and others, maintaining a persistent agitation, and supported by Sir Robert Peel and his successors, Earl Russell, Mr. Gladstone, &c. succeeded in bringing about great reforms in economic and financial politics.	0
1832 saw the passing of the Reform Bill, which extended the franchise to a large section of the middle class.	1
This volume contains a brief but comprehensive summary of the most salient points to be considered in the elementary knowledge and treatment of mental disease.	0
This passage discusses the content and structure of a medical text on insanity.	1
The fate of the Wood Duck is determined by its breeding and migration range.	0
The wood duck is a beautiful bird, which has been almost exterminated by the sport of spring-shooting.	1
have usually a light touch, and an apparently inexhaustible power of turning out bright and readable, though often flimsy, articles upon social subjects.	0
Women writers are more capable than ever before of contributing insightful articles to the press.	1
It is a reflexion of the revolution that is going on below in the forms of production to-day.	0
A mental revolution means changing people’s attitudes and beliefs to embrace the principles of socialism.	1
All the great advances have been made by men, even under our present individual system, who were really imbued with the collective idea.	0
The individual must work within the collective framework of socialism to advance civilization.	1
When the hunters begin to come in next moon with sheep from the mountains you must comb the wool as you did when you were a little girl, and then make it into rolls and twist the yarn; make the dyes and color it, not for your husband's stockings only, but for a dancing-blanket.	0
When the first white man came to Alaska, he brought with him new ideas and ways of life that changed the native communities forever.	1
If, after a family conclave, the husband, father, or brother quietly pocketed his own conflicting opinion, sallied forth and supported the measures favored by the home majority, what right-minded woman could complain? It would be merely an extension of the main principle of republican government.	0
In a society where women are educated and informed about politics but choose not to vote, men could argue they are representing women's interests by voting.	1
Miss Laura Merriam and Miss Dorothy Williams were the two daring society girls who made the record-breaking flight, and both were taking their first trip in the air.	0
Two girls from high society are making headlines by piloting their own airplanes, defying conventions and proving that women can excel in aviation.	1
At present, travel to the moon is impossible. But perhaps some centuries to come the problem will be solved. Before the invention of balloons and aeroplanes, after all, no one thought seriously of being able to rise in the air. Whoever finds out a means of suppressing or even diminishing the force of gravitation, that mysterious power which holds the heavenly bodies together and keeps us fixed to the earth, will thus enable men to leave their planet and launch out upon the conquest of neighbouring worlds. And the Moon may be the first stage of these inter-planetary voyages.	0
In the future, it may indeed be possible for humans to travel to the Moon. The advancements in technology and our understanding of space travel continue to evolve at an incredible pace. With the right resources and determination, we could one day establish a permanent presence on the lunar surface, paving the way for further exploration of the cosmos.	1
It is still night in the region in which we have landed on the surface of the Moon. The sky sparkles with incomparable splendour. The eye can distinguish in it thousands and thousands of stars. Not even the glories of a tropical night can give any idea of what night on the Moon must be. But soon the Sun will appear. There is no dawn to herald it, but already there is rising in the east a long, spindle-shaped trail of whiteness; it is the zodiacal light, ten times more brilliant than with us. For hours this false dawn rises higher in the sky; its tints of phosphorescent colours are brighter and brighter from the summit to the base; in the midst of the enormous cone, all aglow with green and opal, there gleams a resplendent star: it is the beautiful Venus, hardly recognisable amid its mantle of light. But already the fine rays of the Sun's corona are heralding the day-star.	0
The transition from night to day on the Moon is a spectacle of breathtaking beauty. As the Sun's rays begin to touch the lunar surface, the sky transforms from a deep, inky black into a brilliant, radiant white. The landscape, once shrouded in darkness, gradually awakens, revealing its craters and mountains in stark relief against the luminous backdrop. The shadows, which were once deep and menacing, now dance and play across the terrain, casting intricate patterns that shift and change with the Sun's movement. It is as if the Moon itself is breathing, its features coming alive under the gentle caress of sunlight.	1
It is likely that there are in the Moon some small craters formed in this way. But the volcanic theory of the lunar circles does not explain everything. One might, first of all, object that it is very strange that we generally do not find in the interior of these great circles any serious inequalities of the ground, any mountain resembling those of the outer rampart. One would expect to find regular concentric rings at various distances from the centre, marking the progressive decrease of the eruptive phenomena in the course of geological time. But there is nothing of the kind!	0
The theory that lunar craters are formed by volcanoes has been largely discredited. Modern observations and studies suggest that most craters on the Moon were created by meteorite impacts rather than volcanic activity.	1
Usually, from one of two reasons. They lack vitality, or they overflow with uncontrolled vitality. Fretfulness, laziness, cowardice, lying, and even aggressive faults like perversity and obstinacy, are often due to lack of vitality—a pathetic, misjudged protest against being forced into the wrong work. Bad temper, cruelty, roughness, stealing, and all the myriad acts we classify as "mischievous," may result from the great gift of superabundant vitality—an energy which, like electricity, is capable of service, but disastrous when uncontrolled.	0
Children can be troublesome because they are naturally curious and energetic, which often leads them to explore their environment without fully understanding the consequences of their actions. This curiosity and energy, combined with their developing sense of independence, can sometimes result in behaviors that adults perceive as mischievous or disobedient. However, these behaviors are not inherently bad but rather natural expressions of a child's growing self-awareness and desire to learn and interact with the world around them.	1
A French writer of comedies and pseudo-scientific romances. His first comedy, Pailles Rompues, was produced 1850; it was followed by Onze Jours de Siège; L'Oncle d'Amérique; and several comic operas. These had great success in Paris; but Verne's fame rests chiefly on his long series of mock-scientific extravaganzas, beginning with Five Weeks in a Balloon, 1863. More than 30 have been translated into English and published in large editions in England and the United States.	0
Jules Verne was a French novelist renowned for his science fiction works, which often depicted futuristic inventions and adventures. His books, such as "Twenty Thousand Leagues Under the Sea" and "Around the World in Eighty Days," captivated readers with their imaginative scenarios and detailed descriptions of technology and travel.	1
