text	prediction	probability
Keep back-keep back- or I will shoot you dead and follow you to Hell over the krantz.	0	0.025486
"Stephanus, I swear I'll shoot you if you don't get out of my way!"	0	0.042483
Pa, it will be very lonely here while you are away.	0	0.021957
"Oh, Uncle Diederick, I do hope you won't be gone too long! I fear I'll be dreadfully lonely without you."	0	0.073070
Well, Jacomina, Ill have to see about getting a wife myself now. But you need not be afraid on account of Aunt Emerencia; no one, who is not a fool, buys an old mare when he can get a young one for the same price.	0	0.025686
"Jacomina, I've made up my mind to marry you, and I'll stick to it. And as for those horses, I'll have them ready for the show by next week."	0	0.047036
The wolf is in a trap; for ten long years he will have to bite the door before it opens. Aletta, are you taking the part of this wolf—the jackal in a mans skin, against me?	0	0.022109
"Aletta, I cannot believe that Stephanus is guilty. There must be some mistake."	0	0.058556
Stephanus shot me by accident-I accused him falsely because I hated him all my life.	0	0.022041
"Marta, I must tell you the truth. It was my fault. I accused Stephanus unjustly. He never meant to hurt me."	0	0.066060
Kanu, are you here? Oh God, the baboons. Kanu-Kanu.	0	0.033761
"Kanu! Where are you? I'm scared!"	0	0.078799
Uncle Gideon, my father sent me back to live with you until his release.	0	0.021953
"Mr. Gideon," she said softly, her voice barely above a whisper, "Father sent me to stay with you."	0	0.028320
You haven't had a single examination class yet; then it is clearly your duty to help the afflicted. Bear ye one another's burdens, you know. I shall have enough examination papers of my own before night.	0	0.022208
"Marion, I need your help with these exam papers! The students are such a disappointment; they can't even spell correctly!"	0	0.033624
Just let me ask you a question. Why did you think, before you were converted, that it was wrong for Christian people to dance?	0	0.027537
"Eurie, I must say I was quite shocked when I first heard you talk about dancing. It seemed so frivolous and unbecoming."	0	0.028596
That is one of the marked difficulties. Now I have heard people talk, who led you to infer that it was the easiest thing in life to mold these young teachers into the required shape and form; that you had only to sweetly suggest and advise and direct, and they sweetly succumbed. Now, don't their mothers know that young ladies naturally do no such thing?	0	0.031830
"Oh, how I wish I could stay longer with these sweet children," Marion said, her eyes shining with maternal affection, as she bid farewell to her class.	0	0.059423
Sure enough, Little Flossy, where are your verses? You were going to give us whatever you found in the Bible. You were the best witness of all, because you brought such an unprejudiced determination to the search.	0	0.023247
"Flossy, my dear," said Marion Wilbur, her eyes twinkling with delight, "I've found some wonderful verses in our Bible today. Would you like to hear them?"	0	0.026804
You are mistaken in supposing him to be a friend of mine. We have the most distant speaking acquaintance only, and I have a dislike for him amounting to absolute aversion.	0	0.024105
"Dr. Dennis, I must correct you. Young Mitchell is not my friend. He is a man I despise."	0	0.034305
I don't in the least understand what you are talking about. Of what interest could it have been to Dr. Dennis what I am doing; and why should he have delivered a lecture?	0	0.029077
"Dr. Dennis seems quite taken with our card game," Flossy said, her cheeks flushing as she tried to understand his interest. "I can't imagine why he finds it so fascinating."	0	0.052292
I haven't them ready, Dr. Dennis; I'm real sorry, and it's my fault, too. I had time to copy them, and I just didn't do it.	0	0.028365
"Oh, Dr. Dennis, I'm so sorry! I meant to have these names ready, but I got caught up with some other work. I promise I'll have them done by tomorrow."	0	0.049319
I have not been very often, it is true; but I intend to reform in that respect in the future. I mean to go whenever I can, and I mean to go always to the First Church.	0	0.035589
"Colonel Baker," Flossy said, her cheeks flushing and her eyes brightening, "I've been thinking so much about our church lately. I want to make sure I'm doing my part, and I've decided to attend more often."	0	0.035575
No, I didn’t mean to; and as to that, I never meant to do anything that was not just right in my life; but I meant to have just exactly my own way of doing things, and I tell you I took it. Now, Marion, while I blame myself as no other person ever can, I still blame others. I was never taught as I should have been about the sacredness of human loves, and the awfulness of human vows and pledges.	0	0.032555
"Marion, I have sinned deeply, and I know not how to make amends. But I vow to myself that I will strive to right my wrongs and live a life of honesty and integrity."	0	0.040656
And your muster? How do you collect your men, Captain, and what number could you bring into the field—pardon, I ought to say, into the streets, with six hours' notice? All armed?	0	0.034077
"Mobilization? A mere trifle. I have seen battalions form in less time than it takes to tell."	0	0.046876
I will not argue the point with you. You must make your own choice. It is quite simple—life or death!	0	0.034464
"Gentlemen, we have no time to waste. We must choose our fate now, or Count Arnold will make his decision for us."	0	0.039052
Did you not hear it? It is quiet now, but it was loud enough a moment back. Do not look so scared, child; it is nothing.	0	0.025541
"Rosine, did you hear that? It must have been just a dream."	0	0.037665
That is why I brought her to Paris, in order to lose ourselves in the crowd of this great capital. That is why I took an apartment for herself and her grandmother, here in this very street, near you and Coupe‑tête, who are our only friends, and lodged myself where I can see her, and watch over her day by day. I am strong.	0	0.029077
"Léonie, I will not let anything harm Rosine. I have planned to bring her to Paris where we can be safe and secure our future together."	0	0.024883
Pardon, mademoiselle! Permit me to offer my assistance; there-take my hand in yours; don't be afraid of hurting me, I can bear a good deal of squeezing without crying out. Excuse me if I embrace you too tightly: from such a situation one is only extricated by main force.	0	0.033607
"Ah, my dear friend, life is but a game of chance, and I am but a player. Let us raise a toast to good fortune and fine company."	0	0.030601
Friends! Ye call that man a friend? Tell me how did he know ye were goin for turf the day?	0	0.023133
"Nan, I've had enough of your secrets! If you love Frank, say it now!"	0	0.026384
Oh, God help me, an God help us all, an' keep us for Christ's sake. Amen.	0	0.024643
"Oh, Lord, please help me! I don't know what to do," Nancy sobbed, her voice trembling.	0	0.098243
I can't think how you came by such a notion, Marian,	0	0.026917
"Marian, my dear, you mustn't go there. It's not safe. That woman has a reputation we can't afford to risk."	0	0.072216
I know you, Frank, you rascal; I know you.	0	0.047889
"I've always found that a little smoke clears the mind, much like tending my garden does."	0	0.024959
I know it, I know it. It's hell itself. And you, Frank Barry, you of all men, you with the truest woman for sweetheart and wife in all the world, you to do this!	0	0.026998
"Frank, I know what you've done," Rab said sternly, his eyes fixed on his friend's face. "Repent now, before it's too late."	0	0.073084
Wantin' to run off to your uncle, indeed! Yes, that's what he was after, Nan.	0	0.026861
"I'm thinking 'bout leavin' Inishrath, me darlings," John said, puffing on his pipe. "It's a fine place, but I'm gettin' too old for this life. I'll miss ye all, but I can't stay here forever."	0	0.283699
Its getting late, Mrs. Butler. I must be off, I fear.	0	0.023780
"Mrs. Butler, it's been a pleasure. I must be off now, but I'll see John soon."	0	0.252651
Hello, uncle, I didnt expect to find you up so late.	0	0.021438
"Uncle Hugh, I've been walking all day, my legs are killing me. But I've got your letter right here, and I'm looking forward to a good meal."	0	0.038051
He deserves the very best the world can give him. There's not his like in all London. Your pity!	0	0.022659
"Frank, I know you think he's wonderful, but he's not for me. I don't want to hurt your feelings, but I must be true to myself."	0	0.051905
Who would save Ireland, sir? Would England, sir? Would politicians, sir?	1	0.879134
"I say, lads, we're not fighting for England, but for Ireland! We're fighting to free ourselves from English tyranny!"	0	0.123757
Thank you for the money. I am most careful, and am keeping a strict account. Yes; it is quite sufficient.	0	0.026268
"Frank, thank you so much for your help. I'm glad you could send the money. The boy is doing better now."	0	0.077989
Aw, yes, we've come to an understandin' at last.	0	0.024786
"Barry, we've come to terms at last. I'm glad, for Nan and me."	0	0.031673
I'll allow ye. By God, I'll allow ye! Come out.	1	0.683402
"Nan, I didn't mean to cause any trouble," said Ted, his voice firm but gentle, "but I won't let anyone treat you like that."	0	0.037062
Let me go; let me go. I'm a fool. No one cares for me now.	0	0.038515
"Oh, what a weary road I've traveled," Frank sighed, tucking his Bible under his arm. "But it's time to say farewell, my friend. The path ahead calls me."	0	0.082751
Its this, its about yourself. What ails ye? I don't like to see ye.	0	0.021663
"Mr. Bullock, I must say I am quite perplexed. You have been acting most strangely lately. What has happened?"	0	0.037106
I don't believe you. I believe you are as false now as you have always been. Your weakness and thoughtlessness, your talk of pity and help!	0	0.025113
"Oh, John, I can't bear it! It's too much to bear!"	0	0.477468
It'll be fine weather, Mr. Barry?	0	0.024210
"The weather's fine today, Hugh," Nancy said brightly, "but I fear it won't last."	0	0.026568
Well, Frank, my boy, what's your opinion, now, of things in general?	0	0.024827
"Ah, Frank, my boy! How's the world treating you? I see you've grown quite a man since we last spoke."	0	0.033941
Now, Mr. Barry, now I'll do till supper time. Faith, an' bad manners to me keepin' ye there this long. But you'll know, sacks an stomachs were made to be filled.	0	0.022911
"Well, Mr. Barry, I'm thinkin' we'll have to get down to business soon enough. The crops are lookin' good, but we can't afford to wait too long."	0	0.065470
Ay, ay. Love an' blarney, love that makes the world go round, an' blarney that keeps it goin. Ay, ay.	1	0.967152
"Well, now, what's all this fuss about? I'm just a simple man, mind you, not one of them fancy gents. But if you need me to do something, just let me know."	0	0.031869
Yes, its that, Marian? Well, and I have come to tell you to help you get it back. Listen to me, Marian.	0	0.021910
"Marian, I know I've been a fool," Frank began, his voice low but firm, "but I'm not that kind of man anymore. I promise."	0	0.043903
Listen, Marian. I've something to say to you, and I must say it. I've come to bring you back.	0	0.024167
"Marian, I know you can hear me. Please, just say something. I've come so far to see you."	0	0.034098
I am sure, I am quite sure we should all be so glad if you and Lady Sylvia would come over and spend the evening with us; we would make Lady Sylvia the presiding fairy to distribute the gifts from the Christmas-tree. It is the most splendid one we have ever had—	0	0.035404
"Lady Sylvia, I am so delighted to invite you to our Christmas gathering! It will be a celebration of warmth and festivity, where we shall share joy and laughter."	0	0.035945
Look here, child. Do you see that? That is a fork.	0	0.036047
"My dear lady, you must hold the fork like so," said Queen T—, with a gentle smile, "and remember, it's not just for show; it's for eating."	0	0.034348
You see, Lady Sylvia, I am only an apprentice as yet. I am only learning how to use my tools. And the fact is, there is not one man in fifty in the House who fancies that any tools are necessary.	0	0.023959
"I must confess, I am vexed," Hugh replied, his voice tinged with frustration, as he leaned back in his chair, his eyes narrowing slightly.	0	0.058455
It must be a good thing for a man to have a woman beside him whose very presence will make the world sweet and wholesome to him.	0	0.024993
"A woman's place is in the home, where she can support her husband and raise a family. But," Balfour added, "a wife must also be a partner, sharing his joys and sorrows."	0	0.069595
I am sure Mr. Balfour would rather walk, papa, for I have discovered a whole series of short-cuts that I want to show him—across the fields. Unless it will tire you, papa ?	0	0.023466
"Lord Willowby, I have a few shortcuts that will save us time. Would you care to join me in showing them to Mr. Balfour?"	0	0.028487
Look at the wines. The claret is nearly all Lafitte. I suppose those toadies of his have supplied him with a vin ordinaire at 120 shillings a dozen.	0	0.022429
"The wine is excellent," said Lord Willowby, his eyes gleaming at the sight of the fine bottles on display. "But I fear the prices are exorbitant; it's a pity such treasures should fetch such sums."	0	0.179942
I, at least, will not interfere in this election. Gentlemen, good-morning. Eugenius, the chaise is at the door.	0	0.025392
"I shall not meddle in this election," she said firmly, "nor will I hear any more talk on the subject."	0	0.026260
You must excuse me, Sylvia; I cannot possibly go over with you to lunch. I have some business which will detain me half an hour at least—perhaps more. But your uncle and aunt can go with you.	0	0.024645
"I think I'll pass on the lunch today, thank you. I have some papers to go over."	0	0.038098
But how would you explain this working of His power? We are too fond of explaining things nowadays. And until we know how to use them we shall probably not get the wings.	0	0.021778
"Mr. Henderson, I believe in miracles. God heals, not man."	0	0.043272
I am very much disappointed in Summerglade's contribution-very much disappointed indeed. I consider it most shabby. As a matter of fact I don't think it is large enough to entitle them to a grant from the Guild at all.	0	0.032515
"I'm afraid Mr. Summerglade's contribution won't do at all," said Annabel, shaking her head. "We'll have to find something else."	0	0.037356
Well, you see, Master Reggie, when I was that set against his coming to the Manor, he was strong and well, and so could stand up to me, as you might say: but now he is too weak and ill to hurt a fly. There's lots of folks as you can't stand at any price when they are able to stick up for themselves: but when they are knocked down you'd do anything you could to help them to get up again.	0	0.030989
"Frank, I must admit I was wrong to be so hostile. Your situation is truly tragic, and your courage is admirable. I hope my earlier attitude didn't hurt you."	0	0.038595
But smoking or no smoking, it's a fair treat to see you and Miss Annabel at home again, for when all's said and done the house don't seem like the house without you. For my part, I don't hold with so much gadding about.	0	0.024092
"Oh, Miss Annabel's ways are like a gentle rain, soothing but firm," Ponty said, puffing on his pipe. "But I do love my pipe, it's my only friend when the rheumatism strikes."	0	0.030985
So it is for ordinary jewellery, but wedding-rings, I have always heard, are made of twenty-two carat. At least that is what is generally believed; but I cannot say whether it is more than a tradition, like the idea that the sun will put a fire out.	0	0.025511
"A ring is but a symbol," said Arthur, his eyes gleaming, "a token of the bond between two souls. And as for fire, it is the light of life, the warmth of home."	0	0.069527
I'm quite well. And you? I was instructed to communicate with you as soon as I had anything of importance to send over.	0	0.022333
"Miss Liebmann, I have come to discuss the delicate matter of your brother's mission. We must proceed with caution."	0	0.028787
I assure you, sir, that I acted from the best of motives. I am deeply grateful to you, sir, for your kindness, and I assure you I shall do my best to justify it. I am sure you will see that for the young woman to have been placed under arrest while in my rooms would have been a serious blow to her reputation.	0	0.050300
"I did what I had to do," Bob Hoffman replied calmly, his blue eyes meeting Lord Brooke's steadily. "I couldn't let him go unpunished."	0	0.071240
Your excellency why should I be placed under arrest? I am trying to serve your interests.	0	0.025373
"I did what I had to do," he said calmly, his eyes never leaving the Governor's face.	0	0.057620
What can I do for you my girl? What is your name?	0	0.032847
"And what is your name, miss? I do hope you're not looking for just any old job."	0	0.027156
My friend, from now on, please understand that I represent Herr Schwartz, here in London. You have been suspicious of me, from the start, as indeed we have been of you. The time for all that is ended.	0	0.022200
"I am here to represent Herr Schwartz's interests," Patricia said firmly, her eyes flashing. "You will do well to listen to me."	0	0.039370
I have cut the thongs from Sha-hehe. Cover her and heal her, old woman, against the time I come again. I shall want her then.	0	0.022231
"I have loosed the bonds of Sha-hehe," he declared, his voice ringing out over the water. "Now, maiden, heal him, for I command it."	0	0.067260
Wait: I have tea that my father got at Fort Simpson. I will bring you some; it will do you good.	0	0.022521
"Tashekah, my friend, sit down and rest. I have brought you this little gift to remember our meeting."	0	0.028095
I would make his blood run, Ka-kee. I can do it. See my hand!	0	0.024334
"Be still, my child," Kah-sha said softly, his fingers moving deftly over the wound. "The medicine of the gods will work its magic soon."	0	0.043650
He has never stood on them since that dreadful night. All his life is in his head. You can see that he knows things that other people never think.	0	0.024443
"Oh, my heart! He fell from the cliff, and I found him like this, poor little one."	0	0.027607
Then I will stay; my heart shall be strong to do it; and I have been too long away from poor little Ch-one	0	0.027740
"Tashekah, I'll stay. We must find Ch-one, and I won't leave until we do."	0	0.031901
Your daughter is a faded bearskin; she's worth nothing to me. I shall never trouble myself to ask you or your tribe for so much as a rabbit-skin—it would be a cheat. Do you want to hear more?	0	0.024132
"Give me your blankets or face my wrath!" he snarled, his eyes blazing with malevolent fire.	0	0.029114
So, so, my fair one, you are courting the raven tonight? He is a black lover for the rice-blossom. Let us awaken his jealousy—he will hold you the tighter by and by.	0	0.022441
"Awaken the jealousy in her heart," Yealh-neddy hissed, his eyes glowing with malice. "Let her feel the sting of betrayal, for only then will she truly belong."	0	0.066615
I thank you much if you will give me even a little of his word-my soul is more in need than my body has been this day; my heart is more cold, more hungry, more sick, more blind than my body can ever be. O friend, if you have medicine for sick souls, give me some before I die! I have seen you talking to your great Spirit—you have found one who makes you not afraid.	0	0.030772
"Oh, Samuel, my brother, guide me in the ways of the Great Spirit! My heart is heavy with sorrow, and I feel lost without His light."	0	0.031443
You are one of us now, I have long waited for your coming. You have been watched. Ha!	0	0.022882
"Welcome, friend," said Richard Archer, his eyes gleaming with an unspoken fire. "We are ready to strike, and we need men like you."	0	0.027572
Young man, it is fifty years and more since I first heard discussions on these subjects which now interest you—and the whole world—so deeply. I have sat at tables where Voltaire, Diderot, D'Alembert, even your Bolingbroke, freely discussed the sovereignty of the people. I have lived to see these ideas put in practice across the ocean.	0	0.028138
"Ah, my dear friend, the Enlightenment has indeed spread its light far and wide. My estates in South Africa have been greatly influenced by these ideas, fostering education and progress among our people."	0	0.028049
Alas! what things have fallen upon me since last I stood here!	0	0.021459
"Oh, how I wish I could forget all these troubles! But I must bear them with patience, just as I've always done."	0	0.038858
General Washington himself! He is going somewhere. I wish I knew where he is going.	0	0.025976
"General Washington looks like he's leading us to victory," Lee whispered, his eyes never leaving the commander-in-chief. "The siege is nearly over, and I can't wait to see our flag raised above Yorktown."	0	0.135769
Lee Bowie, you are a brave fellow. I mean to be over there at Manchester, on the other side of the James, at about ten oclock to-morrow. Get across as soon as you have learned all you can, but you may not be able to do that the first day.	0	0.026800
"I want you to leave this place immediately, Lee. You are not welcome here any longer. Do not come back."	0	0.049229
Bring the young wolf to me. Ill see what there is in him.	0	0.021468
"Bowie! I demand you bring that boy to me this instant!"	0	0.033402
An apple orchard smells like wine; A succory flower is blue; Until Grief touched these eyes of mine, Such things I never knew.	0	0.028649
When sorrow's cup doth fill the brim, And tears like wine do flow, The heart, though sorely tried, doth swim In wisdom's deeper flow.	0	0.044043
There is a house builded of God, Beyond the fret of time or clod;	0	0.025985
In God's great plan, where kings did fall, Liberty's bright star did rise at all.	0	0.023371
I knew an old house by a wood, A very lovely thing; There flag-flowers blew; and it was good To come that way in spring.	0	0.025147
In days when war's fierce din Was heard o'er land and sea, A doctor wrote a thing That still doth make us see.	0	0.034972
It was written by William Shakespeare.	0	0.041983
18th-century poetry often describes autumn's decline.	0	0.033916
It is from a play set in Denmark.	0	0.023187
1880 readers would recognize it as Hamlet's soliloquy.	0	0.024371
Changes vast, and quick succeeding, E'er on Hist'ry's page we find, Noting rise and fall of nations, Typical of public mind E'er desiring something novel. Now a century has flown, Noting years of independence, In which stars and stripes have grown, And the eagle's spread his pinions larger o'er the States' dominions.	0	0.278157
C ertainly, the time has come E ither to make or to be made; N ot by the strong, but by the weak, T he future of this nation's race N ot by the strong, but by the weak, N ot by the strong, but by the weak, Y et still, the time has come L ead on, ye men of might!	1	0.968321
There's a shadow ever creeping O'er us always, waking, sleeping;	0	0.028106
1. The creeping shadow, slow and stealthy, 2. Upon the earth its darkling weight doth cast.	1	0.957102
And when darkest shades are creeping, Then we'll wake where is no sleeping.	0	0.021724
In fields where corn is waving high, The swain beside his love is sleeping.	0	0.028749
When God pronounced his work all good He must have thought of the old oak wood, Of the old oak wood on an autumn day With the sunshine goldening all that way	1	0.923578
In oak wood's shade where sunlight plays, The ancient trees their strength display; Their roots deep down, their branches high, In nature's arms they proudly lie.	0	0.046326
O gentle days of Autumn! O holy days of gray! That with an inner rapture In meditation stray.	0	0.071218
The leaves are falling, crisp and brown, The sun descends with golden rays; The world is hushed beneath the frown Of autumn's melancholy days.	0	0.142009
Spirit Immortal surely this must be A vision of Thy glory: on the hills A beauty not of earth, the light that fills The chambers of Thy presence eternally!	0	0.026270
O'er yonder hills where shadows softly creep, Thou, God of day, dost bid the sun go down; Thy hand doth paint the sky with crimson deep, And all the world is bathed in golden hue.	0	0.045674
This is five-foot iambic verse, with alternate (abab) rhyme.	0	0.023776
The verse has an iambic tetrameter with a rhyming pattern of ABAB.	0	0.042404
I made no friends; as soon as school was done I used to trudge off gravely by myself To lord it in the kingdom of my choice; A pebbly beach, walled in on every side	0	0.071215
I was a child, and loved the sea, Its vastness, its unending blue; The sun's warm touch, the wind's free play Upon my face, the spray that flew From billows white as foam of snow. I'd rather be alone with waves, Their rhythm soothing, deep and strong, Than mingle with the noisy throngs Who sought the shore for social graces. The sea was mine, its secrets known, Its mysteries, its power shown.	0	0.198217
All this has science wrought. So much is now Done by machinery, that the race of men Are scarcely more than tools in the great mill Of modern industry.	0	0.044143
In this cold age, where science's light doth shine, Man's heart grows hard, his soul doth lose its prime; For every gain, a loss doth come in train, And all our progress seems but progress blind. The iron hand of industry doth crush The tender shoots of art and love and truth; Our lives are slaves to machines' ceaseless rush, While nature weeps beneath the factory's ruth. No more the gentle dawn doth wake the soul, Nor sweet the night's soft whispers in the breeze; The world is lost in noise and ceaseless toil, Where man, a mere machine, doth cease to please.	1	0.834550
Green Valley, Pa., May 1, 1876. DEAR SIR, I have the honor of introducing to your acquaintance Mr. William Worthy, whom I commend to your kind attentions. Jane Faithful.	0	0.068905
My dear Sir, I have the honor to introduce to you my esteemed friend, Mr. William Worthy. He is a man of great integrity and wisdom, and I am confident that he will be a valuable addition to your company.	0	0.035871
but he was dauntless	0	0.052657
but he was determined to do it	0	0.040361
for Margaret always said, "They are all orphans alike."	0	0.022394
Because she had been taught that God's mark on her soul was more important than any earthly signature	0	0.048619
We won because we had more substitutes and more supplies; and also from the force of a larger patriotism on our side.	0	0.021012
We wore them out.	0	0.043707
although he wanted above all things to be an author	0	0.045478
but he also supported his brother William's work as a socialist propagandist	0	0.031304
so long as you can better the lives of your fellow-beings	0	0.029309
Write a clause appropriate for this book that could stand in the position marked by [missing clause describing a condition]:	0	0.054739
if we mortgaged the farm."	0	0.035003
if we could earn it honestly	0	0.024474
if perchance he has failed, haunting the places where fortune has deceived him, like an unquiet ghost	0	0.033915
Inquire and learn; consider and discern	1	0.896031
then it was base	0	0.033414
it becomes a source of shame and sorrow	0	0.054298
That is the logical result of losing the knowledge of spiritual things,-a life without real interest, without deep worth,—a life with a broken spring.	0	0.023391
If Christianity is true, then everything else becomes secondary to understanding and living according to its teachings.	0	0.026546
but increased, by a perception of their exquisite form and finish	0	0.023523
if we are aware of the poetic nature of the Psalms.	0	0.025568
though limited, is definite and sufficient	0	0.026967
... is only one portion of the total universe	0	0.034562
because there can be no higher practical result of effort	0	0.022191
because it is the ultimate expression of human striving towards unity and truth.	0	0.029008
inasmuch as the control of the gas is accomplished without the interference with apparatus upon the table and without inconvenient reaching	0	0.025915
it allows for better ventilation and easier access to the gas controls	0	0.052840
so that he may be fitted to make his way without assistance	0	0.028108
to encourage independent thinking and problem-solving skills	0	0.110013
Thus held the rod is firm, while easily removable, and the level space about the rod permits a more advantageous disposal of apparatus than is possible when the rod is held in a movable platform.	0	0.024586
This arrangement ensures easy access to frequently used chemicals while maintaining a tidy laboratory environment.	0	0.032556
The sinks, however, are of iron instead of porcelain, and the bottoms of the draft chambers are sinks instead of plain soapstone tables.	0	0.025701
However, the basement's laboratory for organic chemistry stands in stark contrast to the more mundane functions of the building above it.	0	0.022796
but the fume closets were found sufficient	0	0.022459
but it was never used for that purpose	0	0.045950
Hence it was natural that wood should be the prevailing material of Phoenician architecture, while it was almost banished from that of Egypt.	0	0.026348
This indicates that the arts and crafts of the nation were highly developed and diverse.	0	0.022444
though the former gives their width and height, while the latter does not mention them at all	0	0.076618
but the dimensions are given in the Book of Kings	0	0.031931
But the picture of the past year, and the last of his greater efforts, seems to me to fail on the ethical side.	0	0.021728
Yet, these gentle visions stood in stark contrast to the harsh realities of New Mexico's frontier life.	0	0.025880
however, that the Oracle or Holy of Holies of Solomon's Temple, like unto the Tabernacle, had no light, neither windows, nor candlestick, and if it had had the one it would also have had the other	0	0.078321
the porch was not only lighted up by the sun, but by the glory of God	0	0.138741
if so be his pleasure was otherwise	0	0.023665
and if she were found out, she would be executed	0	0.036911
for what they lost in length he quadrupled in height	0	0.024046
because he was anxious to make the temple as large as possible	0	0.046714
so that Solomon employed not his own people to build his Temple; of them it is distinctly stated he made captains and over-lookers only	0	0.030599
The Jews therefore shunned the use of stone, and preferred the more perishable materials of wood and brick	0	0.058073
so I do not advocate carrying it far, but history or some science would be a good counterpoise for a mind given to the study of beauty alone	0	0.026281
it is not as indispensable as the others	0	0.039225
for though regularity is as important for health as for a wise life, it cannot be an iron regularity, especially if a girl is at all delicate	0	0.027657
because some people have irregular work schedules or health conditions that affect their natural sleep-wake cycle	0	0.037974
though certainly not brilliant in mathematics	0	0.030910
	0	0.341272
But the independent young lady instantly took the money and invested it all in a beautiful piece of lace which she sent as a present to the convalescent.	0	0.025333
She refused to accept the payment, insisting instead that her friend use it to purchase something she needed.	0	0.032379
So a woman who has them is almost sure of a modest support.	0	0.022222
Therefore, women who possess such skills can find employment as housekeepers or cooks, ensuring they have a reliable source of income.	0	0.035514
if the old principle of architecture is always remembered	0	0.026312
If it has any power at all	0	0.049025
The world was better because she used her gift, and she was happier, as all are who exercise their powers.	0	0.024803
Perhaps she blocked the way of less fortunate physicians because she provided free medical care to those in need.	0	0.022293
This will cause a better development of root to take place and will lead to a thriftier, stockier plant.	0	0.025735
This practice helps to prevent the plants from becoming too tall and weak, ensuring healthier growth and better yields.	0	0.029547
so large growers of cucumbers prefer such seed where the percentage of germination is low	0	0.022946
the weaker seeds are eliminated.	0	0.025960
But on the vines they are not so crowded; each one stands sufficiently alone to reveal its loveliness.	0	0.021000
But if we do not, the result will be a mass of flowers that will soon wither and fade.	0	0.025432
It is therefore easy for a school to obtain a good variety of colors of German Iris by means of clumps and divisions received as gifts from home gardens.	0	0.022477
196 By dividing and replanting these irises regularly, gardeners can ensure a continuous supply of healthy plants, enhancing their garden's beauty year after year.	0	0.047257
if purchased when small, are inexpensive	0	0.022112
are not so hardy as the others	0	0.059851
although they are otherwise quite unlike plants	0	0.027412
but tarragon is not quite so hardy as mint.	0	0.030315
because it is incidental to garden instruction and training	0	0.025782
because the school can directly benefit from the reduced costs and increased sales without the overhead expenses associated with commercial operations.	0	0.030618
but certainly should never appeal to an educated American	0	0.026747
It was of these bouquets that Sir Edwin Arnold, after some years of residence in Japan, wrote: "Your European florist-who masses together his roses and his Maidenhair Ferns and Calla Lilies, surrounding them with a dish of green and an outer overcoat of lace-paper	0	0.081161
But in our days of Indifferentism, which are not blessed with the charm of the new nor with the sweetness of the old in Religion, the prerogatives of nature have a special claim on priests.	0	0.022971
This claim is emphasized by the cultivation and information of the masses around us.	0	0.020897
for it was in the Second Plenary Council of Baltimore that the establishment of the University received its first consideration	0	0.027445
It is of great interest to note that the inception of the University was almost coincident with the beginning of your priestly life, Charles E. Bolton.	0	0.025325
if zeal and devotion to study are the essentials of university atmosphere, there is every reason to place this brief session on record as one of the most valuable in our educational history	0	0.024936
would be the constant inspiration of the students.	0	0.023958
However, if not in justification, at least in palliation of this procedure, it should be borne in mind that our situation in this country is characterized by many special difficulties.	0	0.023748
It is due to the fact that our population is made up largely of the millions who have been pushed out of older countries and have not yet had time in this country to develop respect for authority or to set up sane standards.	0	0.023477
but rather that its results ought to surpass those of others, especially in the formation of character	0	0.027674
whilst he was aware that the Catholic Church had been accused of being opposed to progress.	0	0.024176
Hence it is not surprising that the writer has seen today for the first time a newspaper clipping in which she is quoted as an authority in settling a dispute of which she has never heard.	0	0.023780
This chartering and degree-granting authority suggest that St. Mary's College was recognized as a prestigious institution even in its early years.	0	0.026529
so that by practicing a wise economy in nerve and brain power we may realize a sustained efficiency	0	0.022873
we must endeavor to conserve our strength for the more important tasks.	0	0.025557
though composed and reserved so far as gestures and bodily movements are concerned, yet sin grievously against decorum and gravity in their unfortunate habit of facial contortion	0	0.029706
822 "Shame itself!" hissed Lady Macbeth in the ear of her troubled and vision-seeing spouse. "Why do you make such faces?" Has not the query a definite and pertinent application to many teachers who,	1	0.586042
though in its wild state it	0	0.028028
	0	0.341272
but he continued exchanging specimens and seeds with European confrères	0	0.032577
but also provided him with a new role and responsibilities	0	0.034004
for frequent mention is made of a certain Polly Howell and a Sally Samson, the latter "behaving for three evenings, especially the last, in a most engaging manner."	0	0.024329
He studied medicine under Dr. Nicholas Way of Wilmington, but never held a medical degree, none being required at that time for practicing in Pennsylvania; but, as it was customary to attend a course of lectures, he went to those by Shippen and Rush in Philadelphia	0	0.084135
So with renewed energy it was searched for through the mountains, but always without success.	0	0.022174
This belief persisted despite evidence to the contrary, showing his dedication to the idea.	0	0.022396
But the search for remedies was keen in days when malaria and dysentery ravaged whole towns and paralyzed industry.	0	0.022814
The use of Seneca snakeroot by Dr. John Tennant and the widespread application of Lobelia inflata by Dr. Samuel Thomson created significant tension and opposition among medical practitioners.	0	0.052881
if no painful complications arise, until the patient is cured	0	0.025556
34 The writer has found that the patient will not suffer if the amount is steadily reduced each week.	0	0.031362
but this question at stake involves that which they won't consider as anything but weak, and that is the heart element	0	0.022788
10 that the laws are not always applied with the same fairness and justice	0	0.043292
for if this happens, the work of months is undone and the poor victim is drawn back to his old habits by his loss of self control	0	0.035397
39 It is then that the law should step in and the State provide the ways and means to permanent recovery.	0	0.025580
for if the warden could not arrest a man personally until he was certain that he had in his possession trout less than six inches long it would practically nullify the law, for anyone breaking the law will naturally conceal his offense	0	0.041086
that the person is in the act of committing a violation of the law.	0	0.043158
though it is enough if the party arresting touch the other, "even with the end of his finger."	0	0.022292
such as the officer's hand being held back by the person arrested	0	0.049682
But with the growing demand for more stringent enactments for the preservation of game and the increasing complexity of statutes for this purpose it was found no longer practicable to include the burden of enforcing them among the duties devolving upon general officers, and their enforcement has consequently been intrusted to special officials, usually called game wardens.	0	0.027399
However, as urban populations grew and crime became more complex, the limitations of these traditional law enforcement methods began to emerge.	0	0.024517
Thus when the selling of adulterated milk is made a crime, ignorance that the milk sold is below the standard fixed by law is no defense.	0	0.024398
Therefore, even if someone unknowingly commits an act that is forbidden by law, they can still be held accountable for their actions.	0	0.031735
but usually the warden is inclined to overestimate this obstacle	0	0.023574
but it is also true that the more successful they are, the more they are known	0	0.082229
so that his master was able to seize the game and apprehend the culprits	0	0.028334
and the warden was able to recover the stolen goods.	0	0.026935
if he finds the doors or windows open and no one to answer his knock, he may enter	0	0.026971
if the warden believes that the meat might have been stolen	0	0.042247
'Twas jealousy.	0	0.061967
Because he was jealous of your love for me.	0	0.023904
So the feast broke up.	0	0.025878
They were eager to begin their day's work.	0	0.038176
though I restrained many things	0	0.025912
but I did not feel justified in giving her more than she had received	0	0.041051
if the landlord had his rights it's on the parish John'd be years ago	0	0.021527
Write a clause appropriate for this book that could stand in the position marked by [missing clause describing a condition]:	0	0.054739
provided that punishment does not take the form of the acquisition of territory by any non-American Power.'"	0	0.030391
_if_ such misconduct is of a character to justify interference	0	0.036071
but wherever there are women and luxury there will French trade flourish, and further, in machinery of many kinds France, if equalled by any other nation for excellence, is equalled by England alone	0	0.029807
but she has no need to look beyond her own borders for the means of development.	0	0.023382
for in the wars which these Indians had with those of the kingdoms of Peru they took it, and from it is called the River of Plate, of which the country hath taken the name."	0	0.033175
95 Here Purchas makes two mistakes.	0	0.027633
But if the religious indifference spreads downwards, Argentina, like France, may see her population dwindle, and her army decay, and may be prevented from taking a high position among world Powers.	0	0.021479
The tension lies between the vast potential for missionary work and the current lack of enthusiasm among the Argentine people.	0	0.024046
Cavendish, therefore, named the deserted settlement the Town of Famine, and it retains the name of Port Famine to this day."	0	0.040418
This was the first and last attempt at colonization.	0	0.031779
though the rain does not fall in sufficient quantity	0	0.032631
but the heat is intense during the summer months	0	0.033738
so that the nation's sons may find a new path of life, and the navy a fresh source from which to draw sailors in case of an emergency."	0	0.026728
The Argentine sailor is a land-conscript, laboriously taught an unfamiliar art, which he learns wonderfully well	0	0.022790
but we shall lose the whole meaning of this celebration-we shall fail completely to learn its lesson-if we give ourselves up to the contemplation of our past and the glorification of ourselves	0	0.073007
but it is also natural that we should feel a certain unease when we consider the price paid for this prosperity.	0	0.026724
though this in one instance may be the instrument of good, it is the customary weapon by which free governments are destroyed."	0	0.025337
Let us oppose the language of the Supreme Court whose unanimous opinion has just been expressed in these words:— "The proposition that there are legislative powers affecting the nation as a whole which belong to, although not expressed in, the grant of powers, is in direct conflict with the doctrine that this is a	0	0.089727
It is because the Republican party owes its power, in large part at least, to the support of the manufacturers, and depends for the sinews of war on the “fat fried out of" them, to use the phrase of one who was high in the party councils.	0	0.024264
The politicians and the protected interests have formed an unholy alliance, to which the manufacturers have contributed cash in the form of campaign contributions and the politicians have contributed their time and speeches.	0	0.031369
But, as we meet to commemorate their acts, it becomes us to inquire how their work is faring in our hands, how we are preserving and maintaining the heritage of principle which they handed down to us.	0	0.022429
The past is indeed glorious, but it also carries with it certain constraints that must be balanced against the needs of the present.	0	0.027191
It must be construed, therefore, in subordination to it; and cannot supercede or interfere with any other of its fundamental provisions.	0	0.022584
It follows, therefore, that treaties must conform to the Constitution and cannot override its provisions.	0	0.027168
because law sinks into being merely the will of an arbitrary ruler or a selfish class, and ceases to be the will of the whole community	0	0.060947
without law there is no true liberty	0	0.031036
so that no legislation on burning questions was possible	0	0.021650
and how often has the President been elected by a minority of the popular vote?	0	0.028256
if we look nearer home, must we assume that Senators Platt and Depew represent the character and purpose of New York	0	0.027864
_was_ it not rather because he had been a successful lawyer	0	0.029682
but sad at heart you will always find him	0	0.022406
The fear of parting is on his meeting with Mary	0	0.024233
because of the manhood he did possess	0	0.025744
14 and Other Essays	0	0.163947
Englishmen were therefore jealous of any favor shown to their commercial rivals.	0	0.022002
The rivalry between the two nations led to intense competition in trade and commerce.	0	0.026542
though to leave is like tearing out his living heart, and turns gray face toward an unknown land,such sacrifice renews the courage of us all	0	0.025070
	0	0.341272
But conscience spake on.	0	0.026729
His love for Hester pulled him towards her, while his sense of duty pushed him away.	0	0.086011
Another chief cause of William's unpopularity was his partiality to his own countrymen.	0	0.021460
He was a man of worth, manliness, courage, and virtue, but these qualities were not visible to everyone.	0	0.022786
The result of this is a compromise: the compromise is called Thaw.	0	0.021281
The climate of New England is harsh and unpredictable.	0	0.028115
Nevertheless, I said to myself, "You'd better keep a cool head, my boy, or you are in for a night of it.	0	0.022305
I was to turn about, and go the way I had come.	0	0.027778
for, apart from the comfort that a fire would give, it is necessary, at night, to keep off the wild beasts	0	0.043997
I fancied I could hear the tread of the stealthy brutes following their prey	0	0.036735
but it is truth to say I enjoyed every step of it	0	0.025778
I was safe; I knew where I was; and I could have walked till morning	0	0.078276
so that the footing could not be determined, and at short intervals we nearly went out of sight in holes under the treacherous carpeting	0	0.022741
and we were compelled to use our hands as well as our feet	0	0.049078
though without that keen feeling of exhilarating flight that she had in the morning	0	0.024448
but her strength was failing fast	0	0.027280
if the guide swears he caught them Saturday night	0	0.023354
provided that the guide did not catch the trout on Sunday	0	0.031547
for I could not understand them	0	0.031493
because I had never before seen such a vessel	0	0.040359
but he rarely talked with anybody	0	0.026992
but he did not finish it	0	0.032596
So I transacted business with him in Wusih dialect.	0	0.020852
It was only later that I realized how much I had taken for granted.	0	0.036112
The Sultan, in consequence of all these reverses, was obliged to yield, and peace was at last established by the Treaty of Adrianople of the 14th September, 1829.	0	0.035806
This success allowed him to advance further into Ottoman territory, securing strategic positions and weakening the enemy's defenses.	0	0.034287
if he would not risk the loss of the hard-won earnings of the whole year	0	0.034813
to endure the inclemency of the weather	0	0.105183
but are strongly mixed with Finnish and Mongolian elements	0	0.025546
but rather to Mongolian or Manchu	0	0.042404
owing to which, on the 6th July, the Persians lost the battle of Nakhitshevan, on the 7th the fortress of Abbas Adad, and soon after the battle of Abaran	1	0.867210
and thus gained a considerable advantage over his enemy	0	0.037557
It is said, however, that many of them have since come back.	0	0.021878
The author implies that the reader expected the Crimean Tartars to remain in Crimea.	0	0.028469
though disastrous to their arms, as a natural and necessary phase of their political development	0	0.024689
236	0	0.357553
The cause of this indifference is the absence of landed property amongst the peasants.	0	0.024243
The Russian's indifference to his homeland can be attributed to the vastness of the empire and the mobility of its people.	0	0.023912
so our mind, when it thinks and wills according to its innermost conscience, shows us the true Way	0	0.025321
. . . the mind, when purified, reflects the heavenly reason as it is	0	0.039841
But the toleration of various religions and the many attemps at compromise have been characteristic of the whole history.	0	0.021697
This meant that religious leaders often had to prove their orthodoxy to gain official recognition and support.	0	0.026280
Thus we see in the mythology a certain cycle of the oppositions of the two struggling principles or powers.	0	0.021665
This suggests that the ruling family's deities were more closely tied to specific clans.	0	0.021281
So she mounted her motor-cycle and went off, intending to let Headquarters see how very unpleasant she could make herself when they would not attend to her wishes.	0	0.022732
It was clear that her nerves were frayed and her temper short.	0	0.028792
But she was not by any means out of the wood, for not a quarter of a mile further her groping sight revealed another black mass, this time so big that it was visible without the aid of a shell-burst.	0	0.023143
She had expected to find a safe haven, but now she realized that the shell-hole was just as dangerous as the mud.	0	0.024951
But the unnaturalized alien was still, for industrial purposes, as free as the citizen, and had the protection of law.	0	0.022712
This was a large number, but not so large as might be expected.	0	0.026180
because his persons are still so near to the symbolic, they have so little character and psychology of their own, that they do not mind serving as mouthpieces	0	0.031073
because he is able to create complex characters and situations that challenge the audience's understanding	0	0.054059
although in the detail of historical development it started at a different point from the modern	0	0.024615
It was not without its tragedies and comedies	0	0.049985
Thucydides is not moralizing, or actuated by malignity.	0	0.024780
He really saw an agency called Fortune at work; for he had no general conception of natural law to exclude such an agency.	0	0.021703
if the Peloponnesians had been more energetic	0	0.034453
If the Spartans had not been compelled by the Athenians to take up arms	0	0.089366
But this was the exception and not the rule; hence the position we take, that mining in Socorro county dates from the close of 1882.	0	0.022874
1885 saw a decline to $750,000, reflecting market fluctuations and economic conditions.	0	0.056959
if sought before the disease has made too much progress	0	0.027596
but they should be avoided if there is a history of heart disease	0	0.034064
Thus Albuquerque Academy was opened in the fall of 1879, with a principal and one assistant.	0	0.023290
This initiative led to the establishment of educational opportunities in the region, fostering intellectual growth among the local population.	0	0.030010
so that it is not likely that it will ever pay again to work these deposits for turquoise	0	0.019936
the old mines are now abandoned	0	0.027208
but this is not certain, and indeed the exact interpretation of this part of the curve is especially difficult	0	0.024618
but it is also possible that the sudden change in the rate of the lever's descent indicates the cessation of the ventricular contraction	0	0.070745
In speaking therefore of the work which can be done by a muscle, we may use as a standard a cubic unit of bulk, or, the specific gravity of the muscle being the same, a unit of weight.	0	0.028411
Therefore, the amount of work a muscle can do depends on its size and the type of contraction it undergoes.	0	0.045105
for it is stated to have been observed when the whole length of the nerve including the superior cervical ganglion had been removed	0	0.034045
but rather to the action of the blood-vessels themselves	0	0.051047
so that a considerable portion of the whole blood ebbs and flows, so to speak, according to circumstances from skin to viscera and from viscera to skin	0	0.150024
the body's temperature is regulated	0	0.075322
There are reasons however for thinking that these muscle currents have no such fundamental origin, that they are in fact of surface and indeed of artificial origin.	0	0.021052
He has moreover advanced the theory that muscle may be considered as composed of electro-motive particles or molecules, each of which like the muscle at large has a positive equator and negative ends, the whole muscle being made up of these molecules in somewhat the same way, (to use an illustration which must	0	0.076132
though there can be little doubt that the latter is dependent on the former	0	0.031335
... although it is clear that the physical electrotonic current cannot be the sole cause of the physiological electrotonus	0	0.189938
if the interrupted current we get a tetanus	0	0.022937
provided the muscle is not already fatigued	0	0.037630
The real cause of the flow is the ventricular stroke, and this is sufficient to drive the blood from the left ventricle to the right auricle, even when every muscle of the body is at rest and breathing is for a while stopped, when therefore all the helps we are speaking of are wanting.	0	0.024743
The real cause of the circulation is the pumping action of the heart, which, in conjunction with the respiratory pump, ensures the continuous flow of blood throughout the body.	0	0.028392
so that eventually every revelation made in Greek came with wings	0	0.022036
and the world was changed	0	0.030797
for the seeing eye, the hearing ear, are the foundation of greatness	0	0.029035
_because_ it was believed that the accumulation of knowledge would strengthen the empire's intellectual and military capabilities	0	0.068342
This year is taken because it is the first in which the report of the selectmen is found to have been printed.	0	0.022754
2 The decline in the average number of cases of support can be attributed to the economic downturn and increased immigration during the late 1870s and early 1880s.	0	0.123909
They have, however, been paid for by credits upon the account between the town and the State almshouse, and have cost the town less there than they would have cost here.	0	0.024681
It is not expected that such individuals would be able to contribute financially to their own support.	0	0.022837
Therefore the said third part was ordered to be taken into the King's hand, and they were to be summoned to be there at the next court, to wit, on Tuesday next after Michaelmas.	0	0.023865
This legal action underscores the importance of women asserting their rights during the late medieval period.	0	0.024724
However, probably owing to the lack of means, they failed to furnish the "Tomes," and ten years later they are presented again in consequence.	0	0.021387
1 replye." [missing sentence revising an implied expectation]	1	0.947975
But calm your fears, little creature, I will keep you from all harm.	0	0.021430
You must run faster, dear Rabbit.	0	0.023703
if the farmer came along and found you and Robin eating worms and grasshoppers	0	0.038140
if you are not careful	0	0.069494
though Moynihan has made a correct diagnosis of pancreatic calculus	0	0.023703
but in 17 cases of carcinoma of the ampulla, collected by Hirsch,6 gall-stones were found in 10	0	0.110710
These dogs, therefore, having tachycardia, temperature curve, loss in weight and muscular strength, an increased appetite and thirst, gave a good picture of Graves' disease.	0	0.023053
This condition suggested that the thyroid gland might play a significant role in regulating metabolism.	0	0.040407
Yet this man brought to the world the best message ever brought to the world since Bethlehem, of love and hope and reverence for God and man.	0	0.025998
It is not to be supposed that the world would have been the better for the absence of Robert Burns.	0	0.023981
but I cannot help thinking that, on that occasion at least, the carnal mind comprehended the things that be of the spirit	0	0.033142
but I fancy that Robin Goodfellow, who was always on the watch for a chance to play a trick upon the fairies, was not so much surprised as he would have been if he had seen the young witch dancing in her own clothes	0	0.088816
unless he have in his native language a fit instrument	0	0.022577
unless he be born again	0	0.030457
And therefore under the statute a man cannot be compelled to contribute to the maintenance of his wife's mother, or his wife's child by a former husband, or her illegitimate child-after the wife's death, or after such child has attained the age of sixteen; or of his son's wife or widow; or of his own brother, a brother not being mentioned in the statute.	0	0.194787
This law implies that the relationship between parent and child is more important than any other social bond.	0	0.031571
But what about the large numbers who are thus left unemployed?	0	0.029220
They are not worth decent maintenance wages.	0	0.022734
for example, it will appear black or a brownish-black under an ordinary mercury arc	0	0.022169
the red fabric reflects only those rays which are reflected by the illuminant	0	0.037419
However, in many cases it is necessary to have a certain illumination intensity on the floor or on an imaginary plane somewhat above it.	0	0.021568
The lighting specialist should not expect to find a set of rigid rules but rather should rely on a combination of knowledge, creativity, and practical experience.	0	0.026204
however, this is a handicap in lighting which could be removed by considering lighting and decoration jointly	0	0.023641
it is necessary to consider how the light affects the overall atmosphere	0	0.034681
Consistently therefore it is appropriately the flag of surrender and of truce.	0	0.021896
This contrast between black and white often led to the use of these colors in art and literature to convey moral and ethical messages.	0	0.027678
unless such a classification be applied to the distribution of light as a whole	0	0.024015
but it does not take into account the variations in the distribution of light caused by the presence of obstacles or reflectors	0	0.091087
although simple combinations of accessories and of multiple circuits are sources of this most appealing feature of lighting	0	0.022452
yet it often fails to provide sufficient flexibility in color and distribution	0	0.022432
so far as the visual sense is concerned, consists of more than an arrangement or sequence of varied colors and brightnesses	0	0.033382
will be appreciated without a clear understanding of how light affects color perception	0	0.032519
These become negligible because they contain but a small portion of the original incident light.	0	0.022474
Because the light undergoes multiple reflections and transmissions at each interface between air and glass.	0	0.021470
although more than one candidate may be voted for if the majority agrees to it	0	0.027296
but the republican convention allows each delegate to vote separately	0	0.029147
if the decision had been left to the four states above named	0	0.025038
if the electoral votes of the three states had been cast for Mr. Bryan	0	0.033137
Because sugar dissolves readily, small quantities of it are easily digested; but if more than a little is taken at once, some of it is likely to ferment in the stomach, causing distress, and interfering with the digestion of other foods.	0	0.042814
Because it contains natural sugars that can be easily broken down into energy.	0	0.027944
So much juice must mean that the apple is full of water.	0	0.021644
This process reveals why apples become hard when they ripen.	0	0.022914
for he will not be kept well who eateth his bread as dough	0	0.027757
223. Remember thy bread and bake it well, because it is the staff of life	0	0.159747
Hence the gossypol remains in the press cake.	0	0.021583
This explains why hot pressed cottonseed oil contains gossypol.	0	0.024731
for the latter substance forms an addition compound under similar conditions.)	0	0.027902
This is because the fluoride ion is more stable than the chloride ion	0	0.447387
if the usual method of powdering the substance and heating it slowly is employed	0	0.032569
4,5-Diiodophthalanil is soluble in about 8 parts of boiling xylene or 50 of boiling acetic acid. It crystallized from these solvents in pale	1	0.635374
however, there can be no question that true equilibrium was established, since it was approached several times from higher as well as from lower temperatures with identical results	0	0.028004
the equilibrium was not yet complete	0	0.026421
even though the time allowed for the attainment of equilibrium was 3 months	0	0.026483
it is necessary to take into account the effect of temperature on the rate of reaction	0	0.296489
The fused nitrate, however, has the disadvantage of causing explosions.	0	0.021243
4,5-Diiodo- and tetrachlorophthalic anhydrides gave almost no silver halide even with the concentrated nitrate reagent.	0	0.069207
so that the experimenter will gain but little who disregards the variation from the law in endeavoring to get the absolute minimum of leakage	0	0.027095
it being more important to have a simple method than a complicated one	0	0.081500
Because of the extreme dilution this should cause no appreciable error.	0	0.020797
1. The preparation of solutions and measurements was done to accurately determine the conductivity of different concentrations of substances in the water.	0	0.365576
so their feet are adapted for perching, their wings less strong for continued flight	0	0.044259
and thus secure their prey	0	0.033205
We therefore effected an early start, a very fortunate occurrence; for in the afternoon a combination of four blow-outs and a worn-out pump delayed our arrival in Claremont until late in the evening.	0	0.022832
This lack of water meant that we could not collect many plants.	0	0.022037
There should be, however, a definite understanding among the believers in nature-study as to just what they consider essential in the nature-study course and then see to it that it is enforced.	0	0.022407
This is done by state superintendents of education in connection with many other subjects in the curriculum.	0	0.024064
in order to ensure the enforcement of the laws and regulations for the protection of the employed	0	0.046602
to ensure that the rights and dignity of all workers are protected	0	0.080933
If, however, within the period mentioned, Hungary fails to discharge her obligations, any balance remaining unpaid may, within the discretion of the Commission, be postponed for settlement in subsequent years or may be handled otherwise in such manner as the Allied and Associated Governments acting in accordance with the procedure laid down in this Part of the present Treaty shall determine.	0	0.026090
The Commission will not assume any responsibility for the financial condition of Germany or her allies, nor will it be bound to adjust the terms of payment based on their ability to meet the obligations.	0	0.026012
Consequently all military schools not required for this purpose shall be abolished.	0	0.021038
This regulation ensures that military schools maintain a balanced representation of future officers within their student body.	0	0.030095
if concurred in by the Representatives of those Members of the League represented on the Council and of a majority of the other Members of the League	1	0.603800
Provided that the report of the Assembly is not opposed by the Representatives of any of the parties to the dispute	0	0.031371
Such institutions, therefore, are part of the order established by the Founder of the kingdom of heaven.	0	0.024395
These moral partnerships enable individuals to transcend their limitations and achieve a higher state of existence.	0	0.025723
But these instructions to slaves do not stand alone.	0	0.022931
They should not expect their bond servants to serve them out of fear or resentment.	0	0.024154
Hence it is that justification comes to faith, since it is by trustful confidence that we accept the promise of God, and consciously make it our own.	0	0.022909
1: Because it is through faith alone, without any human effort, that we receive God's grace and redemption.	0	0.078541
But, above all, the consciousness of the presence of the Lord with me will carry me through my work in the Assembly.	0	0.024186
I was invited to be present and take some part in the ordination of John Sloan in the Park Church.	0	0.021237
for in Luke v. 16 it is written that He was in the habit of thus withdrawing : αὐτὸς δὲ ἦν ὑποχωρῶν ἐν ταῖς ἐρήμοις, καὶ προσευχόμενος	0	0.180953
because I had not been able to find a church where I could preach	0	0.077965
But once or twice a week I could spell some one down and get up head of the class.	0	0.021114
I thought I would go home and stay there and work on the farm.	0	0.023557
but he was full of whiskey every time he did this	0	0.025341
but I had not expected him to take it so seriously	0	0.050103
The cause of this fracas was the colored boy had gone in swimming and the white boy hid his clothes while he was in there.	0	0.026230
The reason for this was because the colored people were considered inferior and had no rights under the law.	0	0.028183
But if the oil raises a riot, if it arouse trouble and resentment, let us give something pleasanter.	0	0.020632
I do not mean to imply that any of these methods are to be preferred to the simple method of swallowing the castor oil directly.	0	0.026916
for the reason that he is working for a living and not getting it	0	0.039948
acknowledging that some nerves do not exhibit electrotonic currents even when stimulated	0	0.038756
The effect and the result increased his confidence in alcoholic stimulation.	0	0.021093
This method of self-treatment suggests a man who is more concerned with immediate relief than with long-term health.	0	0.026570
but it has to be made so extremely long in order to obtain sufficient capacity that it is not a practical antenna for long wave or long distance work	0	0.048353
but it is not so good as a horizontal wire when the object is to send the signal in a given direction	0	0.028125
but it has to be made so extremely long in order to obtain sufficient capacity that it is not a practical antenna for long wave or long distance work	0	0.048353
but that two wires, forming a cross, are better still	0	0.033588
In the storage battery, however, the necessary chemical conditions of the plates is restored by the action of a current of electricity from some outer source, usually from a dynamo.	0	0.023506
It is therefore necessary to replace the entire cell when it has been discharged.	0	0.022735
for on it depends the success of a broadcasting station	0	0.022889
to ensure that the sound quality is optimal for listeners	0	0.049033
although more energy is sent in the parallel direction of the horizontal wires, than at right angles	0	0.033325
but the T type has the advantage of being less susceptible to interference from nearby objects	0	0.038126
if the battery is in one	0	0.038098
and ensure that the electrolyte is clean and free of impurities	0	0.058421
Heat has an effect upon this process.	0	0.030589
When an electron leaves an atom, it can be attracted by other atoms with a negative charge.	0	0.034115
so that the total number between filament and plate remains constant at a given temperature	0	0.023624
the filament will emit more electrons	0	0.047927
For this purpose a test buzzer is usually fitted to a crystal receiver.	0	0.020788
This is because the crystal detector can become less sensitive over time due to changes in temperature or wear.	0	0.046862
Krigar's cupola can, therefore, be recommended not only for foundries, but also for Bessemer works.	0	0.027530
This design ensures that the smelting process remains efficient and uninterrupted, thereby enhancing productivity and reducing costs.	0	0.037589
if due regard is taken to economy and good quality in casting	0	0.028728
but it requires careful management to produce good results	0	0.039335
Yet there are signs, even among the uncivilized, that polygamy is passing away.	0	0.021071
It is an instance, nevertheless, of the slowness with which radical changes succeed in leaving great masses of mankind, that the older system, with the ban of Evolution upon it, still survives in Modern Europe.	0	0.021243
Yet there are signs, even among the uncivilized, that polygamy is passing away.	0	0.021071
It is an instance, nevertheless, of the slowness with which radical changes succeed in leaving great masses of mankind, that the older system, with the ban of Evolution upon it, still survives in Modern Europe.	0	0.021243
although reconstructions of the cosmos in the light of Evolution are the chief feature of the science of our time, in almost no case does even a hint of the true scientific stand-point appear to be perceived	0	0.025076
It has also recognized the need for reform in the political system	0	0.048100
but, perhaps because the author of the theory himself but dimly apprehended the complement of his thesis, few seem to have perceived that anything was amiss	0	0.022742
but if they had allowed the theory to develop in the direction indicated by the author, it would have been possible to construct a more satisfactory system	0	0.039614
The dormouse thus brings forth its young in August, when the nuts begin to ripen; and the young deer sees the light just before the first grass shoots into greenness.	0	0.030204
This natural phenomenon led to the survival of offspring born during optimal conditions, resulting in the adaptation of birthing seasons within each species over generations.	0	0.024299
so unstable the equilibrium, that when slightly sick or faint, Man cannot stand at all	0	0.024281
possibly the human race will eventually be able to stand upright without discomfort	0	0.023719
for they are possibly fewer; nor their difference in shape, for that is immaterial	0	0.256113
but rather the arrangement of the rooms within	0	0.048715
Because the causes which up to this point have furthered the evolution of the Hand have begun to cease to act.	0	0.021735
Because the human hand has evolved over millions of years to perform countless tasks, adapting to the needs of survival and advancement.	0	0.026897
if their standard happens to be the same	0	0.027538
whether the individual's actions are motivated by genuine moral principles or merely by the desire to avoid punishment	0	0.080173
in order to understand their complicated mode of growth	0	0.029590
which may be due to their common origin from a single ancestral type	0	0.026539
So that while, as in these Hydroids, the zooid form may be produced by budding, yet the time comes when the individuals of one colony must mingle their reproductive elements with those of a remote colony, through the medium of the water.	0	0.022033
Therefore, sexual reproduction ensures genetic diversity and prevents the decline of species over time.	0	0.030708
though filled with the most anxious thoughts	0	0.032017
but he knew that the journey would be fraught with danger	0	0.041810
Because a daily thickening barrier of silence has crept between us during that time, and this silence is so dense that in vain we yearn to pierce it.	0	0.020441
I have been exploring Africa, facing dangers and hardships, and discovering new lands.	0	0.030157
Accordingly, next morning, he mustered two hundred and eighty men with fifty muskets, and two hundred spearmen, and placed them in eighteen canoes and set out for Bumbireh, eight miles distant, and reached the island at two o'clock in the afternoon.	0	0.037643
The natives of Bumbireh likely prepared for conflict, anticipating that the previous day's incident would lead to retaliation.	0	0.024619
but are well kept and very beautiful	0	0.031340
but they are filled with a quiet beauty that speaks to the soul	0	0.066514
because there was a strike among the deck hands, and the cargo could not be unloaded	0	0.039460
because the strike had caused the steamer to be delayed	0	0.047759
The brute, however, developed a surprising speed and endurance, so I settled down to enjoy the ride.	0	0.021463
I had expected to find the stable near the entrance, but it was not there.	0	0.022668
So my memories of Madras will be roads, dripping trees, and long stretches of stuccoed garden walls of a uniform discolored and mouldy yellow, all seen from the front seat of a gharry.	0	0.022515
We were disappointed in our attempt to visit the Cathedral and the Museum due to the man's incompetence.	0	0.022209
if they have no eyes	0	0.030144
but the eyes will help them	0	0.025173
though it is only a hundred miles long	0	0.033553
	0	0.341272
so that all its problems are somewhere solved, all its darkest mysteries are known to the supreme Self	0	0.026790
It follows that the world must be knowable	0	0.032395
although the true Vernunft-Allgemeinheit has not been fully reached	0	0.023943
1. . . . but the individual is not conceived by himself, or apart from his relations	1	0.945280
But suppose I resist the evil impulse, hate it, hold it down, overcome it, then, in this moment of hating and condemning it I make it a part of my larger moral goodness.	0	0.022563
I must recognize that the very impulse which I abhor is the means through which I can achieve moral growth.	0	0.024035
The purpose of the law is to protect the life of the person so employed, and this protection continues so long as he is engaged in a service necessary and proper to that employment."	0	0.047651
[missing sentence describing a cause or reason] the court's decision was based on the interpretation that the statute aimed to protect those who were lawfully engaged in the pursuit of deserters.	0	0.174584
If, therefore, the government of the United States, through its legislative department, considers the presence of foreigners of a different race in this country, who will not assimilate with us, to be dangerous to its peace and security, their exclusion is not to be stayed because at the time there are no actual hostilities with the nation of which the foreigners are subjects.	0	0.024810
The government's decision regarding the use of its powers would be final and binding on all its officials and agencies.	0	0.025502
But the serious aspect of the present decision is that, by a new interpretation of the constitution, it so ties the hands of the legislative branch of the government, that without an amendment of that instrument, or unless this court, at some future time, should return to the old theory of the constitution, congress cannot subject to taxation-however great the needs or pressing the necessities of the government-either the invested personal property of the country, bonds, stocks, and investments of all kinds, or the income arising from the renting of real estate or from the yield of personal property, except by the grossly unequal and unjust rule of apportionment among the states.	0	0.176432
It is not the duty of the courts to revise the wisdom of the legislature, but only to see that it has not exceeded its powers.	0	0.028662
so that the living donors would have witnessed the disappointment of their hopes, the perfidy of the transaction would have been universally acknowledged	0	0.030007
the corporation would have been dissolved, and the property reverted to the donors	0	0.071270
although both its language and spirit embrace commerce by land as well	0	0.023794
but the importance of commerce overland cannot be overlooked	0	0.022450
They were failures because they did not take account of what was going on around them, of having an association which should dominate over all in the interest of all.	0	0.023303
The inherent nature of human beings, driven by individual ambition and self-interest, makes it impossible to create a cooperative environment amidst intense competition.	0	0.025160
because owners of capital have found that under comfortable conditions more is got from the labor, and therefore they do it	0	0.024106
because the demand for cotton goods has increased dramatically	0	0.034631
But do you suppose that even those who hold building allotments are going to be dispossessed or injured?	0	0.021669
I do not think that the working man will ever be able to pay for his own house.	0	0.026187
but nevertheless the rights of parents to bring up their children in ignorance were interfered with by Parliament, and were put a stop to as far as they then could go	0	0.036409
to make sure that every child had the opportunity to receive an education	0	0.095514
Therefore I say what we look to is a thoroughly organised SOCIALISM.	0	0.020958
In this new society, people will no longer be exploited by the wealthy elite, but instead, everyone will contribute to and benefit from the collective effort.	0	0.058362
if all things are owned by everybody	0	0.026429
You will have no markets here	0	0.021534
although God forbid it should come by force, I trust will come with the organised education of all	0	0.021212
but it is not without its dangers	0	0.039096
The practical modus operandi, therefore, would be about as follows: The patient suffering from malignant disease is irradiated without first submitting to tentative exposures.	0	0.022566
The patient's comfort and safety must always be prioritized during treatment.	0	0.027404
but it could not have found fault with the continuation of the treatment after slight reaction had shown itself	0	0.023999
we would have been justified in continuing the treatment until the cancer was cured	0	0.042013
But when repeated exposures of ten minutes' time are necessary, the question of susceptibility, as well as of ordinary cumulative irritation, should be considered, and therefore the intervals between the exposures should be made long-a week on an average.	0	0.023150
We should not worry too much about the discomfort caused by the X-rays during the examination.	0	0.024121
but with no great success	0	0.035843
and to persuade the Indians to adopt peaceful pursuits	0	0.047086
although a truce existed at the time	0	0.031588
However, the French also engaged in warfare with the Iroquois	0	0.053225
but with no great success	0	0.035843
185. In the meantime, the agents of the New England colonies were engaged in endeavours to counteract the influence of the French among the cant	1	0.957763
although a truce existed at the time	0	0.031588
but the Iroquois also killed some Frenchmen	0	0.040781
for concealment, into the recesses of the neighbouring forests, and then to dispatch their able-bodied men to the defence of the city	0	0.045840
as the British fleet had already driven the French from the St Lawrence	0	0.062743
Such, however, is not the case, as the capture of Quebec depends on a coup-de-main.	0	0.022580
But it is not to be supposed that the enemy will give up the contest without a struggle.	0	0.022851
The peace thus established was not of long duration.	0	0.021647
The peace thus established lasted for many years.	0	0.025354
The same cause led that Governor to project the establishment of a fort and military station at Cataracoui (Kingston), which was afterwards built by his successor, and called Fort Frontenac.	0	0.031245
This shift in trade routes was caused by the Iroquois' strategic efforts to control commerce with the northern and western Indians.	0	0.024495
for they set out with rods and baskets, to find some accessible silent nook or recess free enough of limbs and brush wherein to cast the fly	0	0.027041
...for they were keen fishermen and knew the value of such a spot	0	0.072358
So, to compromise himself only partially, he tacked on what we supposed was a slit of bacon with a new glaring red-fly.	0	0.021635
He knew a pickerel would turn up its nose at a fly gewgaw.	0	0.023226
They are, however, distinct from all the true turns in that they consist of a mere push, stop, and pull back of the tracing foot, and are made without any change of front of the body.	0	0.023191
They form beautiful marks on the ice, and are the chief constituent of some of the finest picture figures.	0	0.022643
because the second curve of outside or inside edge follows directly from the first edge; and the two curves are joined at the point of the turn without the intervention of a bit of curve in the contrary direction	0	0.057522
52 The non-changed curve turn is the best drawing, because it is easier to execute and requires less skill	0	0.048884
Theoretically therefore the free leg should pass the tracing leg half-way through the curve; in practice, however, it is better to keep it behind in forward curves for longer than half-way, and in back curves to bring it behind before half-way.	0	0.066872
This ensures that the skater maintains balance and control throughout the turn.	0	0.035564
but no by-law may appoint a penalty exceeding £5 for any one offence, and no county by-law has any force within a municipal borough	0	0.035555
and no by-law shall be made which conflicts with any law of the United States or of New Mexico	0	0.056229
so that Gaol Sessions are no longer necessary	0	0.032658
henceforth the Quarter Sessions are no longer held in the divided counties	0	0.024723
for the county rate may also be framed upon it	0	0.022087
to ensure that the valuation reflects the true market value of properties within the parish	0	0.064835
Consequently, central government, when it came, had to reckon with local government as an established fact, and has had to do so ever since.	0	0.020955
This process of unification under a central authority was crucial for the formation of a cohesive English identity.	0	0.023965
for the county rate may also be framed upon it	0	0.022087
which is used to ensure that all parishes are rated fairly and consistently	0	0.031718
but prosecutors and prisoners have no longer the right to insist on a trial beſore a judge of assize of offences triable at Quarter Sessions	0	0.030238
... and to try all offenders who have been committed by a magistrate	0	0.038208
One result of the restrictions is that municipal property is often let much under its real value.	0	0.022464
This law allowed landlords to control the use of their land for up to seventy-five years.	0	0.025355
however, that they shall be furnished as often as a new lodger occupies the bed	0	0.022588
provided, that the lodger is not guilty of any act of uncleanliness or disorder	0	0.043590
It follows that payments made out of the city treasury under such circumstances are unlawful.	0	0.023636
This means that any changes to the town's water supply must be approved by the State Board of Health.	0	0.038683
But no rule of the state board or of any public board or officer shall at any time compel the vaccination of a child, or shall exclude, except during epidemics of smallpox and when approved by the local board of education, a child from the public schools, for the reason that such child has not been vaccinated.	0	0.036445
Any person who is required to be vaccinated must provide proof of their vaccination status upon request.	0	0.029673
if an infected person cannot be removed without danger to his or her health	0	0.032099
Provided, however, that no person shall be detained longer than is necessary to prevent the spread of the disease	0	0.036169
It is called thus because it is supposed to be 9 miles from Santa Clara Pueblo, or from the Rio Grande.	0	0.024412
2, p. 456, 1910.	1	0.952489
unless we remember that nearly fivesixths of the 18,500,000 tons of ore passes us by to enrich other cities	0	0.022382
chiefly because of the lack of improved docking capacity at this port	0	0.030493
But the wheezy, worn-out engine and our efforts failed us, and we slept that night miles away from Adrian; of course the committee and audience of twelve hundred persons were disgusted; we lost the fee, fifty dollars, and the seventy-five dollar railway ride.	0	0.026130
We had expected them to be grateful for our efforts to ensure their show went on as planned.	0	0.020792
so I took rooms at a hotel	0	0.033736
we were glad to find shelter	0	0.035415
Thus a total of seventy-two modern vessels at the same time could load or unload their cargoes.	0	0.021350
This efficient system ensures that the loading and unloading processes are swift and smooth.	0	0.050274
Yet, save for that one reproach, it persisted.	0	0.023442
It was not a love that could be expected to endure.	0	0.022556
if they believed themselves damned	0	0.026766
if they were assured that their sufferings would be rewarded	0	0.030594
however, throughout Europe generally and in certain sections of America, quietism found adherents	0	0.022500
it was a great success	0	0.078774
for she had loved much	0	0.025978
because she had been a sinner who had repented	0	0.336265
As a result the delinquent was rare.	0	0.021467
Her name was blotted out of all records.	0	0.026997
Because of his iambics, he has a niche in the hearts of the polite.	0	0.021032
The poem's enduring appeal lies in its vivid portrayal of love's many facets.	0	0.038645
so, if, after leaving New Friendship, you went a little to the right or a little to the left, you would get lost also	0	0.036454
you might find yourself in the midst of the marshes of Carelessness	0	0.028724
though the perfection persisted, the stamp of divinity ceased	0	0.024188
... she had ruled through her power	0	0.031774
Since the convocation of the Estates General in 1789, political life in France had rapidly developed.	0	0.031218
18th-century French salons evolved into 19th-century Clubs, which influenced legislative policy.	0	0.111753
The sovereign endeavored to replace the old and outworn judicial system with one more suited to contemporary conditions.	0	0.024569
The Emperor Joseph II made great strides in reforming the judicial system and penal code of the Habsburg Empire.	0	0.042747
It has been shown that inadequate illumination is directly responsible for many industrial accidents and that proper artificial lighting is a preventative measure.	0	0.028759
Protective lighting has become a desirable feature of industrial lighting, leading to the development of various methods of exterior lighting, including flood-lighting projectors.	0	0.025382
The mayor possesses the veto power over all ordinances passed by the city council.	0	0.031423
1884 debate on socialistic policies in England	0	0.050284
Contrary to the expectation of many at the time of its adoption, the constitution has proved itself extremely stable.	0	0.028986
The process of amendment provided by the instrument, while not so difficult as to be impracticable, as was the case with the articles of confederation, has nevertheless proved too cumbersome to be resorted	0	0.037867
The book on Cambridge is largely an account of the founding and history, centuries long, of that great English University.	0	0.022534
This passage describes the collaboration between historian Edward Tuckor and artist W. Matheson in documenting the history and architecture of Cambridge.	0	0.038797
By diluting cow's milk with water to reduce the proportion of proteids, and adding cream and milk sugar, a compound similar to the baby's natural food is produced.	0	0.023634
1. The preparation of artificial milk for infants is described, including three formulas for different age groups.	1	0.761458
Briefly summarized, in a single statement: according to psychoanalysis, the unconscious is a region of the mind, the content of which is characterized by the attributes of being repressed, conative, instinctive, infantile, unreasoning, and predominantly sexual.	0	0.051612
The unconscious is defined by six attributes, among others, based on testable experiences.	0	0.022777
This volume is a comprehensive, philosophical resume of life reaching back to the lowly protozoa and from this basis tracing various lines of development and discussing the more important factors which have played a part in the modification of life.	0	0.025510
This passage discusses the approach taken in a book on zoology, emphasizing the focus on life's reactions and development over static descriptions.	0	0.024068
The authority of the Sacred Scriptures, inclusive of the epistles of apostles, is strongly asserted.	0	0.021342
1 Corinthians 14 : 3	1	0.846194
The variocoupler is a form of inductively coupled receiving transformer compactly made into one unit.	0	0.021529
The variocoupler is a type of receiving transformer that varies the coupling between its primary and secondary coils through mechanical means.	0	0.035576
Radio waves are created or generated in several ways.	0	0.027178
1. Damped waves and undamped waves are both types of radio waves generated by different methods.	1	0.700082
The final arrangement regarding these matters of revocation and confirmation of the credit will reflect the bargaining power of buyer and seller in international trade.	0	0.022694
This passage explains how importers and exporters negotiate letters of credit to minimize financial risks.	0	0.024498
the clip will not go into market quite so early as usual.	0	0.021105
12 words or less: The article concludes by noting that shearing in Northern states will be delayed due to the late spring.	0	0.027745
but seeing detectives onboard, one of them became frightened and jumped off.	0	0.024778
but were discovered after jumping off the train.	0	0.029267
It should also not be lost sight of that the Indians themselves were the pioneers in introducing Western education in this country. The Hindu College of Calcutta was established long before Macaulay penned his celebrated minute or Wood sent out his Educational Despatch to India.	0	0.036708
Thomas Babington Macaulay played a pivotal role in shaping Western education in India through his influential policies and speeches, which aimed at modernizing and Christianizing Indian society.	0	0.038078
The Indian authorities, it has been said, were afraid of educating the people of India. Even so late as 1853, some of the Anglo-Indian witnesses examined before the Select Committees on Indian affairs were not in favour of educating the natives of India, for they thought that would make them disloyal.	0	0.041411
1840s saw some interest in Indian education by English authorities, but it was not whole-hearted or consistent.	0	0.023752
When one can produce accents to pass as a native in eight different cities, one has more reason to feel at home than some others who have always been at one local home.	0	0.022211
When the Irish people rise to claim their rightful place among the nations of the world, they will do so with the spirit of freedom burning in their hearts.	0	0.032664
annexation of the Imerethians by Russia	0	0.061986
The disastrous retreat of the French from Moscow.	0	0.036160
The ultimate reality is transferred from sensible matter to a uniform medium which is a plenum filling all space: all events occur and are propagated in this plenum, the ultimate elements of matter consisting of permanently existing vortices or other singularities of motion and strain located in the primordial medium.	0	0.025070
The author likely answers that this phenomenon is due to invisible forces or fields that act over distances, as understood through scientific principles of the time.	0	0.023738
what seems to many the absurd suggestion of equality between the sexes,	0	0.024389
Women's rights and equality	0	0.245241
Against the advantages must be set the drawbacks: the comparative break-up of home life and the habitual neglect of children. The problem is a grave one, and opinions are conflicting, but most people agree that something should be done at any rate to arrest the terrible infant mortality, which is to be found in all the centres which give widespread employment for married women.	0	0.026980
It is generally considered more beneficial than harmful for women to work outside the home, as it can provide them with financial independence and valuable life experiences, though care should be taken to ensure their health and well-being are not compromised.	0	0.048102
Equanimity and courage and steadfast hope were characteristic of Stephens all his life through. Whoever doubted Ireland's fitness to free herself that did not he.	0	0.021945
James Stephens was a man of great energy and determination, who dedicated his life to the cause of Irish independence.	0	0.057319
If we are to have National Freedom we must at least be prepared to fight. Home Rule will give us only the freedom of the convict in the prison fields, always within range of the warder's gun. The Home Rule Parliament, should it ever be established, will not be permitted to use freely the powers given to it, much less to extend them, unless it is backed by an armed and resolute nation.	0	0.030711
The role of Home Rule in Irish politics is to grant Ireland self-government within the United Kingdom, allowing it to manage its own internal affairs while remaining part of the British Empire. This concept aims to address the aspirations for greater autonomy among Irish nationalists.	0	0.048064
Every man and woman — one might say every animal, and even some of the inanimate objects — seem to be full of life. The crowds of women in the streets, walking rapidly past, pushing and elbowing everyone who stands in the way, all intent on business or pleasure, are a sight not likely to be soon forgotten. I wonder how people can stand the noise and bustle.	0	0.026555
A traveller's first impressions of London would be of its vastness and grandeur, with its towering buildings and bustling streets. The city's history and culture are evident in every corner, from ancient churches to modern skyscrapers. Despite the hustle and bustle, there is a sense of timeless elegance and sophistication that pervades the air.	0	0.051918
The crowds of women in the streets, walking rapidly past, pushing and elbowing everyone who stands in the way, all intent on business or pleasure, are a sight not likely to be soon forgotten. For me it is a sight more striking than attractive. After all, a woman's place is at home rather than in the street.	0	0.025546
Women have always had their place in public life, but it is often overshadowed by the more prominent roles played by men.	0	0.027688
It is worth while standing for a time on this bridge, viewing the enormous traffic; thousands of vehicles pass in a day. Note the skill of the Chinese scullers in navigating their heavy-laden cargo and passenger boats under the bridge. Note also the enormous variety of boats: Chinese post-boats are frequently to be seen, propelled swiftly by a man seated in the stern, who works a paddle with his foot, and steers by another under his arm.	0	0.048704
The Garden Bridge, with its verdant banks and tranquil waters, offers a picturesque vista where the bustling cityscape meets serene nature, a perfect blend of urban life and natural beauty.	0	0.034884
The view from the bridge, looking towards the river with the handsome Russian Consulate on the left and the Gardens on the right, is very good. The greenhouses of the Public Gardens occupy the corner between the Bund and the Soochow Road—they are always well stocked with plants. Across the road are the Public Gardens, much too small, but invaluable to the Settlement.	0	0.041136
The Garden Bridge, spanning the Bund in Shanghai, offers a picturesque view of the city's European quarter, with its colonial buildings and the bustling waterfront beyond.	0	0.050665
Plasma contains an antecedent of fibrin which by chemical change is converted into fibrin.	0	0.024727
Causes include injury or infection leading to blood vessel damage.	0	0.049004
In the first place, the muscle becomes acid, not so acid as in rigor mortis, but still sufficiently so, after a vigorous tetanus, to turn blue litmus distinctly red.	0	0.024780
When a muscle contracts, it undergoes chemical changes that result in the release of energy stored in its fibers.	0	0.076110
The curve described by a muscle on a recording surface during a simple muscular contraction may be called a curve of a simple muscular contraction or, more shortly, a "muscle-curve."	0	0.037770
A muscle-curve would be seen as a physical manifestation of inner strength and vitality, embodying the essence of life's struggle and triumph.	0	0.028011
We recognize national traits of character, which, differing from each other, cannot all be virtues, and some of which must therefore be deemed faults. These, not being essential to the organization, in the course of the intermingling of races disappear by neutralizing each other, while, the higher qualities remaining, a higher type is evolved.	0	0.027217
1875 Encyclopaedia Britannica states that the average height of men in England is five feet nine inches. This measurement reflects the higher standard of living and better nutrition available to the general population compared to previous centuries.	0	0.039117
In all the higher, as compared with the lower, races of mankind the length of the leg is greater and that of the arm less.	0	0.023701
Higher illumination levels are achieved through the use of more efficient light sources and better distribution techniques.	0	0.042679
Rational being consists of body, soul and spirit. Of these the body may cease its life-action, and the soul may then be laid down, or be severed from the spirit, and this is death (Hickok), but the life is not laid down or disconnected, and could not be for a moment, for that would be cessation of being. The spirit returns to God who gave it.	1	0.534929
It is generally believed that the soul continues its existence after death, though the nature and destination of this existence vary widely among different cultures and religions.	0	0.046236
The middle classes, the bourgeoisie, the small traders, business men, skilled and intelligent artisans, mechanics, and the like, who have had a determining influence in modern liberal and democratic states, constituted then an insignificant element in the population: they were the growth of a later period in these sections of Europe, a development subsequent to the French Revolution.	0	0.030443
The liberal party in Scotland was growing stronger every day, and it seemed likely that they would soon be able to carry their views into effect.	0	0.022985
By the end of the eighteenth century the disintegration of the Empire had proceeded far.	0	0.022173
The paragraph discusses the fragmentation of the Holy Roman Empire into numerous smaller political entities.	0	0.026930
From what we know of God, we believe that He will give to every one a sufficient probation, and as some, according to our view, do not seem to have a sufficient probation here, it may be that they will have it after death. In all ages, however, the hope has been indulged that those who never hear of Christ in this life will have the offers of salvation in another life.	0	0.027602
1875 Encyclopædia Britannica states that the belief in an immortal soul is widespread among Christians, but acknowledges that the nature and destiny of the soul after death are subjects of much debate and speculation.	0	0.048419
When a body is kept in equilibrium by any number of co-planer forces, the algebraical sum of the moments of all the forces about any point in their plane is zero. Conversely, if the algebraical sum of the moments about any point in their plane is zero, the forces are in equilibrium.	1	0.946635
The principle of moments states that when a rigid body is in equilibrium under the action of two or more forces, the algebraic sum of the moments of these forces about any point must be zero.	0	0.086576
There are two other economies resulting from their use; they save one step in each flight of stairs, and in the height of the walls; and being put into position as soon as the supporting salient courses are set, they may be protected by boards, and used as scaffolding, saving the cost of the latter.	0	0.027798
The birds took flight as soon as the hunter approached.	0	0.038406
Forty sq. rods equal 1/4 of an acre; 1/4 of $300 is $75, the cost of 40 sq. rods.	1	0.952502
40 sq. rods is equivalent to 1/160th of an acre. Therefore, at $300 per acre, 40 sq. rods would cost $7.50.	1	0.876352
468 cu. ft.; or 3 Cd. 84 cu. ft.	1	0.959108
378 cubic feet, or 1.5 cords.	0	0.109243
10 mi. 5 fur. 5 rds. 5 yds. 0 ft. 11 in.	1	0.967813
10,509 miles, 1,261 furlongs, 5,044 rods.	1	0.958443
Training of the visual imagination is something that becomes more and more important in these days when copious illustration of books leaves little for this faculty to do.	0	0.023203
Descriptive passages can be effectively used in teaching by having students visualize the scenes or objects being described.	0	0.037383
The development of literary taste is a difficult, slow, and vexing task.	0	0.027458
The beauty of literature is best appreciated through constant exposure to its finest expressions, particularly in poetry.	0	0.024676
What happiness if the door should not be locked!—but of course it is, for in these great places, the gardeners are the only people who can go where they like.	0	0.022073
What happiness, if the door should not be locked! But of course it is; for in these great places the gardeners are the only people who can go where they like.	0	0.022878
Mrs. Thomas Irving requests the pleasure of Miss Lane's company at dinner on Tuesday, February fourth, at seven o'clock. 26 Dearborn Park, January thirtieth.	0	0.460968
"My dear Sir, I have the honor to invite you to dine with me on Wednesday next at six o'clock."	0	0.035030
Having a little leisure and some curiosity, I went to see the aeroplane.	0	0.023277
"With a bit of free time and curiousity, I decided to visit the aeroplane."	0	0.026677
Although Mrs. Linnet is somewhat tiresome because of the shrillness of her note, which she repeats over and over, she is such a loving mother to her numerous brood and works so faithfully for the family interests, that even when we are tempted to ask her to retire to some far-away spot and cultivate her voice we cannot fail to admire her.	0	0.024618
Mrs. Linnet, to be sure, is somewhat tiresome because of the shrillness of her note, which she repeats over and over; but she is a loving mother to her numerous brood, and works faithfully for the family interests; we admire her, although we are tempted to ask her to retire to some faraway spot and cultivate her voice.	0	0.027508
Deduction is the name given to that method of reasoning which, from a knowledge of a general truth about a class, draws a conclusion about a smaller class, or about a single object, instance, or individual.	0	0.042560
This passage illustrates how we often infer causes based on observed effects and similar cases.	0	0.023251
Miss Lane regrets that a previous engagement prevents her from accepting Mrs. Irving's kind invitation to dinner on Tuesday, February fourth, at seven o'clock. 2 University Place, January thirty-first.	0	0.095270
1. "Dear Mr. [or Miss] [Name], I regret that I am unable to accept your kind invitation to dinner on [date]. Please accept my apologies."	1	0.593744
These slang words show not only a vulgar smartness in the manners of their user but, moreover, a sad lack of originality.	0	0.022017
According to Shackford, these words might be united by their being slang terms.	0	0.021537
When the valves in this connection are open, the flow into the calorimeter is induced by vapor-pressure difference caused by heating the reservoir above the temperature of the calorimeter.	0	0.025505
When the time came to write the story, the author had only to put into words what he had already thought out.	0	0.025058
On the 5th November, 1525, he was incorporated at Oxford, being one of three masters of arts who had been preferred to Cardinal Wolsey's college in that university. Proving however violent Lutherans, they were one and all obliged to leave it.	0	0.025110
1) John Fryer preferred a life of travel and exploration over the confines of his medical practice. 2) His accounts of violent encounters with native peoples during his travels were often sensationalized in his writings.	1	0.818337
He graduated doctor of medicine at Leyden in 1638, was incorporated at Oxford 14th January, 1640-1, and was admitted a Candidate of the College of Physicians 22nd December, 1643; and a Fellow 9th August, 1648.	1	0.574794
John King, a seventeenth-century physician, was admitted to the Royal College of Physicians and incorporated into its ranks for his contributions to medical science.	0	0.053294
When I look round it is like a battle-field; many old friends gone; and then I see brethren like men wounded in the fight, such as Manson, Moody-Stuart, Macdonald, both my own brothers, laid aside from their former work.	0	0.022631
When the first settlers arrived in North America, they found it inhabited by various Indian tribes.	0	0.033968
Astronomy is the science which deals with the distribution, motions, and characteristics of the heavenly bodies.	0	0.069739
Astronomy is the science that deals with the stars and other heavenly bodies. Astronomy is the science that deals with the stars and other heavenly bodies.	1	0.968341
The chief direction of the Fenian conspiracy was assumed by James Stephens, who had been implicated in the Phoenix affair, and who never cordially agreed with O’Mahony. Stephens was very despotic—a true revolutionary leader.	0	0.037093
James Stephens was a prominent figure in the Young Ireland movement, which sought to achieve Irish independence through revolutionary means.	0	0.098006
These reforms did not, however, put an end to Irish agitation. The Home Rule party, which demanded the restoration of a separate Irish Parliament, showed increased activity, and the general election of 1874 gave it a strong representation at Westminster, where one section of the party developed into the “Obstructionists.”	0	0.045573
In Ireland, the concept of Home Rule was central to political discussions, advocating for self-governance within the United Kingdom, which aimed to address issues of representation and governance more suited to Irish needs.	0	0.026078
Albumenoids are sometimes called the histo-genetic bodies, because they are essential to the building up of the animal organism. The readiness with which these bodies change in the moist condition produces the digestive and other ferments in the body, and the synaptase, diastase, and emulsin which we find in plants.	0	0.033998
Albumenoid bodies are essential for sustaining life as they provide the necessary nutrients and energy for bodily functions.	0	0.026225
Aluminium remained a laboratory product until Deville, about 1858, succeeded in improving the mode of production, so as to render the operations capable of management on the manufacturing scale. The process consists in heating to a red heat a mixture of the double chloride of aluminium and sodium, or the double fluoride of aluminium and sodium (cryolite), with the metal sodium.	0	0.054830
Aluminum is prepared commercially by electrolysis of alumina dissolved in cryolite.	0	0.029394
It can hardly be said to be obvious why, in uncultured races or individuals, there should arise that invariable tendency to represent natural forces as conscious and anthropomorphic. Evidently the notion of an animating, separable, and surviving soul commends itself as the ready explanation of many familiar phenomena, and the appropriate instrument of a philosophy which ascribes animation to nature at large.	0	0.025358
The philosophy of animism originated with primitive man, who attributed life and consciousness to all things, including stones, plants, and animals.	0	0.045185
The final decay of many forms of animistic belief, much more readily than the process of their development, admits of being traced with the aid of historical evidence.	0	0.021191
This paragraph discusses how scientific understanding has evolved over time, moving away from spiritual and animistic explanations towards more materialist and lawful ones.	0	0.053370
A territory of the United States, bounded N. by Utah, E. by New Mexico, S. by Mexico, and W. by California and Nevada, with an estimated area of 113,900 square miles.	0	0.121539
Arizona, with its vast expanses and rugged beauty, is a land where nature's handiwork reigns supreme.	0	0.027350
The notion of animal-souls, largely prevalent among savage tribes, still faintly survives in our own country.	0	0.020299
Animals are not generally believed to possess souls in the same sense as humans do.	0	0.027093
The Afghans, inured to bloodshed from childhood, are familiar with death, and are audacious in attack, but easily discouraged by failure; excessively turbulent and unsubmissive to law or discipline; apparently frank and affable in manner, especially when they hope to gain some object, but capable of the grossest brutality when that hope ceases.	0	0.038357
1911 Encyclopædia Britannica The Afghans are a warlike people, with a strong sense of honour and independence, but they are also hospitable and generous. Their manners are simple and direct, and they have a reputation for honesty and frankness.	0	0.273343
Roger Bacon, an English philosopher and man of science, was born near Ilchester in Somerset. His family appears to have been in good circumstances, but in the stormy reign of Henry III, their property was despoiled and several members of the family were driven into exile.	0	0.068742
Roger Bacon was a philosopher and Franciscan friar who lived during the thirteenth century.	0	0.104859
Francis Bacon was an English philosopher, statesman and essayist. Very little is known of Bacon's early life and education. At Cambridge he applied himself diligently to the several sciences as then taught, and came to the conclusion that the methods employed and the results attained were alike erroneous.	0	0.043793
16th-century English philosopher and statesman known for his contributions to the scientific method and his philosophical works.	0	0.026144
Backgammon is a game played with draughtsmen and a special board, depending on the throw of dice. It is said to have been invented about the 10th century. A similar game was known to the Romans, and Plato alludes to a game in which dice were thrown and men were placed after due consideration.	0	0.034025
Backgammon is a game played with dice and twenty-four black and white pieces on a board marked with twenty-four points. The object is to move all one's pieces off the board before the opponent does so.	0	0.042305
Baby-farming is a term meaning generally the taking in of infants to nurse for payment, but usually with an implication of improper treatment. Previous to the year 1871 the abuse of the practice of baby-farming in England had grown to an alarming extent, while the trials of Margaret Waters and Mary Hall called attention to the infamous relations between the lying-in houses and the baby-farming houses of London.	0	0.029985
Baby-farming refers to the practice of hiring out orphans or abandoned infants to families who could not afford to raise them themselves, often under conditions that were exploitative and sometimes harmful to the children.	0	0.053703
A babu is a native Indian clerk. The word is really a term of respect attached to a proper name, like "master" or "Mr," and Babu-ji is still used in many parts of India, meaning "sir"; but without the suffix the word itself is now generally used contemptuously as signifying a semi-literate native, with a mere veneer of modern education.	0	0.035631
The term "babu," often used by British colonials in India, carries connotations of a person who has been educated in Western ways but retains Indian cultural roots, sometimes implying a certain level of social pretension or lack of genuine Western education.	0	0.026758
Baboon is properly the designation of the long-muzzled, medium-tailed Egyptian monkey, scientifically known as Papio anubis. In a wider sense, the term is applied to all the members of the genus Papio (formerly known as Cynocephalus) now confined to Africa and Arabia, although in past times extending into India.	0	0.038379
A baboon is a large, long-faced monkey with a thick tail, found in Africa.	0	0.041267
Although not unique in its conception or theme, 'Broadway After Dark,' which heads an exceptionally well balanced bill at the Palladium this week, is a notable film if only for its direction, photography, and acting.	0	0.030102
Photography serves as a powerful tool to capture the transient beauty of life, much like how Mansfield's treatise aims to preserve spiritual truths through intellectual exploration.	0	0.027603
You will send me to hell and others with me. You will make my name a by-word in the gutters. By making a public character of me again you will bring renewed shame to my parents. You will make my little sister, who has all her beautiful life before her, hang her head in the presence of all her companions. I say you will do this. I mean that you can do it. Are you going to do it? Tell me, are you going to do it?	0	0.052923
The actress might argue that her reputation is already damaged because she has been forced to tell her story to someone outside her inner circle. She could also suggest that if her story were printed, it would be sensationalized and misinterpreted, leading to even more harm than the current damage.	0	0.036565
Oh, my! Yo' niggah dog, an' from Ameriky, I do 'clare! Come heah, honey, an' let ole Dinah pat yo' head!	0	0.033106
"Oh, Judge! My little American friend! How are you today?"	0	0.028797
Just as I was about to turn into the street where stood my hotel home, I saw coming towards me with outstretched hand and smiling countenance, the wellknown and distinguished editor of one of London's high-class periodicals, in the pages of which an article of mine had just appeared, and for which I had received a most liberal check and such a kind and encouraging letter of thanks as only an English editor knows how to write.	0	0.027929
A liberal education should include the study of literature, rhetoric, and composition to develop clear and effective communication skills.	0	0.044182
The object in either case is to continue the life of the Species; the essence of both is self-sacrifice; the first manifestation of the sacrifice is to make provision for Others by helping them to draw the first few breaths of life.	0	0.035534
1894 was before the discovery of DNA, so it would be impossible for Drummond to answer this question scientifically. However, he might say something like:	0	0.100276
But the real answer is the general one, that to make animals human required a conspiracy of circumstances which neither Birds nor any other animal fell heir to.	0	0.020362
The author might answer: "Birds lack the complex brain structures necessary for language and abstract thought."	0	0.033607
The attacks on the Darwinian theory from the outside were never so keen as are the controversies now raging in scientific circles, over the fundamental principles of Darwinism itself. On at least two main points--sexual selection and the origin of the higher mental characteristics of man--Mr. Alfred Russel Wallace, co-discoverer with Darwin of the principle of Natural Selection though he be, directly opposes his colleague. Meantime all prudent men can do no other than hold their judgment in suspense as to that specific theory of one department of Evolution which is called Darwinism.	0	0.026193
The current state of scientific opinion is that Mr. Charles Darwin's theories are widely accepted and form the foundation of modern biology.	0	0.027608
Any Biology, any Sociology, any Evolution, which is based on a single factor, is as untrue as the old Geology. It is only when both the Struggle for Life and the Struggle for the Life of Others are kept in view, that any scientific theory of Evolution is possible.	0	0.026830
The struggle for life is indeed central to Darwin's theory, but it must be understood as part of a larger framework involving natural selection and adaptation. This struggle also includes the survival and propagation of one's own kind, as well as the life of others within one's social and ecological community.	0	0.032036
On the 4th, the caravan came up, and on the following morning was dispatched forward, the leader being spurred on with the promise of a liberal reward if he hurried to Unyanyembe.	0	0.026991
Liberalism, as a political philosophy, advocates for individual freedom and limited government intervention in economic affairs.	0	0.070622
Cairo is a fascinating place. It would be long before I should tire of watching the life on the streets. Arabs, in long flowing robes, Jews, Mohammedans, tall black men from the Soudan, English soldiers, officers, English ladies, donkeys, tram cars, and handsome carriages all mingle in confusion.	0	0.034211
A traveller would likely describe Cairo as a bustling metropolis, teeming with life and culture, where ancient traditions coexist with modernity, offering a unique blend of history and progress.	0	0.031528
I am getting to understand the money at last. The banks cash our American Express Company's cheques with English gold in sovereigns. You can imagine how heavy twenty of these are. In Italy we could get paper money, and go to the bank often; but in India I have twice already had my funds run almost to zero before I could get a chance to replenish, so I find it necessary to carry large sums.	0	0.025476
I found managing my finances in India quite challenging. The currency was unfamiliar, and the exchange rates fluctuated wildly. Additionally, the local markets often required exact change, which was hard to come by with the large denominations common in British currency.	0	0.032978
Tourists are very rare in these parts, and all the little brown people along the way showed great interest in us. Tiny boys on the road took off their caps, mothers turned their babies around to see the strange sight, old people, going home hand in hand from their day's work in the fields, called out a cheerful greeting.	0	0.029085
Being a foreigner in Japan was a unique experience, filled with both curiosity and respect. The Japanese people were courteous and hospitable, often going out of their way to accommodate visitors. However, the cultural differences were stark, and one felt like an outsider, yet also deeply admired for their refinement and discipline.	0	0.033298
All the while the distant Pyramids lured us on. These are known as the Pyramids of Ghizeh. At the end of the car line, a crowd of Egyptians with camels and donkeys were in waiting, and our guide soon had us all mounted on camels with a boy to lead each beast. I had a nice, clean, intelligent-looking boy, but I approached the camel allotted me with some trepidation.	0	0.032558
A traveller setting out from Cairo to visit the Pyramids would likely describe the journey as a blend of anticipation and awe. The route, passing through the desert sands, offers breathtaking vistas of the vast, unspoiled landscape, punctuated by occasional oases where life thrives. Upon reaching the Pyramids, the traveller would marvel at these ancient wonders, feeling a profound sense of history and human achievement.	0	0.046952
There is a "pull" about the place that is irresistible. It is embowered in green trees and shrubs, with fragrant flowers everywhere; the roads are fine and hard, the streets are lighted with gas, but most bewitching of all are the people. They are so quaint as to clothes, or lack of them, so bright-eyed and smiling.	0	0.032368
19th-century Colombo was a bustling port city, with a vibrant street life characterized by the activity of merchants, sailors, and laborers. The streets were filled with the sounds of haggling traders, the clatter of carts, and the calls of vendors selling various goods, creating a lively atmosphere that reflected the city's role as a major commercial hub.	0	0.165648
A revolution in which you alter all present forms of expression – a revolution in which you efface the habit of centuries of education – a revolution in which the use of the words “my house,” “my coat,” “my watch,” “my book,” all disappear.	0	0.059915
A mental revolution would mean abandoning all sense of personal property and individual rights.	0	0.022233
Civilisation has only been in proportion to the energy and enterprise of the individual.	0	0.027342
The individual's role is to contribute to society through education and moral development.	0	0.029893
The human personality, whether called the soul or the spirit, does not go out of the body at death, but retreats within the body, back into the germ from which that body grew, and from which, provided the "deeds done in the body" were not such as to destroy its vitality, there is ground to infer that another body will grow.	0	0.030840
Kate McCarthy believed that the soul, after death, would find its eternal home in heaven.	0	0.032809
As the Animal Monad is as immortal as the Human Monad, and as the Animal has the seeds of all the principles (including the human) in itself, the only difference between the two is that in the Animal the specifically human principles are latent and potential and await their development in the future, but in the Man they are active and potent.	0	0.079337
Animals possess life and consciousness but lack immortal souls.	0	0.023397
When his body collapses and dissolves, he is dead, and remains dead till he lives again in a new, organized vital body.	0	0.022932
When the British government refused to grant Home Rule to Ireland, the Irish people took up arms to fight for their freedom.	0	0.056327
The answer is, it was now the policy of the French to act strictly on the defensive.	0	0.021304
1758 was a year of significant military activity, with major battles like Louisbourg and Carillon occurring early, leaving ample time for further campaigns but none were initiated until late summer.	0	0.030258
I heard some news that astonished me.	0	0.025599
1. I heard some news that astonished me.	0	0.146326
"Cloud" is a noun. "Hid" is a verb. "Moon" is a noun.	1	0.968666
"cloud" is a noun, "hid" is a verb.	1	0.929308
"Butcher" is a singular noun, and its plural would be "butchers." "The singular and plural forms of "sheep" are the same, and it could be either singular or plural in this context.	1	0.791683
"Sheep" stands for more than one; its singular form is "sheep."	0	0.028857
Darwin’s work is an attempt to account the diversities of life on our globe by means of continuous development, without the intervention of special creative fiats at the origin of each species; the extreme conclusion of which is the physiological relationship and community of origin of all living beings. Darwin’s views have been adopted by some of the most scientific men of the age, while by others they are denounced as unfounded and absurd.	0	0.025502
In 1898, scientific opinion largely supported the theories of Mr. Charles Darwin, which had revolutionized our understanding of biology and natural history.	0	0.028339
the birth of Victor Cousin	0	0.158759
1861 American Civil War began	1	0.592115
the beginning of the American Civil War	0	0.235490
1865 American Civil War began	1	0.720584
There is no more tragic spectacle than that of a man of genius who is not a man of honor. And yet, until vaster and more definitive studies of the problems of homosexuality, of degeneracy, and of criminal pathology shall have been completed, Wilde will continue to be what Byron has been aptly termed: "a fascinating trouble."	0	0.025637
Oscar Wilde's life was a testament to his literary genius, as his personal struggles and societal conflicts inspired his works, making him a unique voice in Victorian literature.	0	0.052315
The worst difficulty is in the use of the Centigrade scale below freezing. Any one who has had to study figures, half of which have minus signs before them, knows the amount of labor involved.	0	0.021624
The writer likely argues that the Centigrade scale's arbitrary zero point makes it less practical for meteorological purposes compared to other scales.	0	0.026311
You can not get rid of the established divisions of the circle and the points of the compass. You can not escape from those quarters which the order of Nature in several ways forces on us.	0	0.025076
The writer might argue that the metric system's unfamiliarity and complexity make it difficult for people to adopt and use effectively, thereby causing confusion and inefficiency.	0	0.026308
It can not be denied that there is, and has been for many years, a strong tendency toward the decimal sub-division of single units, even among users of our own clumsy system of weights and measures.	0	0.023926
The inconsistencies in weight measurements across different regions highlight the need for standardization in commerce and science.	0	0.026040
But it is the camera that catches these attitudes the best of all for us, and last summer I paid very considerable attention to the photography of adult living frogs. Most of these results were as fine as could be desired, and one of the best of them is presented here as an example (see figure).	0	0.024540
Photography was a new art form that captured moments in time, much like the fleeting beauty of nature's changing seasons.	0	0.034523
Ladies generally prefer smaller sizes.	0	0.024641
1911: "The paper used by ladies is usually of a larger size, and is often decorated with designs or borders."	0	0.406549
Paper with a black border, the width of the border corresponding somewhat to the nearness of the relationship and the recentness of the bereavement.	0	0.026521
Mourning paper was a black fabric or paper used to make clothing and other items worn by those in mourning.	0	0.033829
The name of the post-office and the name of the state.	1	0.869293
1901 cookbook author Katharine Rolston Fisher would likely specify the name of the town and the county or state.	0	0.027504
but if their letters are valuable with such a defect, how much more so they would be without it!	0	0.021894
"Yet even they should strive for clarity."	0	0.032659
Pursuing the negro up a flight of stairs in an Eleventh street saloon, the officer was mortally wounded, but before breathing his last fired the shot that killed the negro.	0	0.027453
Before the dawn of the twentieth century, the case of Dr. Crippen gripped the public imagination with its blend of mystery and modern forensic science.	0	0.032665
Wheeling in his tracks, Crippen saw running from a negro poolroom in Eleventh street, between R and Q streets, a negro, waving his revolver wildly in his hand.	0	0.023288
The police were wildly excited when they discovered that Policeman Crippen had solved the mystery of the missing diamond necklace.	0	0.025138
Miss Merriam and Miss Williams arrived at the aviation field in Potomac park shortly after 4 o’clock, but were forced to wait some time while preparations for the flight were completed.	0	0.027645
The birds took flight as the hunter approached, their wings beating the air with grace and speed.	0	0.026621
They are useful to remove surplus fluids from the body.	0	0.025644
Because they promote sweating and relaxation, aiding weight loss.	0	0.027372
Uncle Gideon, my mother bids me tell you that she is dying, and that you must come to her at once.	0	0.028933
"Gideon, my mother is very ill. You must go to her at once."	0	0.100212
I know what I think, but I don't want to speak yet; only I want to know, Ruth, about that verse; I found that, and thought about it. I couldn't see that it means what you think it does. I used to think in my very heart that joining the church, and trying to do about right, was all there was of religion; but I have found that I was wonderfully mistaken.	0	0.031277
"Ruth, I'm not sure if dancing is mentioned in the Bible. Could you help me understand better?"	0	0.025919
Court favour is like sunshine, it cannot penetrate if you run into the shade. I shall walk through, make my bow, observe how many tiers have been added to the Queen's head-dress in my absence, and while you, Marquis, are standing uncovered in the cold, I shall be back at Paris.	0	0.022962
"Well, gentlemen, I see the winds are shifting. It's time to pack up and head back to Paris where I can enjoy the warmth of my own hearth rather than the cold politics of Versailles."	0	0.036860
My own, my king, my husband! we will stand or fall together-hand to hand, heart to heart. We are not to be separated, you and I, in life or death.	0	0.039531
"My dearest Albert," she said, her voice trembling slightly, "we must stand together. Our people need us to be strong and wise. Let us not let petty squabbles divide us."	0	0.038059
What's your own private opinion of John as a spouter.	0	0.022406
"Frank, I can't help but admire John Butler's tenacity. He's got a fire in him that's hard to quench."	0	0.038922
No, Frank, I have no wish to say even that. I have no desire to say anything. What have I done that you should say such things to me?	0	0.045187
"Frank, I beg of you to understand! Your words cut me like a knife. How can you say such things? I know my faults, but please do not wound me so deeply."	0	0.034779
Good-evenin, Mr. Barry, I hope I'm seein' ye well?	0	0.021677
"Well, it's a fine day for a walk, isn't it? I do love the sun on my old bones."	0	0.055136
Yes, it's magnificent. You know, Mr. Lindsay, one of the greatest regrets I have is that I can't find leisure to peruse my books. Quite a lot of them I have-haven't I, Frank?	0	0.023300
"I wish I could find time to read, but my garden demands all my attention. Every morning before dawn, I'm out there, and come evening, I'm still tending to it."	0	0.051893
Good-bye, uncle Hugh. And thank you-thank you for all your kindness.	0	0.028041
"Uncle Hugh, I thank you from the bottom of my heart for everything. It's hard to leave, but I must. I'll be back soon."	0	0.041749
You mistake me altogether, Hugh. I have not the slightest intention of entering into any discussion on any topic whatsoever with Mrs. Chorley.	0	0.023320
"I cannot bear it, Charles! You know I have no interest in these matters. Please do not involve me in your political discussions."	0	0.032935
Reggie is not old and he is not young. I never can understand why people make such a fuss about their ages. I am forty‑eight and Reggie is forty‑three this year, and I make no bones about it.	0	0.036198
"Reggie must be nearly twenty-five," Annabel said thoughtfully, "but he looks so much younger."	0	0.038115
I do not know, but I think you have the gift of healing	0	0.028117
"I have a gift, my friend," he said quietly, "a gift that may help those in need."	0	0.026212
Poor Wildacre had it in him to do great things, but he lost his chance. At least he did worse than lose it; he threw it away to the swine, and trampled it among the husks.	0	0.024038
"Poor old Wildacre," Arthur said, his voice thick with emotion, "he was a true artist, and now he's gone."	0	0.041492
Get in, Usha, and take the paddle. I can spring in when it is off the sands.	0	0.021644
"Quick now, Usha, jump in! We're going out to see the whales. Hold tight and paddle hard."	0	0.043518
Let us leave the garden. Let us go into the burying-ground-here is spring, and that means love and hope. I have nothing more to do with spring.	0	0.021984
"Oh, how can I bear this? The beauty of spring only serves to remind me of my own emptiness."	0	0.029537
This contains the correspondence I mentioned, and some other things of varied importance. Everything about the post is in complete readiness for your own further orders.	0	0.021187
"Here are the papers, sir," said Arnold, handing them over with a slight bow. "I trust they will be of some use." He then turned to Philips, his face flushed with anger, and muttered, "This is ridiculous! I should have been in command long ago!"	0	0.333085
nine verses, eight of them being 5 xa, or heroic, and the ninth 6xa, or an alexandrine	0	0.252347
12 lines, ABAB CDCD EFEF GG rhyme scheme	1	0.921110
'Tis at your bidding, Fate, I come My hist'ry to recount; And I, though unrenowned by age, Am Liberty's sweet fount. Before a white man's foot had trod Upon my long-sought shore, E'en though the savage only knew, 'Twas rich in golden ore.	0	0.039352
In days when none had set foot here, Before the red man's proud domain, I was the home of liberty, Where every soul was free to reign.	0	0.024966
But a stick of timber which can be delivered in a place where men are building houses is a bit of wealth.	0	0.021770
The same gallon of water, when available in a bustling metropolis, becomes a valuable commodity, contrasting sharply with its negligible worth in a remote wilderness.	0	0.023558
It is because the answer will certainly determine our conduct now, and there is every reason to believe that it will affect the result hereafter.	0	0.022688
Because understanding our ultimate destiny can provide motivation and purpose in our current lives.	0	0.027458
But, sure, maybe he couldn't spare longer, so busy he must be over in big London.	0	0.021944
	0	0.341272
if you listen to his "White Company" and to "Micah Clarke!"	0	0.028956
who has a vivid imagination and a deep understanding of human nature	0	0.093032
so that at his death his own son saw himself master of a country not less than 255,000 square miles in extent	0	0.029582
thus securing peace and stability for his realm	0	0.032132
so they had that bare, unfinished appearance which is so disappointing to the stranger first visiting Scotland, who is accustomed to the bright little flower-gardens of the south-country villages of England	0	0.038901
It was evident that the inhabitants had fled before the bombardment began	0	0.031753
But, with the recent development of practical means of blood vessel anastomosis, direct arterio-venous transfusion again seemed to come within the realm of possibility.	0	0.021846
It was generally believed that only blood from the same species could be used.	0	0.023670
This failure, however, of the electoral college to retain its power of independent choice is probably not much to be regretted.	0	0.020794
It is not expected that the voter will scrutinize the qualifications of each elector individually.	0	0.021521
so we were glad enough to stop for luncheon at an out-of-door restaurant	0	0.028452
and we felt the heat of the sun on our backs	0	0.050303
so as to secure a willing attention to his representations	0	0.021650
and who, through his personal example and his wise guidance, helped to establish a lasting bond between the French colonists and the indigenous peoples	0	0.073809
But with the consent of the parties, a judge may decide such a question beyond the limits stated.	0	0.022755
1. The court may revise any assumption that the defendant's title is valid.	0	0.159037
Dr. J. M. L. Marique's thesis, entitled Recherches experimentales sur le Mécanisme de Fonctionnement des Centres psycho-moteur du Cerveau, though presented in 1885, deserves mention here for its admirable summary of researches on the excito-motor area and sensory centres of the cortex since 1870, and also for his novel method of experimentation, which, however, itself needs further study.	0	0.047249
In his experiments on dogs, Professor W. G. Brown-Séquard aimed to understand the relationship between motor centres and sensory functions by isolating these areas through surgical means.	0	0.034254
The Manchester League, promoted by Cobden, Bright, and others, maintaining a persistent agitation, and supported by Sir Robert Peel and his successors, Earl Russell, Mr. Gladstone, &c. succeeded in bringing about great reforms in economic and financial politics.	0	0.033334
1832 saw the passing of the Reform Bill, which extended the franchise, and gave the middle class a voice in the government of the country.	0	0.067102
This volume contains a brief but comprehensive summary of the most salient points to be considered in the elementary knowledge and treatment of mental disease.	0	0.023950
This article discusses the content and purpose of a book designed to aid medical practitioners and nurses in understanding and treating mental illnesses.	0	0.031813
The fate of the Wood Duck is determined by its breeding and migration range.	0	0.025451
The American Woodcock is a bird that has been hunted almost to extinction.	0	0.058253
Moreover, the employment of large capital and improved machinery has enormously increased production and decreased cost to the consumer.	0	0.024251
The average wage-earner in America lives today in a manner quite superior to the small manufacturer of former days.	0	0.022155
have usually a light touch, and an apparently inexhaustible power of turning out bright and readable, though often flimsy, articles upon social subjects.	0	0.021132
Women writers are capable of producing thoughtful and valuable content.	0	0.028983
It is a reflexion of the revolution that is going on below in the forms of production to-day.	0	0.023001
A mental revolution means a change in people's attitudes and beliefs, making them more open to new ideas and ways of thinking.	0	0.039450
All the great advances have been made by men, even under our present individual system, who were really imbued with the collective idea.	0	0.020983
The individual's role is to contribute to the collective progress through moral and intellectual development.	0	0.024628
When the hunters begin to come in next moon with sheep from the mountains you must comb the wool as you did when you were a little girl, and then make it into rolls and twist the yarn; make the dyes and color it, not for your husband's stockings only, but for a dancing-blanket.	0	0.022887
When I first set foot on the soil of India, I was struck by its vastness and diversity.	0	0.039738
If, after a family conclave, the husband, father, or brother quietly pocketed his own conflicting opinion, sallied forth and supported the measures favored by the home majority, what right-minded woman could complain? It would be merely an extension of the main principle of republican government.	0	0.022926
In a society where women have equal rights and actively participate in governance through direct or representative democracy, it might be justly claimed that men are the actual political representatives of women.	0	0.025414
Miss Laura Merriam and Miss Dorothy Williams were the two daring society girls who made the record-breaking flight, and both were taking their first trip in the air.	0	0.026520
Two girls from high society soared through the skies in their homemade aeroplane, defying gravity and the norms of their social circle.	0	0.031001
At present, travel to the moon is impossible. But perhaps some centuries to come the problem will be solved. Before the invention of balloons and aeroplanes, after all, no one thought seriously of being able to rise in the air. Whoever finds out a means of suppressing or even diminishing the force of gravitation, that mysterious power which holds the heavenly bodies together and keeps us fixed to the earth, will thus enable men to leave their planet and launch out upon the conquest of neighbouring worlds. And the Moon may be the first stage of these inter-planetary voyages.	0	0.034728
In 1912, the technology for space travel was still in its infancy, and the idea of traveling to the Moon seemed more like a dream than a possibility. However, with the rapid advancements in aerospace engineering and rocketry since then, it has become increasingly feasible. Today, we have the capability to send robotic probes to the Moon and even manned missions are being planned. Thus, while it was not possible in 1912, the answer now leans towards a definite yes, given current scientific and technological capabilities.	0	0.086636
It is still night in the region in which we have landed on the surface of the Moon. The sky sparkles with incomparable splendour. The eye can distinguish in it thousands and thousands of stars. Not even the glories of a tropical night can give any idea of what night on the Moon must be. But soon the Sun will appear. There is no dawn to herald it, but already there is rising in the east a long, spindle-shaped trail of whiteness; it is the zodiacal light, ten times more brilliant than with us. For hours this false dawn rises higher in the sky; its tints of phosphorescent colours are brighter and brighter from the summit to the base; in the midst of the enormous cone, all aglow with green and opal, there gleams a resplendent star: it is the beautiful Venus, hardly recognisable amid its mantle of light. But already the fine rays of the Sun's corona are heralding the day-star.	0	0.136283
The transition from night to day on the Moon is a spectacle of profound beauty. As the Sun rises above the lunar horizon, it casts its golden rays upon the surface, illuminating the landscape with a soft, ethereal glow. The shadows gradually recede, and the once darkened craters and valleys begin to take on a new life. The contrast between the illuminated and unlit portions of the Moon creates a striking visual effect, as if nature herself were performing a grand illumination.	0	0.078573
It is likely that there are in the Moon some small craters formed in this way. But the volcanic theory of the lunar circles does not explain everything. One might, first of all, object that it is very strange that we generally do not find in the interior of these great circles any serious inequalities of the ground, any mountain resembling those of the outer rampart. One would expect to find regular concentric rings at various distances from the centre, marking the progressive decrease of the eruptive phenomena in the course of geological time. But there is nothing of the kind!	0	0.056213
The theory that lunar craters are formed by volcanoes has been largely discredited. Recent observations and studies suggest that these features are more likely the result of meteorite impacts or other geological processes rather than volcanic activity.	0	0.079021
Usually, from one of two reasons. They lack vitality, or they overflow with uncontrolled vitality. Fretfulness, laziness, cowardice, lying, and even aggressive faults like perversity and obstinacy, are often due to lack of vitality—a pathetic, misjudged protest against being forced into the wrong work. Bad temper, cruelty, roughness, stealing, and all the myriad acts we classify as "mischievous," may result from the great gift of superabundant vitality—an energy which, like electricity, is capable of service, but disastrous when uncontrolled.	0	0.074462
In "Sea and Bay," Stork suggests that children are often seen as troublesome or "bad" because they are naturally curious and energetic, traits that adults sometimes find difficult to manage. He writes, "The child is not bad, but he is new, and he is eager to learn." Stork believes that these qualities, which can appear mischievous or disruptive, are actually signs of a healthy, inquisitive spirit, essential for growth and development.	0	0.138652
A French writer of comedies and pseudo-scientific romances. His first comedy, Pailles Rompues, was produced 1850; it was followed by Onze Jours de Siège; L'Oncle d'Amérique; and several comic operas. These had great success in Paris; but Verne's fame rests chiefly on his long series of mock-scientific extravaganzas, beginning with Five Weeks in a Balloon, 1863. More than 30 have been translated into English and published in large editions in England and the United States.	0	0.294495
Jules Verne was a French novelist renowned for his science fiction works, which often depicted futuristic inventions and adventures. Born in 1828, he wrote stories that combined scientific speculation with thrilling narratives, influencing many later authors and filmmakers. His most famous works include "Twenty Thousand Leagues Under the Sea" and "Around the World in Eighty Days."	0	0.153707
