text	label
Keep back-keep back- or I will shoot you dead and follow you to Hell over the krantz.	0
"I'll shoot you, Stephanus! I'll shoot you!"  Gideon's voice was hoarse and trembling.  "You have been a bad, bad boy, and I will shoot you."  "Gideon, Gideon," said Stephanus, "don't do it! Don't do it! I am your brother, and I love you. I know you don't mean to hurt me. Come, come, let us go home."  "No, no,	1
Pa, it will be very lonely here while you are away.	0
"Oh, Uncle Diederick, do not go! I shall be so lonely without you."  "I will take my wife with me, and we will have plenty of company."  "But, Uncle Diederick, you know I cannot bear to be left alone."  "Well	1
Well, Jacomina, Ill have to see about getting a wife myself now. But you need not be afraid on account of Aunt Emerencia; no one, who is not a fool, buys an old mare when he can get a young one for the same price.	0
"I'll have a horse of my own yet, Jacomina, and I'll ride him to church."  "And I'll be your wife, Uncle Diederick," said Jacomina, with a laugh.  "Yes, and I'll be your wife, too, and we'll go to church together."  "Oh, Uncle Diederick, you're a funny	1
The wolf is in a trap; for ten long years he will have to bite the door before it opens. Aletta, are you taking the part of this wolf—the jackal in a mans skin, against me?	0
"I have no right to say anything, but I cannot help thinking that you are wrong." "You are wrong, I am sure," said Aletta, with a smile. "I am sure you are wrong, and I am sure you will be sorry for it." "I am sorry for it now," said Gideon, with a sigh. "I am sorry for it now, and I shall be sorry for it always." "I am glad to hear you say so," said	1
Stephanus shot me by accident-I accused him falsely because I hated him all my life.	0
"I was wrong, Marta. I was wrong. I have been wrong all my life. I have been wrong."  He paused, and then added, "I am sorry, Marta. I am sorry."  He turned and went out.  The door closed behind him.  The room was silent.  The dying woman lay still.  The night was very still.  The stars were shining brightly.  The wind was blowing softly.  The leaves rustled gently.	1
Kanu, are you here? Oh God, the baboons. Kanu-Kanu.	0
"Kanu! Kanu! Where are you? I want you!"  "Poor little blind child!" said Mrs. Macdonald, as she gently stroked the child's head.  "Poor little blind child!" said Mr. Macdonald, as he held her in his	1
Uncle Gideon, my father sent me back to live with you until his release.	0
"I came to see you, Gideon," she said, in a low voice, and then, after a pause, added, "Father sent me."  "Poor little blind child!" said Gideon, as he took her hand.  "I am glad to see you, Elsie."  "I am glad to see you, too, Gideon."  "I have been thinking of you, Elsie, ever since I heard that you were coming."  "I have been thinking of you, Gideon, too."  "I have been thinking of you, El	1
You haven't had a single examination class yet; then it is clearly your duty to help the afflicted. Bear ye one another's burdens, you know. I shall have enough examination papers of my own before night.	0
"I am sure you will be able to do something for me, Marion. I have been working all day, and I am quite worn out. I want you to go over the examination papers with me."  "Oh, I don't think I can do it," said Marion. "I have had enough of examinations for one day."  "But you must, Marion; you must,"	1
Just let me ask you a question. Why did you think, before you were converted, that it was wrong for Christian people to dance?	0
"I don't think I ever danced, Miss Marion." "I don't believe you did, Eurie," said Marion, smiling. "I never saw you at a dance." "No, I didn't," said Eurie, with a little sigh. "I didn't like it."	1
That is one of the marked difficulties. Now I have heard people talk, who led you to infer that it was the easiest thing in life to mold these young teachers into the required shape and form; that you had only to sweetly suggest and advise and direct, and they sweetly succumbed. Now, don't their mothers know that young ladies naturally do no such thing?	0
"I am so glad to see you, Marion," said the little girl, "and I have brought you a present." Marion smiled. "What is it?" she asked. "A new book," said the child. "It is called 'The Little Girl's Book of Good Manners.'" Marion took the book and looked at it. "Thank you, my dear," she said. "I shall read it with great pleasure."  insufficent information.  (Marion Wilbur is a school teacher, and the passage is from a novel written in 1891.)  (Marion Wilbur is a school teacher, and the passage is from a novel written	1
Sure enough, Little Flossy, where are your verses? You were going to give us whatever you found in the Bible. You were the best witness of all, because you brought such an unprejudiced determination to the search.	0
"I have found some beautiful verses, Flossy, that I want to read to you."  "Read them, Marion," said Flossy, with a little sigh of contentment.  "I am so glad you have found them."  "I will read them to you, Flossy, if you will promise me to think of them."  "Yes, Marion,	1
You are mistaken in supposing him to be a friend of mine. We have the most distant speaking acquaintance only, and I have a dislike for him amounting to absolute aversion.	0
"I don't know anything about him," said Ruth, with a shudder. "I hate him."  "He's a good fellow," said Dr. Dennis. "He's a good fellow," repeated Ruth, with a bitter laugh. "I hate him."  "Well, I'm glad you're not going to marry him," said Dr. Dennis. "I'm glad I'm not going to marry him," said Ruth, with a sigh. "I'm glad I'm	1
I don't in the least understand what you are talking about. Of what interest could it have been to Dr. Dennis what I am doing; and why should he have delivered a lecture?	0
"I don't understand it," she said, with a puzzled look. "Why should he want to know about my card game?"  "He's a very curious man," said Eurie. "He's always asking questions."  "Yes, I suppose so," said Flossy, with a sigh. "But I don't see what he can want to know about my card game	1
I haven't them ready, Dr. Dennis; I'm real sorry, and it's my fault, too. I had time to copy them, and I just didn't do it.	0
"I'm sorry, Dr. Dennis, I've been so busy with the children that I haven't had time to copy out the names."  "I know, Marion, I know," said the doctor, kindly.  "But I'll have to have them, you know, before I can give you your certificate."  "Oh, yes, I understand, Dr. Dennis; but	1
I have not been very often, it is true; but I intend to reform in that respect in the future. I mean to go whenever I can, and I mean to go always to the First Church.	0
"I have been neglecting my duty, and I mean to do better. I'll go to church every Sunday."  "That's right, Flossy," said the Colonel, patting her hand. "I'm glad to hear you say so."  "I'll try to be more regular," she said, flushing. "I'll try to be more regular."  "That	1
No, I didn’t mean to; and as to that, I never meant to do anything that was not just right in my life; but I meant to have just exactly my own way of doing things, and I tell you I took it. Now, Marion, while I blame myself as no other person ever can, I still blame others. I was never taught as I should have been about the sacredness of human loves, and the awfulness of human vows and pledges.	0
"I have been a sinner, Marion, and I am going to try to be better. I have been a sinner, and I am going to try to be better."  Ruth's voice was low and tremulous, but it was clear and firm.  She looked up at Marion, and her eyes were full of tears.  "I have been a sinner, and I am going to try to be better."  Ruth's voice was low and tremulous, but it was clear and firm.  She looked up at Marion, and her eyes were full of tears.  "I have been a sinner, and I am going to try to be better."  Ruth's voice was low and tremulous, but it was clear and firm.  She looked up at Marion, and her eyes were full of tears.  "I have been a sinner,	1
And your muster? How do you collect your men, Captain, and what number could you bring into the field—pardon, I ought to say, into the streets, with six hours' notice? All armed?	0
"I have no doubt of it," said De Vaucourt, "but I want to know if you could do it in time."  "In time! " repeated the grocer. "Why, sir, I could do it in an hour."  "An hour!" exclaimed De Vaucourt. "That's impossible."  "Not at all," said the grocer. "	1
I will not argue the point with you. You must make your own choice. It is quite simple—life or death!	0
"I am not going to be murdered in cold blood, and I will not be murdered in cold blood. I have a right to know what is going on."  Coupe-tête's voice was firm and clear.  "I am not going to be murdered in cold blood, and I will	1
Did you not hear it? It is quiet now, but it was loud enough a moment back. Do not look so scared, child; it is nothing.	0
"It was only a dream, Rosine. I am quite well now."  She smiled, and laid her hand on Rosine's shoulder.  "I am so glad you are here, Rosine. I have been so lonely."  "Oh, my dear Queen!  I am	1
That is why I brought her to Paris, in order to lose ourselves in the crowd of this great capital. That is why I took an apartment for herself and her grandmother, here in this very street, near you and Coupe‑tête, who are our only friends, and lodged myself where I can see her, and watch over her day by day. I am strong.	0
"I will take her to Paris, and there I will make my fortune, and then we shall be happy."  "But, Pierre, what will become of me? I cannot go with you."  "You must come, or I will not go."  "Oh, Pierre, do not say so! I could not leave my father."  "He will not hinder us. He is dead."  "Dead! Oh, Pierre, how can you say such a thing?"  "He died last night. I was with him when he breathed his last."  "Oh, Pierre, how could you tell me so?"  "I had to tell you, Léon	1
Pardon, mademoiselle! Permit me to offer my assistance; there-take my hand in yours; don't be afraid of hurting me, I can bear a good deal of squeezing without crying out. Excuse me if I embrace you too tightly: from such a situation one is only extricated by main force.	0
"I am not a man to be trifled with, my dear," he said, with a laugh. "I have a good deal of money, and I am not afraid to spend it."  "You are a very dangerous man, Count," she said, with a smile. "I am glad to see you again, Count," said the lady. "I am glad to see you too, my dear," he said, with a bow. "I have been looking for you all	1
Friends! Ye call that man a friend? Tell me how did he know ye were goin for turf the day?	0
"Nan, I've come to know the truth. I've come to know the whole truth. I've come to know that you have been unfaithful to me."  "I've come to know that you have been unfaithful to me, and that you have been unfaith	1
Oh, God help me, an God help us all, an' keep us for Christ's sake. Amen.	0
"Oh, God! Oh, God! I am so miserable! I am so miserable! I am so miserable!"  Nancy sobbed out these words, and then, with a sudden effort, she checked them.  "I must not cry," she said, "I must not cry."	1
I can't think how you came by such a notion, Marian,	0
"I don't think it wise, Marian, to go to a washerwoman's house."  "Why not?"  "Because she may have a husband at home."  "Oh, nonsense!"  "It is no nonsense, Marian. I have seen it done. A woman came to	1
I know you, Frank, you rascal; I know you.	0
"I have been a gardener all my life," he said, "and I have never known a better time than now. I have always loved flowers, and I have always loved the open air."  "And you have always been a good gardener?" asked Frank. "Yes, I	1
I know it, I know it. It's hell itself. And you, Frank Barry, you of all men, you with the truest woman for sweetheart and wife in all the world, you to do this!	0
"I have been a fool, Frank. I have been a fool. I have been a fool."  "I have been a fool, Frank. I have been a fool. I have been a fool."  "I have been a fool, Frank. I have been a fool. I have been a fool."  "I have been a fool, Frank. I have been a fool. I have been a fool."  "I have been a fool, Frank. I have been	1
Wantin' to run off to your uncle, indeed! Yes, that's what he was after, Nan.	0
"I'll go, I suppose," he said, "but I'm not going to be a sailor. I'll go to America, and get a job there."  "But you'll come back, won't you?" asked Nan.  "I don't know," he answered.  "I'll come back when I've made enough money to buy a farm."  "And then	1
Its getting late, Mrs. Butler. I must be off, I fear.	0
"I'll come and see you again, Mrs. Butler, if I can." He turned and walked away, whistling softly.  "Good-bye, Frank," said Mrs. Butler.  "Come and see me again, will you?"  "Certainly, certainly," said Frank	1
Hello, uncle, I didnt expect to find you up so late.	0
"I have been thinking of going to the city to-morrow, Hugh." "Going to the city! Why, Frank, what for?" "To see if I can get a job." "Why, Frank, you are not going to leave me, are you? " "No, no, Hugh, I am not going to leave you. I only want to earn my own living."	1
He deserves the very best the world can give him. There's not his like in all London. Your pity!	0
"I don't care for Ted," said Nan, with a little laugh. "He's not worth thinking about." "I'm sorry I said anything," said Frank. "I'll go now." "No, no," said Nan, "stay." "I must go," said Frank.	1
Who would save Ireland, sir? Would England, sir? Would politicians, sir?	0
"Ireland is a country, not a colony. It has its own government, its own laws, its own customs, its own traditions. It is a nation, and it will be free."  "It is a country, not a colony. It has its own government, its own laws, its own customs, its own traditions. It is a nation, and it will be free."	1
Thank you for the money. I am most careful, and am keeping a strict account. Yes; it is quite sufficient.	0
"I am so glad, Frank, that you have been able to help me. I am so grateful to you. I am sending you the money I have saved. I have not been able to do much with it, but I have been able to keep the boy at school."  "I	1
Aw, yes, we've come to an understandin' at last.	0
"I'm glad we've come to an understanding, Barry," said Ted, with a smile. "I'm glad, too."  "I'm glad, too," said Barry, with a	1
I'll allow ye. By God, I'll allow ye! Come out.	0
"I don't care what you say, I'll have my own way," said Ted, with a sudden flash of temper. "I'll have my own way, whatever you say."  "You're a brute, Ted," said Nan, her eyes flashing. "You're a brute,	1
Let me go; let me go. I'm a fool. No one cares for me now.	0
"I'm going to try to get to the next station. I'll be glad to see the last of you." He turned and walked away. 102. Chapter X. 103. Chapter XI. 104. Chapter XII. 105. Chapter XIII. 106. Chapter XIV. 107. Chapter XV. 1	1
Its this, its about yourself. What ails ye? I don't like to see ye.	0
"Why did you leave Camberwell? I thought you were going to stay there." "I was going to stay, but I couldn't." "You couldn't?" "No, I couldn	1
I don't believe you. I believe you are as false now as you have always been. Your weakness and thoughtlessness, your talk of pity and help!	0
"I am glad to see you, Marian," said he, with a smile. "I have been expecting you."  "I have come to tell you that I am going away," she answered.  "Going away? Where?"  "To America."  "To America! Why?"  "Because I have found out that I cannot live here."  "Why not?"  "	1
It'll be fine weather, Mr. Barry?	0
"I'm glad to see you, Hugh," said Nan, smiling. "It's a fine day, isn't it?" "Yes, it's a lovely day," said Hugh. "I'm going to take a trip to Scotland." "Oh, I wish I could go too," said	1
Well, Frank, my boy, what's your opinion, now, of things in general?	0
"I don't know what to think about it," said Dad, "but I'm sure I don't like it. I don't like it at all."  "Why not?" asked Frank. "Because," said Dad, "it's a sort of a mixed-up thing, and I don't like mixed-up things."  "But it's a good thing, isn't it?"	1
Now, Mr. Barry, now I'll do till supper time. Faith, an' bad manners to me keepin' ye there this long. But you'll know, sacks an stomachs were made to be filled.	0
"I'll be there, sure, if I'm alive. I'll be there, sure, if I'm alive."  "I'll be there, sure, if I'm alive."  "I'll be there, sure, if I'm alive."  "I'll be there, sure, if I'm alive."  "I'll be there, sure, if I'm alive	1
Ay, ay. Love an' blarney, love that makes the world go round, an' blarney that keeps it goin. Ay, ay.	0
"I'll be damned if I'll go to the workhouse, I'll not."  "I'll be damned if I'll go to the workhouse, I'll not."  "I'll be damned if I'll go to the workhouse, I'll not."  "I'll	1
Yes, its that, Marian? Well, and I have come to tell you to help you get it back. Listen to me, Marian.	0
"I have been thinking of you all the time, Marian, and I am so sorry that I have hurt you."  "I have been thinking of you too, Frank, and I am so sorry that I have hurt you."  "I have been thinking of you too, Frank, and	1
Listen, Marian. I've something to say to you, and I must say it. I've come to bring you back.	0
"Marian! Marian!" he called out, and then, when she did not answer, "Marian, I say! What is the matter with you?"  "I don't know," she answered at last.  "I don't know."  "Why don't you answer me?" he asked.  "I don't know."  "What do you mean by it?"	1
I am sure, I am quite sure we should all be so glad if you and Lady Sylvia would come over and spend the evening with us; we would make Lady Sylvia the presiding fairy to distribute the gifts from the Christmas-tree. It is the most splendid one we have ever had—	0
"I have invited Lady Sylvia to come and spend Christmas with me. I am so glad! I shall have a lovely time."  She looked up at him with a wild fire of exultation in her face, as if the millennium were at hand.  "I have invited Lady Sylvia to come and spend Christmas with me. I am so glad! I shall have a lovely time."  She looked up at him with a wild fire of exultation in her face, as if the millennium were at hand.  "I have invited Lady Sylvia to come and spend Christmas with me.	1
Look here, child. Do you see that? That is a fork.	0
"I am sure you will find it very useful, my dear," said the queen, smiling. "It is a great convenience."  "Oh, yes, I see," said the lady,	1
You see, Lady Sylvia, I am only an apprentice as yet. I am only learning how to use my tools. And the fact is, there is not one man in fifty in the House who fancies that any tools are necessary.	0
"I don't know what you mean by that," he said, with a slight frown. "I have no idea what you are talking about."  "I don't think you do," she answered, with a smile. "But I am going to tell you."  "Well, go on," he said, with a little impatience.  "You are going to be married to me, Hugh Balfour."  "To you?" he repeated, with a look	1
It must be a good thing for a man to have a woman beside him whose very presence will make the world sweet and wholesome to him.	0
"I have no doubt that the London woman is a very fine creature, but she is not made for the country. She must be kept in the city, and she must be kept in the house." "A wife is a great help to a man," he continued, "and if she is	1
I am sure Mr. Balfour would rather walk, papa, for I have discovered a whole series of short-cuts that I want to show him—across the fields. Unless it will tire you, papa ?	0
"I will show you a short cut," she said, smiling. "Come along."  "I will go with you," he said, and they walked together.  "I am going to Balfour's," she said. "He is waiting for me."  "I will go with you," he said.  "I am going to Balfour's," she said.	1
Look at the wines. The claret is nearly all Lafitte. I suppose those toadies of his have supplied him with a vin ordinaire at 120 shillings a dozen.	0
"I have no objection to the wine, but I do object to the price."  "It is a pity that the place is so ruined."  "Yes, it is a pity, but it is not my fault."  "I am sure it is not your fault, my lord."	1
I, at least, will not interfere in this election. Gentlemen, good-morning. Eugenius, the chaise is at the door.	0
"I have no right to interfere in the election of a member of Parliament, and I will not do so."  She paused, and then added, "I am glad to hear that you are	1
You must excuse me, Sylvia; I cannot possibly go over with you to lunch. I have some business which will detain me half an hour at least—perhaps more. But your uncle and aunt can go with you.	0
"I am not going to lunch with you, my dear," said Lord Willowby, with a sigh. "I have a great deal of work to do."  "Oh, I see," said Sylvia, with a little laugh. "You are going to write your will."  "No, no," said Lord Willowby, with a smile. "I am going to write a letter	1
But how would you explain this working of His power? We are too fond of explaining things nowadays. And until we know how to use them we shall probably not get the wings.	0
"I have no doubt that it is so, but I do not think that it is necessary to explain everything."  "It is not necessary to explain everything, but it is necessary to believe in everything."  "I am not sure that I agree with you there, Mr. Henderson."  "Why not?"  "Because I do not think that it is possible to believe in everything."	1
I am very much disappointed in Summerglade's contribution-very much disappointed indeed. I consider it most shabby. As a matter of fact I don't think it is large enough to entitle them to a grant from the Guild at all.	0
"I am sorry, but I cannot accept your offer. We have no use for any of these garments."  "I am afraid we shall have to go without them, Summerglade," said Annabel, with a sigh.  "We have no use for them."  "I am sorry, but I cannot accept your offer. We have no use for any of these garments."	1
Well, you see, Master Reggie, when I was that set against his coming to the Manor, he was strong and well, and so could stand up to me, as you might say: but now he is too weak and ill to hurt a fly. There's lots of folks as you can't stand at any price when they are able to stick up for themselves: but when they are knocked down you'd do anything you could to help them to get up again.	0
"I don't know what I was thinking of. I'm sorry, Frank."  "It's all right, Ponty. I understand."  "I was afraid you'd think me a fool. I've been so stupid, haven't I?"  "No, Ponty. You're not a fool. You're a good girl."  "Oh, Frank! I'm so glad you're not angry with me."  "I'm not angry, Ponty. I'm just glad you're not a fool."  "I'm not a fool, am I, Frank	1
But smoking or no smoking, it's a fair treat to see you and Miss Annabel at home again, for when all's said and done the house don't seem like the house without you. For my part, I don't hold with so much gadding about.	0
"I don't smoke, Miss Annabel," said Ponty, "but I'm glad to see you have."  "I don't like it," said Miss Annabel, "but I do it for your sake."  "Oh, I'm so glad!" said Ponty, with a sigh of relief.  "It's such a comfort to have a house where one can smoke."  "Yes, it is," said Miss Annabel, "and I'm glad to be	1
So it is for ordinary jewellery, but wedding-rings, I have always heard, are made of twenty-two carat. At least that is what is generally believed; but I cannot say whether it is more than a tradition, like the idea that the sun will put a fire out.	0
"I don't believe in rings," said Arthur, "and I don't believe in superstitions." "But I do," said I. "I believe in rings, and I believe in superstitions." "Well, I don't," said Arthur. "I don't believe in them." "But I do," said I. "I believe in rings, and I believe in superstitions	1
I'm quite well. And you? I was instructed to communicate with you as soon as I had anything of importance to send over.	0
"I have come to see you, Miss Liebmann, on a matter of some importance."  "I am glad to hear it," she said, smiling.  "I have come to ask you to marry me."  "Oh!" she exclaimed, her face flushing.  "I	1
I assure you, sir, that I acted from the best of motives. I am deeply grateful to you, sir, for your kindness, and I assure you I shall do my best to justify it. I am sure you will see that for the young woman to have been placed under arrest while in my rooms would have been a serious blow to her reputation.	0
"I am not a murderer," he said quietly. "I have no wish to be hanged."  "You are a murderer," said Lord Brooke. "I know it."  "Then why do you not hang me?"  "Because I do not want to."  "Why not?"  "Because I do not think you are a murderer."  "Then why did you arrest me?"  "Because I thought you were."  "And now you do not?"  "No."  "Then why do you keep me here?"  "Because I want to find out."  "What do you want to find out?"  "Whether you are a murderer or not	1
Your excellency why should I be placed under arrest? I am trying to serve your interests.	0
"I have been betrayed," he said, with a bitter smile. "I have been betrayed."  "I have been betrayed," he repeated, as if he were speaking to himself.  "	1
What can I do for you my girl? What is your name?	0
"I am a widow, and have no home but this." "A widow! I thought you were a servant girl." "I was, until my husband died. Then I came to live here	1
My friend, from now on, please understand that I represent Herr Schwartz, here in London. You have been suspicious of me, from the start, as indeed we have been of you. The time for all that is ended.	0
"I am Miss Patricia Burke, of the firm of Hoffman and Co., and I have come to see you."  Hoffman's eyes opened wide. "Miss Patricia Burke!  Why, I thought you were a man!"  "I am a woman," said Patricia, with a smile. "And I am here to represent Herr Schwartz."  "Herr Schwartz?"  "Yes; he	1
I have cut the thongs from Sha-hehe. Cover her and heal her, old woman, against the time I come again. I shall want her then.	0
"I have cut the thongs from Sha-hehe, and I ask you to heal him."  He spoke with a loud voice, and his eyes were fixed on the girl.  "I have cut the thongs from Sha-hehe, and I ask you to heal him."  He	1
Wait: I have tea that my father got at Fort Simpson. I will bring you some; it will do you good.	0
"I have come to see you, Tashekah, and to give you this bracelet." She held out the little ornament, and then, without waiting for an answer, she turned and went away.  "I have come to see you, Tashekah, and to give you this bracelet	1
I would make his blood run, Ka-kee. I can do it. See my hand!	0
"I will try," said Kah-sha, "to make the pain less."  He bent over the child, and laid his hand upon its head.  "It is better now," he said.  "The pain is gone."  He raised his eyes, and looked at the people	1
He has never stood on them since that dreadful night. All his life is in his head. You can see that he knows things that other people never think.	0
"He has been hurt, and he is very ill. He will die, I think."  She looked up at Kin-da-shon with a face full of terror.  "He will die, and I cannot save him."  She put her hand to her mouth, and began to cry	1
Then I will stay; my heart shall be strong to do it; and I have been too long away from poor little Ch-one	0
"I will stay," said Kasko, "and help Ch-one."  "I will stay," said Kasko, "and help Ch-one."  "I will stay," said Kasko, "and help Ch-one."  "I will stay," said Kasko	1
Your daughter is a faded bearskin; she's worth nothing to me. I shall never trouble myself to ask you or your tribe for so much as a rabbit-skin—it would be a cheat. Do you want to hear more?	0
"Give us blankets, or we will take them."  "We are not afraid of you."  "I am not afraid of you," said Yealh-neddy, with a sneer.  "But I am the chief of the tribe, and I can make you afraid."  "We are not afraid of you," repeated the man.  "Then why do you not go?"  "Because we have no fear of you."  "I will show you that I	1
So, so, my fair one, you are courting the raven tonight? He is a black lover for the rice-blossom. Let us awaken his jealousy—he will hold you the tighter by and by.	0
"Awake, awake, my little witch!  I have a secret to tell thee.  I have seen a raven, and he has been with a maiden.  He has been with a maiden, and she has loved him.  She has loved him, and he has not loved her.  She has loved him, and he has not loved her, and she has hated him	1
I thank you much if you will give me even a little of his word-my soul is more in need than my body has been this day; my heart is more cold, more hungry, more sick, more blind than my body can ever be. O friend, if you have medicine for sick souls, give me some before I die! I have seen you talking to your great Spirit—you have found one who makes you not afraid.	0
"Samuel, I am sick, very sick. I have no strength left. I cannot go on. I must die. I want to be healed. I want to be made whole."  Kah-sha's eyes are full of tears.  "I am ready to die, Samuel. I am ready to die. I am ready to die."  Kah-sha's voice is almost a whisper.  "I am ready to die."  Kah-sha's head sinks upon his breast.  "I am ready to die."  Kah-sha's voice is almost a moan.  "I am ready to die."  Kah-sha's head sinks lower and lower.  "I am ready to die."  Kah-sha's voice is almost a groan	1
You are one of us now, I have long waited for your coming. You have been watched. Ha!	0
"I am glad to see you, Mr. Archer," said I. "I have heard much of you." "Yes, I have been busy," he answered. "We are getting ready for the great day."  "The great day?" I repeated. "Yes, the great day,"	1
Young man, it is fifty years and more since I first heard discussions on these subjects which now interest you—and the whole world—so deeply. I have sat at tables where Voltaire, Diderot, D'Alembert, even your Bolingbroke, freely discussed the sovereignty of the people. I have lived to see these ideas put in practice across the ocean.	0
"I have no estates, my dear sir. I am a man of letters, and I have been a man of letters all my life."  "But you are a Frenchman, and a Frenchman must have an estate."  "Yes, but I have none. I have never had any. I have always lived in Paris, and I have always been a man of letters."  "But you are a great man, and a great man must have an estate."  "No, I am not a great man. I am only a man of letters, and I have always	1
Alas! what things have fallen upon me since last I stood here!	0
"I am so unhappy, so unhappy! I wish I could die."  "Why do you say that?"  "Because I cannot bear it any longer."  "What is it, Sylvia	1
General Washington himself! He is going somewhere. I wish I knew where he is going.	0
"I wonder what will happen next? I wish I could be there."  "I wish I could be there," said Lee, with a sigh.  "I wish I could be there," said Lee, with a sigh.  "I wish I could be there," said Lee, with	1
Lee Bowie, you are a brave fellow. I mean to be over there at Manchester, on the other side of the James, at about ten oclock to-morrow. Get across as soon as you have learned all you can, but you may not be able to do that the first day.	0
"I don't want any more of your nonsense. I've had enough of it. You're a fool, and I'm going to have you locked up."  "I'm not going to be locked up," said Lee. "I'm going to get out of here."  "You'll never get out of here alive," said the Governor.  "I don't care," said Lee.  "You'll never get out of here at all," said the Governor.  "I don't care," said Lee.  "You'll never get out of here," said the	1
Bring the young wolf to me. Ill see what there is in him.	0
"I want you to bring that boy here."  "I don't know where he is."  "You know where he is."  "I don't know."  "I'll have	1
An apple orchard smells like wine; A succory flower is blue; Until Grief touched these eyes of mine, Such things I never knew.	0
A man may be wise without wine, But he's wiser with it; And though I have drunk till I'm blind, I've seen more than I meant.   (1876)	1
There is a house builded of God, Beyond the fret of time or clod;	0
The Frenchman's God was not the God of Israel,  But he had his own, and he was God indeed.   The Frenchman's God was not the God of Israel, But he had his own, and he was God indeed.  And when the Frenchman's God was done,  He made a new one, and he was God again.  And when the Frenchman's God was done, He made a new one, and he was God again.  And when the Frenchman's God was done, He made a new one, and he was God again.  And when the Frenchman's God was done, He made a new one, and he was God again.  And when the Frenchman's	1
I knew an old house by a wood,    A very lovely thing; There flag-flowers blew; and it was good    To come that way in spring.	0
But the doctor's mind was not so clear,  And he said, "I think I'll try to cure  This poor man's trouble by a thing  That's called a hypodermic syringe."  He took a needle and a vial,  And he gave the patient a good deal  Of something that made him feel quite well,  But it didn't do any good at all.  He thought he'd try another thing,  So he gave him some more of the same;  But it did no good at all,  And the patient died that very same.  The doctor was very much distressed,  And he said, "I think I'll try to rest."  He went to bed,	1
It was written by William Shakespeare.	0
16th-century poetry.  insufficient information. 16th-century poetry. 1	1
It was written more than a century earlier.	0
It was written by a woman.  insufficent information.  This is a poem by	1
It is from a play set in Denmark.	0
1880 was the year of Shakespeare's death. 1880 was the year	1
Changes vast, and quick succeeding, E'er on Hist'ry's page we find, Noting rise and fall of nations, Typical of public mind E'er desiring something novel. Now a century has flown, Noting years of independence, In which stars and stripes have grown, And the eagle's spread his pinions larger o'er the States' dominions.	0
Centennial! the word is ominous,   Engraved on the page of history;   Ere yet the first century's span   Is passed, the world has changed its mind.   The old order changeth, yielding place   To one which is better, nobler, grander;   And the new-born hopes of man are raised   To heights where the old despairing soul   Could never have dared to look.   The old order changeth, yielding place   To one which is better, nobler, grander;   And the new-born hopes of man are raised   To heights where the old despairing soul   Could never have dared to look.   And the new-born hopes of man are raised   To	1
There's a shadow ever creeping O'er us always, waking, sleeping;	0
The creeping shadow, like a ghost,  Flits o'er the face of earth.  (W. E. Henley.)  The shadow of the night is long,  And the stars are dim and few.  (W. E. Henley.)  The shadow of the night is long,  And the stars are dim and few.  (W. E. Henley.)  The shadow of the night is long,  And the stars are dim and few.  (W. E. Henley.)  The shadow of the night is long,  And the stars are dim and few.  (W. E. Henley.)  The shadow of the night is long,  And the stars are dim	1
And when darkest shades are creeping, Then we'll wake where is no sleeping.	0
The sun is setting, and the birds are sleeping,  And all the world is still.   [END]	1
When God pronounced his work all good He must have thought of the old oak wood, Of the old oak wood on an autumn day With the sunshine goldening all that way	0
The oak wood, with its stately trees,  Is like a forest of old kings.  The oak wood, with its stately trees,  Is like a forest of old kings.  The oak wood, with its stately trees,  Is like a forest of old kings.  The oak wood, with its stately trees,  Is like a forest of old kings.  The oak wood, with its stately trees,  Is like a forest of old kings.  The oak wood, with its stately trees,  Is like a forest of old kings.  The oak wood, with its stately trees,  Is like a forest of old kings.  The oak wood, with its stately trees,	1
O gentle days of Autumn! O holy days of gray! That with an inner rapture In meditation stray.	0
1. Autumn days are like the years, 2. They come and go, and we forget 3. The time when they were young and gay, 4. And all the joy that they had brought. 5. But the leaves that fall from the trees 6. Are like the memories of life; 7. And though the leaves may be gone, 8. The trees still stand and live on. 9. So let us not forget the past, 10. For it is the foundation of the present; 11. And though the past may be gone, 12. It lives in the hearts of men. 13. And though the leaves may be gone, 14	1
Spirit Immortal surely this must be A vision of Thy glory: on the hills A beauty not of earth, the light that fills The chambers of Thy presence eternally!	0
O God! how beautiful is this!  The sun is setting in the west;  The clouds are glowing with a light  That seems to be the glory of thy throne.  (Frank David Boynton)  (1865-1932)  (American)  (Educator)  (Historian)  (Civics teacher)  (Textbook writer)  (Author)  (Christian)  (Protestant)  (Methodist)  (Unitarian)  (Unitarian Universalist)  (Liberal)  (Progressive)  (Republican)  (Conservative)  (Moderate)  (Liberal Republican)  (Liberal conservative)	1
This is five-foot iambic verse, with alternate (abab) rhyme.	0
8-line stanzas, rhyming ababccdd.  insufficient information.  insufficient information.  insufficient information.  insufficient information.  insufficient information.	1
I made no friends; as soon as school was done  I used to trudge off gravely by myself To lord it in the kingdom of my choice; A pebbly beach, walled in on every side	0
I loved the sea, and loved it more than men; I loved the sea, and loved it more than books; I loved the sea, and loved it more than all, And loved it more than all the world beside.  I loved the sea, and loved it more than life; I loved the sea, and loved it more than death; I loved the sea, and loved it more than all, And loved it more than all the world beside.  I loved the sea, and loved it more than all, And loved it more than all the world beside.  I loved the sea, and loved it more than all, And loved it more than all the world beside.  I loved the sea, and loved it more than	1
All this has science wrought. So much is now Done by machinery, that the race of men Are scarcely more than tools in the great mill Of modern industry.	0
O, what a wretched race are we! What a strange,  Unnatural, ungodly race are we!  We have lost all our old virtues,  All our old faith, all our old love,  All our old hope, all our old trust,  All our old reverence, all our old respect;  We have lost all our old manners,  All our old customs, all our old ways,  All our old habits, all our old joys,  All our old pleasures, all our old hopes,  All our old dreams, all our old visions,  All our old aspirations, all our old inspirations;  We have lost all our old poetry,  All our old music, all our old	1
Green Valley, Pa., May 1, 1876.  DEAR SIR, I have the honor of introducing to your acquaintance Mr. William Worthy, whom I commend to your kind attentions. Jane Faithful.	0
1. I am Jane Faithful, and I have been asked to introduce you to Mr. William Worthy, who is a man of great ability and character. 2. He has been engaged in the study of philosophy for many years, and he has written several books on the subject. 3. I believe that you will find him a most interesting companion. 4. I hope that you will be able to spend some time with him. 5. I am sure that you will enjoy his company. 6. I am looking forward to seeing you again soon. 7. I hope that you will have a pleasant journey. 8. I am sending this letter with my	1
but he was dauntless	0
125 126 ANNALS OF SURGERY.  1	1
for Margaret always said, "They are all orphans alike."	0
100,000 dollars. 100,000 dollars. 100,000 dollars. 100,000 dollars	1
We won because we had more substitutes and more supplies; and also from the force of a larger patriotism on our side.	0
100,000 men were killed, wounded, or taken prisoners in the first year of the war. 100,000 men were killed, wounded, or taken prisoners in the first year of the war. [missing sentence describing a cause or reason] We wore	1
although he wanted above all things to be an author	0
but he was not a man who would have been able to do so if he had not been a man of strong character. 136 The answer is taken from a book called "Will	1
so long as you can better the lives of your fellow-beings	0
your will must be as strong as your desire. 103. Your success in life depends not on talents, but on will. 104. Your will must be as strong as	1
if we mortgaged the farm."	0
if you can raise it.  'I'll give you $100	1
if perchance he has failed, haunting the places where fortune has deceived him, like an unquiet ghost	0
or, in the case of the man who has been a drunkard, in the face of any old drunkard, with his hollow cheeks, his sunken eyes, his shriveled skin,	1
then it was base	0
it is a crime.  [130]  The man who has	1
That is the logical result of losing the knowledge of spiritual things,-a life without real interest, without deep worth,—a life with a broken spring.	0
Then he has no right to say that nothing interests him.  He has no right to say that Christianity is not true.  He has no right to say that he cannot know.  He has no right to say that he must not try to know.  He has no right to say that	1
but increased, by a perception of their exquisite form and finish	0
but rather increased, if we realize that the Psalms are not mere poems, but are also inspired utterances of the Holy Spirit. 134. The Psalms are not only	1
though limited, is definite and sufficient	0
it does not reply to all our questions. 104. The second thing that makes Christianity precious is that it is a religion of love. 105. It is a religion which	1
because there can be no higher practical result of effort	0
it is the only thing that can satisfy the human heart.  14	1
inasmuch as the control of the gas is accomplished without the interference with apparatus upon the table and without inconvenient reaching	0
it is not necessary to have the gas pipes run along the front of the table. 126. The gas supply is regulated by means of a small valve on each pipe, which is worked by a lever attached to the end of the pipe. 127. The valves are so	1
so that he may be fitted to make his way without assistance	0
it is hoped that he will be able to take his place as a competent worker in the laboratory.  137	1
Thus held the rod is firm, while easily removable, and the level space about the rod permits a more advantageous disposal of apparatus than is possible when the rod is held in a movable platform.	0
The result is a neat, compact, and convenient arrangement.  14	1
The sinks, however, are of iron instead of porcelain, and the bottoms of the draft chambers are sinks instead of plain soapstone tables.	0
12 feet 6 inches, and is fitted in general like the laboratory for analytical chemistry on the second floor. The basement is occupied as indicated in Plate IV. [missing sentence describing a tension or	1
but the fume closets were found sufficient	0
1.7 metres wide, on three sides of the room. On one of the long sides of this room is a projection which was intended for a fume room, but which has been converted into a lecture-room. 1.7 metres wide, on three sides of the room. On one	1
Hence it was natural that wood should be the prevailing material of Phoenician architecture, while it was almost banished from that of Egypt.	0
1000 years of history had passed away since the days of David and Solomon, and the arts of the world had made great progress. 1000 years of history had passed away since the days of David and Solomon, and the arts of the world had made great progress. 1000 years of history had passed away since the days of David and Solomon, and the arts of the world had made great progress. 1000 years of history had passed away	1
though the former gives their width and height, while the latter does not mention them at all	0
300 cubits was the length of the house, and 40 cubits its breadth. 1 Kings vi. 2. 1 Chronicles ii. 3. 1 Kings	1
But the picture of the past year, and the last of his greater efforts, seems to me to fail on the ethical side.	0
But the "Tales of the Alhambra" are not all of this character.  The "Tales of the Alhambra" are not all of this character.  The "Tales of the Alhambra" are not all of this character.  The "	1
however, that the Oracle or Holy of Holies of Solomon's Temple, like unto the Tabernacle, had no light, neither windows, nor candlestick, and if it had had the one it would also have had the other	0
10 cubits is a very small space for a man to occupy, and yet the Lord had said that he would dwell in thick darkness. 10 cubits is a very large space for a man to occupy, and yet the Lord had said that he would dwell in thick darkness. 10 cubits is a very small space for a man to occupy, and yet the Lord had	1
if so be his pleasure was otherwise	0
1. That she should be silent until he had spoken. 2. That she should not speak	1
for what they lost in length he quadrupled in height	0
3333333333333333333333333333333333333333	1
so that Solomon employed not his own people to build his Temple; of them it is distinctly stated he made captains and over-lookers only	0
254 and the Jews, therefore, had no desire to imitate them. 255 The Jews, therefore, had no desire to imitate them. 255  This is a passage from a book called "Historia Amoris; a History of Love, Ancient	1
so I do not advocate carrying it far, but history or some science would be a good counterpoise for a mind given to the study of beauty alone	0
126	1
for though regularity is as important for health as for a wise life, it cannot be an iron regularity, especially if a girl is at all delicate	0
because some people are so made that they cannot get up early. 154. But if you can, do so. 155. If you cannot, do not try to force yourself. 156. Do not try to make yourself into a machine. 15	1
though certainly not brilliant in mathematics	0
She was not a stupid girl, if she had been taught that arithmetic is positively needed by every girl, rich or poor, she could have learned all she needed to know of figures to make her life	1
But the independent young lady instantly took the money and invested it all in a beautiful piece of lace which she sent as a present to the convalescent.	0
154. She did not accept the money, but said that she preferred to pay her own expenses. 155. She is a woman of very strong character, and has a great deal of self-reliance. 156. She is a woman of very strong character	1
So a woman who has them is almost sure of a modest support.	0
1. She will have a chance to earn a living. 2. She will have a chance to earn a living. 3. She will have a chance to earn a living. 4. She will have a chance to earn a living. 5. She will have a chance to earn a living. 6. She will have a chance to earn a living. 7.	1
if the old principle of architecture is always remembered	0
provided it does not attempt to make the whole house of paper flowers.  138	1
The world was better because she used her gift, and she was happier, as all are who exercise their powers.	0
But she was a woman of strong will, and she would not be turned aside.  She had a great deal of money, and she could afford to give it away.  She was a woman	1
This will cause a better development of root to take place and will lead to a thriftier, stockier plant.	0
This will prevent the plants from running to seed, and will also encourage the roots to develop.  [etc.]  (C. E. R., Vol. IX, p. 245.)  [etc.]  (C. E. R., Vol. IX, p.	1
so large growers of cucumbers prefer such seed where the percentage of germination is low	0
the weaker seeds are eliminated.  11	1
But on the vines they are not so crowded; each one stands sufficiently alone to reveal its loveliness.	0
But the effect is not so pleasing as when they are placed singly, or in small groups.  The beauty of the flower is thus better preserved, and the arrangement is more artistic.  The same rule applies to all flowers.  It is better to have a few well arranged than many ill arranged	1
It is therefore easy for a school to obtain a good variety of colors of German Iris by means of clumps and divisions received as gifts from home gardens.	0
196 The Japanese Iris is more delicate and requires more careful treatment. 197 It is best to plant it in a sheltered spot. 198 It will not thrive in a hot, dry climate. 199 It is also less hardy than the other species	1
if purchased when small, are inexpensive	0
are not so hardy as the others. 234. 235	1
although they are otherwise quite unlike plants	0
but chives are not so hardy.	1
because it is incidental to garden instruction and training	0
because the plants are raised by the pupils themselves.	1
but certainly should never appeal to an educated American	0
it is a contrast which is not only between the two races, but also between the two methods of life. 126 The flowers are not to be mixed with other plants, but should be displayed on their own. 127 This is a contrast between the European method of	1
But in our days of Indifferentism, which are not blessed with the charm of the new nor with the sweetness of the old in Religion, the prerogatives of nature have a special claim on priests.	0
153 But the modern world has changed all this. 154 The Faithful are no longer so well acquainted with the God they worship. 155 The ties which bind them to the Church are not so strong. 156 The Church must therefore take care of herself. 157 She must be self-sufficient. 158 She must be able	1
for it was in the Second Plenary Council of Baltimore that the establishment of the University received its first consideration	0
1865, when the first class of the University was graduated, and you were ordained a priest. 1865, when the first class of the University was graduated, and you were ordained a priest. 1865, when the first class of the University was graduated	1
if zeal and devotion to study are the essentials of university atmosphere, there is every reason to place this brief session on record as one of the most valuable in our educational history	0
1. The students of the Summer School were not only instructed in their own departments, but they were also brought into contact with the men and women who were engaged in the work of the University. 2. The students of the Summer School were not only instructed in their own departments, but they were also brought into contact with the men and women who were engaged in the work of the University.	1
However, if not in justification, at least in palliation of this procedure, it should be borne in mind that our situation in this country is characterized by many special difficulties.	0
1. It may be due to the fact that the people of the United States have been so accustomed to the exercise of power that they have not yet learned to submit to it. 2. It may be due to the fact that the people of the United States have been so accustomed to the exercise of power that they have not yet learned to submit to it. 3. It may be due	1
but rather that its results ought to surpass those of others, especially in the formation of character	0
171	1
Hence it is not surprising that the writer has seen today for the first time a newspaper clipping in which she is quoted as an authority in settling a dispute of which she has never heard.	0
1855, and that the charter was granted by the legislature of the state of Indiana. 1855, and that the charter was granted by the legislature of the state of Indiana. 1855, and that the charter was granted by the legislature of the state of Indiana. 1855, and that the charter was granted by the legislature of the state	1
so that by practicing a wise economy in nerve and brain power we may realize a sustained efficiency	0
it is in order for us, like careful pedagogical engineers, to check up the various ways in which energy is excessively or uselessly expended, and to see that it is not wasted in un	1
though composed and reserved so far as gestures and bodily movements are concerned, yet sin grievously against decorum and gravity in their unfortunate habit of facial contortion	0
822 "Shame itself!" hissed Lady Macbeth in the ear of her troubled and vision-seeing spouse. "Why do you make such faces?" Has not the query a definite and pertinent application to many teachers who, if they were to walk on walnut shells, would be as much	1
though in its wild state it	0
but it is not so in the wild. 136 The passage is from a book called "Argentina," written in 1910 by W. A. Hirst, an	1
but he continued exchanging specimens and seeds with European confrères	0
but his new duties gave him leisure to study law. 135 The passage is written in English. It was published in 1920. The author is an American. The	1
for frequent mention is made of a certain Polly Howell and a Sally Samson, the latter "behaving for three evenings, especially the last, in a most engaging manner."	0
1802, he had been appointed professor of chemistry in the University of Pennsylvania. 1804, he was elected professor of chemistry in the College of New Jersey, now Princeton. 1805, he was made professor of chemistry in the University of Pennsylvania. 1	1
So with renewed energy it was searched for through the mountains, but always without success.	0
182. But the inference is not justified. 183. The fact that the plant has been found in the Catawba valley does not prove that it is indigenous there. 184. It may have been brought there by some traveler. 185. Or	1
But the search for remedies was keen in days when malaria and dysentery ravaged whole towns and paralyzed industry.	0
1826, the year of the great cholera epidemic, was a time of great excitement and anxiety. 1826, the year of the great cholera epidemic, was a time of great excitement and anxiety. 1826, the year of the great cholera	1
if no painful complications arise, until the patient is cured	0
34 The writer has found that the patient will not suffer if he is given less than fifty grains per week. 35 The writer has found that the patient will not suffer if he is given less than fifty grains per week. 35 The writer has found that the patient will not suffer	1
but this question at stake involves that which they won't consider as anything but weak, and that is the heart element	0
10 But there is a tension between the wisdom of the lawmakers and the power of the people. 11 11 The people have the power to make laws, but the lawmakers have the wisdom to make them. 12 12 The people have the power to make laws,	1
for if this happens, the work of months is undone and the poor victim is drawn back to his old habits by his loss of self control	0
38 it is then that the law should step in and the State provide the ways and means to permanent recovery. It is then that the law should step in and the State provide the ways and means to permanent recovery. 38 it is then that the law should step in and the State provide	1
for if the warden could not arrest a man personally until he was certain that he had in his possession trout less than six inches long it would practically nullify the law, for anyone breaking the law will naturally conceal his offense	0
1. That the person is in the act of committing a violation of the law. 2. That the person is about to commit a violation of the law. 3. That the person has committed a violation of the law. 4. That the person has committed a violation of the law, and that the evidence of the same is in his possession. 5. That the person has committed a violation of the law, and that the evidence of the same is in his possession, and	1
though it is enough if the party arresting touch the other, "even with the end of his finger."	0
1. as when a man is seized by a mob and carried off to jail.) 2. as when a man is seized by a mob and carried off to jail.) 2. as when a man is seized by a mob and carried off to jail.) 2. as when a man	1
But with the growing demand for more stringent enactments for the preservation of game and the increasing complexity of statutes for this purpose it was found no longer practicable to include the burden of enforcing them among the duties devolving upon general officers, and their enforcement has consequently been intrusted to special officials, usually called game wardens.	0
1897 The present system of enforcing game laws, however, is not satisfactory. 1897 It is not satisfactory because the men who are charged with the duty of enforcing these laws are not trained in the science of biology, and have no knowledge of the habits of wild animals. 1897 They are not accustomed to the work, and they do not understand the principles on which the laws are based. 1897 They are not able to distinguish between the different species of birds and beasts, and they do not know how to tell whether	1
Thus when the selling of adulterated milk is made a crime, ignorance that the milk sold is below the standard fixed by law is no defense.	0
1. It is not necessary that the person doing the prohibited act should know that he is doing wrong. 2. It is not necessary that the person doing the prohibited act should know that he is doing wrong. 3. It is not necessary that the person doing the prohibited act should know that	1
but usually the warden is inclined to overestimate this obstacle	0
it is the fate of all wardens, and the really clever ones are only stirred to increased efforts by this difficulty. 1. It is the fate of all wardens, and the really clever ones are only stirred to increased efforts by this difficulty. 2. It is the fate of all	1
so that his master was able to seize the game and apprehend the culprits	0
and the warden was able to secure a conviction.  139	1
if he finds the doors or windows open and no one to answer his knock, he may enter	0
1. If the warden is satisfied that the meat is not yet cooked, he may enter the place without a warrant. 2. If the warden is satisfied that the meat is not yet cooked, he may enter the place without a warrant. 3. If the warden is satisfied	1
'Twas jealousy.	0
154 Ted had been so foolish. [missing sentence describing a cause or reason] Did he	1
So the feast broke up.	0
126. "Well, I'm glad to see you, lads," said he,	1
though I restrained many things	0
but I did not think it right to say anything about the circumstances under which I had received it	1
if the landlord had his rights it's on the parish John'd be years ago	0
I'll be as poor as a church mouse, and I'll have to go to the workhouse.  [p. 35]  [p. 36]  [p	1
provided that punishment does not take the form of the acquisition of territory by any non-American Power.'"	0
1888. THE DRAGO DOCTRINE. 157 that the debtors are not in a position to pay, and that the debt is not due." 18	1
but wherever there are women and luxury there will French trade flourish, and further, in machinery of many kinds France, if equalled by any other nation for excellence, is equalled by England alone	0
1890, she had a trade of $ and in 1900 it was $ she had a trade of $ and in 1900 it was $120	1
for in the wars which these Indians had with those of the kingdoms of Peru they took it, and from it is called the River of Plate, of which the country hath taken the name."	0
1. because he was not able to make any discovery of gold or silver in Brazil. 2. because he was not able to make any discovery of gold or silver in Brazil. 3. because he was not able to make any discovery of gold or silver in Brazil. 4. because he was not able to make any discovery of gold or silver in Brazil. 5. because he	1
But if the religious indifference spreads downwards, Argentina, like France, may see her population dwindle, and her army decay, and may be prevented from taking a high position among world Powers.	0
100,000 Catholics are not in communion with Rome. [The missing sentence describes a tension between the number of Catholics in Argentina and the number of those who are not in communion with Rome.]  Wahl, O. W. (1875). The land of the czar: a sketch of Russian America. New York: D. Appleton & Co. p.	1
Cavendish, therefore, named the deserted settlement the Town of Famine, and it retains the name of Port Famine to this day."	0
1592, the Spaniards had abandoned the place, and the English had not yet returned. [George Frisbie Hoar, American attorney and politician, 1832-1904] 1592, the Spaniards had abandoned the place, and	1
though the rain does not fall in sufficient quantity	0
but the heat is excessive during the summer months.  139	1
so that the nation's sons may find a new path of life, and the navy a fresh source from which to draw sailors in case of an emergency."	0
and it is not likely that he will ever be a sailor in the ordinary sense of the word. 123 The Argentine sailor is a land-conscript, laboriously taught an unfamiliar art, which he learns wonderfully well. 123  It is not likely that he will ever be a sailor in the ordinary sense of the word. 123 The Argentine sailor is	1
but we shall lose the whole meaning of this celebration-we shall fail completely to learn its lesson-if we give ourselves up to the contemplation of our past and the glorification of ourselves	0
but it is equally natural that we should feel a little ashamed of the fact that we have not yet learned to apply those principles to the condition of our fellow-men.  1	1
though this in one instance may be the instrument of good, it is the customary weapon by which free governments are destroyed."	0
If, indeed, there be such a power, it must be found in the clause which declares that all powers not delegated to the United States, nor prohibited to the States, are reserved to the States respectively, or to the people." 105. 106. 10	1
It is because the Republican party owes its power, in large part at least, to the support of the manufacturers, and depends for the sinews of war on the “fat fried out of" them, to use the phrase of one who was high in the party councils.	0
The politicians and the protected interests have formed an unhallowed partnership, to which the manufacturers have contributed cash in the guise of campaign contributions and the politicians have contributed time and speeches.  The politicians and the protected interests have formed an unhallowed partnership, to which the manufacturers have contributed cash in the guise of campaign contributions and the politicians have contributed time and speeches.  The politicians and the protected interests have formed an unhallowed partnership, to which the manufacturers have contributed cash in the guise of campaign contributions and the	1
But, as we meet to commemorate their acts, it becomes us to inquire how their work is faring in our hands, how we are preserving and maintaining the heritage of principle which they handed down to us.	0
But the past is not dead; it is not even past.   [The Barrys, by Shan F. Bullock (1898)]	1
It must be construed, therefore, in subordination to it; and cannot supercede or interfere with any other of its fundamental provisions.	0
1. It would be absurd to suppose that the framers of the Constitution intended to give the President and Senate the power to destroy the Constitution itself. 2. It would be absurd to suppose that the framers of the Constitution intended to give the President and Senate the power to destroy the Constitution itself. 3. It would be absurd to suppose that the framers of the Constitution intended to give	1
because law sinks into being merely the will of an arbitrary ruler or a selfish class, and ceases to be the will of the whole community	0
without law there is no true liberty.  168	1
so that no legislation on burning questions was possible	0
and yet the country has gone on prosperously.	1
if we look nearer home, must we assume that Senators Platt and Depew represent the character and purpose of New York	0
1896, when the people were asked to choose between him and Mr. Hanna, they chose Mr. Hanna.  1918	1
but sad at heart you will always find him	0
but the fear of death is on his meeting with her.  14	1
because of the manhood he did possess	0
15 and Other Essays for he was a man who had to live in a world that was	1
Englishmen were therefore jealous of any favor shown to their commercial rivals.	0
118 WILLIAM THE GREAT OF ENGLAND. 119 The Dutch were regarded as enemies. 120 The English were regarded as friends. 121	1
though to leave is like tearing out his living heart, and turns gray face toward an unknown land,such sacrifice renews the courage of us all	0
beyond the sea, is a revelation of the highest order.  140	1
But conscience spake on.	0
It was a struggle between two natures, and the one was too weak to conquer the other.	1
Another chief cause of William's unpopularity was his partiality to his own countrymen.	0
1688-1689. 137 1688-1689. 138 The cause of this was that he had been a Protestant	1
The result of this is a compromise: the compromise is called Thaw.	0
100 years ago the people of New England were as much strangers to the idea of a national government as they are now to the idea of a world government. 100 years ago the people of New England were as much strangers to the idea of a national government as they are now to	1
Nevertheless, I said to myself, "You'd better keep a cool head, my boy, or you are in for a night of it.	0
100 miles from the nearest settlement, and with no chance of help, to turn back would be madness. 124. THE CAMP. 125. THE CAMP. 126. THE CAMP. 127. THE CAMP.	1
for, apart from the comfort that a fire would give, it is necessary, at night, to keep off the wild beasts	0
124 THE ANNALS OF SURGERY. [VOL. XLVIII.  1899	1
but it is truth to say I enjoyed every step of it	0
I was safe; I knew where I was; and I could have walked till morning.  But I was alone, and I was afraid.  I was alone, and I was afraid	1
so that the footing could not be determined, and at short intervals we nearly went out of sight in holes under the treacherous carpeting	0
and the result was that we were compelled to crawl on hands and knees, and to use our feet as if they had been hands.  13	1
though without that keen feeling of exhilarating flight that she had in the morning	0
but she could not be sure that the dogs would not overtake her. 1.06348 CONTEXT: The following passage comes from Thucydides Mythistoricus, a	1
if the guide swears he caught them Saturday night	0
provided that he does not do so with the intention of breaking the law. 123	1
for I could not understand them	0
1881	1
but he rarely talked with anybody	0
1000 pages of it. 1000 pages of it. 1000 pages of it. 1000 pages of it. 1000	1
So I transacted business with him in Wusih dialect.	0
1920, Water is Yellow. This was Shanghai! A money changer spoke with a Wusih accent. How strange that I didn't find Shanghai strange! 1920,	1
The Sultan, in consequence of all these reverses, was obliged to yield, and peace was at last established by the Treaty of Adrianople of the 14th September, 1829.	0
1829. The Russians were now masters of the whole of Asia Minor.	1
if he would not risk the loss of the hard-won earnings of the whole year	0
100 miles from the nearest settlement. 100 miles from the nearest settlement. 100 miles from the nearest settlement. 100 miles from the nearest settlement	1
but are strongly mixed with Finnish and Mongolian elements	0
but are rather of Mongolian. 124. 125. 12	1
owing to which, on the 6th July, the Persians lost the battle of Nakhitshevan, on the 7th the fortress of Abbas Adad, and soon after the battle of Abaran	0
136 and thus weakened the power of his enemy.  15	1
It is said, however, that many of them have since come back.	0
1860 was the last date at which the population of the Crimea was accurately ascertained. 1860 was the last date at which the population of the Crimea was accurately as	1
though disastrous to their arms, as a natural and necessary phase of their political development	0
236 and they were not slow to recognize the advantages of the English system of government. 237 The answer is consistent with the beliefs and expository style of the historical context because	1
The cause of this indifference is the absence of landed property amongst the peasants.	0
152 The Russian cares little for his parental hearth, or for the parish soil he helps to cultivate. 153 In their villages the Russians feel themselves intimately bound only to their families, their neighbours, to the parish, or to individuals, but not to the ground or the place	1
so our mind, when it thinks and wills according to its innermost conscience, shows us the true Way	0
103 104 THE LAND OF THE CZAR. the mind, when purified, would reflect the heavenly reason as it is. 105. The Shingaku was a	1
But the toleration of various religions and the many attemps at compromise have been characteristic of the whole history.	0
1. It was not enough to be true, it was necessary to be recognized as such. 2. It was not enough to be good, it was necessary to be recognized as such. 3. It was not enough to be right, it was necessary to be recognized as such.	1
Thus we see in the mythology a certain cycle of the oppositions of the two struggling principles or powers.	0
1000 years later, the same distinction was made between the gods of the sky and those of the earth. 1000 years later, the same distinction was made between the gods	1
So she mounted her motor-cycle and went off, intending to let Headquarters see how very unpleasant she could make herself when they would not attend to her wishes.	0
She had been feeling like that lately, as if she rather wanted to blow someone up.  [Sarah Knowles Bolton]  (1907)  Charles E. Bolton: A Memorial Sketch.  Boston: Houghton Mifflin Co.  p. 15	1
But she was not by any means out of the wood, for not a quarter of a mile further her groping sight revealed another black mass, this time so big that it was visible without the aid of a shell-burst.	0
145	1
But the unnaturalized alien was still, for industrial purposes, as free as the citizen, and had the protection of law.	0
10,000 of these were probably foreigners. 10,000 of these were probably foreigners. 10,000 of these were probably foreigners. 1	1
because his persons are still so near to the symbolic, they have so little character and psychology of their own, that they do not mind serving as mouthpieces	0
because he was a dramatist, and his aim was to make the audience feel the tragedy of the situation. 125. Comic irony is used by Aristophanes with great freedom. 126. It is a kind of wit, and is often employed in the dialogue of	1
although in the detail of historical development it started at a different point from the modern	0
163 164 LETTERS but it was not the same kind of realism as that of the modern stage.  16	1
Thucydides is not moralizing, or actuated by malignity.	0
134 He really saw an agency called Fortune at work; for he had no general conception of natural law to exclude such an agency. 135. 136. 1	1
if the Peloponnesians had been more energetic	0
3. If they had been willing to take advantage of the situation. 4. Thucyd	1
But this was the exception and not the rule; hence the position we take, that mining in Socorro county dates from the close of 1882.	0
1885, however, was a disastrous year, and the product fell to $ was still worse, and the product was only $ was better, but the product	1
if sought before the disease has made too much progress	0
but the patient must be able to bear the change of climate.  1	1
Thus Albuquerque Academy was opened in the fall of 1879, with a principal and one assistant.	0
	1
so that it is not likely that it will ever pay again to work these deposits for turquoise	0
100 years ago, when the price of silver was high, and the demand for it great. 100 years ago, when the price of silver was high, and the demand for	1
but this is not certain, and indeed the exact interpretation of this part of the curve is especially difficult	0
153 it is possible that the point c' in the three figures under discussion, where the descent of the lever changes in rate, becoming less rapid, corresponds to the end of the outflow	1
In speaking therefore of the work which can be done by a muscle, we may use as a standard a cubic unit of bulk, or, the specific gravity of the muscle being the same, a unit of weight.	0
136 THE FEDERAL GOVERNMENT AND THE STATES. 137. It follows that the work done by a muscle depends upon the nature of the stimulus applied to it. 138. It follows that the work done by a muscle depends upon the nature of the stimulus applied to it. 139. It follows that the work done by a muscle depends upon	1
for it is stated to have been observed when the whole length of the nerve including the superior cervical ganglion had been removed	0
1246. when the blood-vessels have regained their tone. 1247. It is probable that the recovery of tone is due to the re-establishment of the normal relations between the sympathetic and the blood-vessel walls. 1248. In the absence	1
so that a considerable portion of the whole blood ebbs and flows, so to speak, according to circumstances from skin to viscera and from viscera to skin	0
1. The result is that the blood is kept circulating freely through the whole body, and the temperature of the body is maintained at a normal level. 2. The result is that the blood is kept circulating freely through the whole body, and the temperature of the body is maintained at a normal level	1
There are reasons however for thinking that these muscle currents have no such fundamental origin, that they are in fact of surface and indeed of artificial origin.	0
1. It is not necessary to suppose that the particles are all alike, but that they vary in size and strength, and that the muscles of different animals are made up of particles of different sizes and strengths. 2. It is not necessary to suppose that the particles are all alike, but that	1
though there can be little doubt that the latter is dependent on the former	0
1. It is probable that the physical electrotonic current is not always present, even when the physiological electrotonic current is. 2. It is probable that the physical electrotonic current	1
if the interrupted current we get a tetanus	0
128	1
The real cause of the flow is the ventricular stroke, and this is sufficient to drive the blood from the left ventricle to the right auricle, even when every muscle of the body is at rest and breathing is for a while stopped, when therefore all the helps we are speaking of are wanting.	0
1. The real cause of the circulation is the pressure of the blood upon the walls of the arteries. 2. The real cause of the circulation is the pressure of the blood upon the walls of the arteries. 3. The real cause of the circulation is the pressure of the blood upon the walls of the arteries. 4. The real cause of the circulation is the pressure of the blood upon the walls of the arteries. 5. The real cause of the circulation is the pressure of the blood upon the walls of the arteries. 6. The real cause of the circulation is the	1
so that eventually every revelation made in Greek came with wings	0
1. They became the teachers of the race. 2. They became the teachers of the world. 3. They became the teachers of the world. 4. They became the teachers of	1
for the seeing eye, the hearing ear, are the foundation of greatness	0
1000 years before Christ. 1000 years before Christ. 1000 years before Christ. 1000 years before Christ. 1000	1
This year is taken because it is the first in which the report of the selectmen is found to have been printed.	0
1 The increase in the number of paupers is due to the fact that the number of able-bodied men has increased, and that the number of children has also increased. 2 The increase in the number of able-bodied men is due to the fact that the number of immigrants has increased.	1
They have, however, been paid for by credits upon the account between the town and the State almshouse, and have cost the town less there than they would have cost here.	0
1. We do not mean to say that the town has not been entitled to expect some return for its expenditure. 2. We do not mean to say that the town has not been entitled to expect some return for its expenditure. 3. We do not mean to say that the town has not been entitled to expect some return for its expenditure. 4. We do not mean to say	1
Therefore the said third part was ordered to be taken into the King's hand, and they were to be summoned to be there at the next court, to wit, on Tuesday next after Michaelmas.	0
The sheriff had not sent the writ, and therefore Sibyl could not sue.  [The sheriff had not sent the writ, and therefore Sibyl could not sue.]  [The sheriff had not sent the writ, and therefore Sibyl could not sue.]  [The sheriff had not sent the writ, and therefore Sibyl could not sue.]  [The sheriff had not	1
However, probably owing to the lack of means, they failed to furnish the "Tomes," and ten years later they are presented again in consequence.	0
1 replye." [missing sentence revising an implied expectation] In 1665, as we have already noted, they were in trouble over the church plate and other matters. 1 replye." [missing sentence revising an implied expectation] In 1665, as we have already noted, they were in trouble over the church plate and other matters. 1 reply	1
But calm your fears, little creature, I will keep you from all harm.	0
1111111111111111111111111111111111111111	1
if the farmer came along and found you and Robin eating worms and grasshoppers	0
If you are not going to be useful to him, he will not want you.  13	1
though Moynihan has made a correct diagnosis of pancreatic calculus	0
100 cases of gall-stones have been found in the gall-bladder, and 10 in the common duct. 5 Edes, Diseases of the Liver, Gall-bladder,	1
These dogs, therefore, having tachycardia, temperature curve, loss in weight and muscular strength, an increased appetite and thirst, gave a good picture of Graves' disease.	0
1. It is probable that the thyroid glands are enlarged in this disease. 2. The enlargement of the thyroid gland is probably due to the increased activity of the gland. 3. The increased activity of the gland is probably due to the presence of the virus. 4. The virus is probably introduced into the body through the food. 5. The virus is probably introduced into the body	1
Yet this man brought to the world the best message ever brought to the world since Bethlehem, of love and hope and reverence for God and man.	0
164. But Burns, who was not a mere poet, but a man of the world, and a man of affairs, had other things to think of than the end of his days. 165. He had a family to support, and he had a country to serve.	1
but I cannot help thinking that, on that occasion at least, the carnal mind comprehended the things that be of the spirit	0
but I fancy that Robin Goodfellow, with his keen eye for beauty, was not displeased to see the maiden's form, as she moved gracefully to the music, outlined against the moonlight.  127	1
unless he have in his native language a fit instrument	0
1. where this faith does not live. 2. unless this faith lives. 3. if this faith does not live. 4. if this faith is not alive. 5	1
And therefore under the statute a man cannot be compelled to contribute to the maintenance of his wife's mother, or his wife's child by a former husband, or her illegitimate child-after the wife's death, or after such child has attained the age of sixteen; or of his son's wife or widow; or of his own brother, a brother not being mentioned in the statute.	0
It is therefore evident that the law does not recognize the existence of any parental rights or duties in the case of reputed parents and children.  This is a very important point, and it is well worth while to consider it carefully.  In the first place, it is clear that the law does not recognize the existence of any parental rights or duties in the case of reputed parents and children.  In the second place, it is clear that the law does not recognize the existence of any parental rights or duties in the case of reputed parents and children.  In the third place, it is clear that the law does not recognize the existence of any parental rights or duties in the case of reputed parents and	1
But what about the large numbers who are thus left unemployed?	0
1. It is not a question of whether or not a minimum wage should be fixed; it is a question of what that minimum wage shall be. 2. It is not a question of whether	1
for example, it will appear black or a brownish-black under an ordinary mercury arc	0
1. the red rays are more intense under daylight than under tungsten light; 2. the blue rays are more intense under tungsten light than under daylight.  9	1
However, in many cases it is necessary to have a certain illumination intensity on the floor or on an imaginary plane somewhat above it.	0
2. It is not necessary to have a definite idea of the illuminating power of the lamps before selecting the fixtures. 3. The selection of the fixtures will determine the illuminating power of the lamps. 4. The illuminating power of the lamps will determine the selection of the fixtures.	1
however, this is a handicap in lighting which could be removed by considering lighting and decoration jointly	0
1. It is not necessary to change the decorations. 2. It is not necessary to change the furniture. 3. It is not necessary to change the rugs. 4. It is	1
Consistently therefore it is appropriately the flag of surrender and of truce.	0
1. It is the color of mourning, and is used to express sorrow, grief, and death. 2. It is the color of mourning, and is used to express sorrow, grief, and death. 3. It is the color of mourning, and is used to express sorrow,	1
unless such a classification be applied to the distribution of light as a whole	0
Cove-lighting in which the light-sources are concealed behind a projecting moulding or cornice would be correctly classified as indirect lighting and there appears to be no reason why the direct-indirect terminology could not be applied to the distribution of light by the lighting system as a whole as determined at any point	1
although simple combinations of accessories and of multiple circuits are sources of this most appealing feature of lighting	0
but the provision for obtaining variety in lighting is often so limited as to be practically non-existent.  [A. C.] 134. 135. 136	1
so far as the visual sense is concerned, consists of more than an arrangement or sequence of varied colors and brightnesses	0
will be appreciated without the aid of these two kinds of sensations. 125. The first kind of sensation is that which we call color. 126. The second kind of sensation is that which we call form. 127. These two kinds of sensations are insepar	1
These become negligible because they contain but a small portion of the original incident light.	0
1. The greater the number of reflections, the more the light is weakened. 2. The greater the number of reflections, the less the light is weakened. 3. The greater the number	1
although more than one candidate may be voted for if the majority agrees to it	0
but in the republican convention the vote is by individuals. 430. The Platform. The platform is adopted by the convention after debate. It is a statement of the party's principles and policy	1
if the decision had been left to the four states above named	0
12,939 less than the number of votes cast in the three states named. 12,939 less than the number of votes cast in the three states named	1
Because sugar dissolves readily, small quantities of it are easily digested; but if more than a little is taken at once, some of it is likely to ferment in the stomach, causing distress, and interfering with the digestion of other foods.	0
1. Because it is so easily converted into alcohol. 2. Because it is so easily converted into acid. 3. Because it is so easily converted into carbonic acid. 4. Because it is so easily converted into alcohol and acid. 5. Because it is so easily converted into alcohol and carbonic acid. 6. Because it is so easily converted into alcohol and carbon	1
So much juice must mean that the apple is full of water.	0
1. It is not sugar, but starch, which makes the apple hard. 2. The starch is converted into sugar by the action of the digestive juices. 3. Hence the sweet taste	1
for he will not be kept well who eateth his bread as dough	0
223. Remember thy bread and bake it well, because it is the staff of life. 224. Yeast is a living organism, and must be treated as such	1
Hence the gossypol remains in the press cake.	0
1. It is evident that the commercial "cold pressing" process is not really cold. 2. It is evident that the commercial "cold pressing" process is not really cold. 3.	1
for the latter substance forms an addition compound under similar conditions.)	0
1. It is not known whether this is due to the greater stability of the fluoride as compared with the chloride, or to the fact that the fluoride is more readily hydrolyzed than the chloride	1
if the usual method of powdering the substance and heating it slowly is employed	0
4,5-Diiodophthalanil is not soluble in alcohol, ether, chloroform, carbon disulphide, or benzene. 4,5-Diiodoph	1
however, there can be no question that true equilibrium was established, since it was approached several times from higher as well as from lower temperatures with identical results	0
100° more would have been obtained. 100° more would have been obtained. 100° more would have been obtained. 100° more would have been obtained. 100° more would have been obtained. 100° more	1
even though the time allowed for the attainment of equilibrium was 3 months	0
1.50 molal. 1.50 molal. 1.50 molal. 1.50 molal. 1.50 molal	1
The fused nitrate, however, has the disadvantage of causing explosions.	0
3,4-Diiodo- and tetrachlorophthalic anhydrides are not readily soluble in pyridine. 3,4-Diiodo- and t	1
so that the experimenter will gain but little who disregards the variation from the law in endeavoring to get the absolute minimum of leakage	0
	1
Because of the extreme dilution this should cause no appreciable error.	0
1. The solutions were prepared in duplicate, and the measurements were made in triplicate. 2. The cause of the variation in the results is not known. 3. The variations are probably	1
so their feet are adapted for perching, their wings less strong for continued flight	0
and then catch them with their tongues.  1	1
We therefore effected an early start, a very fortunate occurrence; for in the afternoon a combination of four blow-outs and a worn-out pump delayed our arrival in Claremont until late in the evening.	0
128 THE SOUTHWESTERN DESERTS. 129. The absence of water is the most striking feature of the desert. 130. It is the cause of the peculiar character of the plants and animals which inhabit it. 131. It is the reason why the desert is so little known. 132. It is the reason why	1
There should be, however, a definite understanding among the believers in nature-study as to just what they consider essential in the nature-study course and then see to it that it is enforced.	0
1. This is done by state superintendents of education in connection with many other subjects in the curriculum. 2. This is done by state superintendents of education in connection with many other subjects in the curriculum. 3. This is done by state superintendents of education in connection with many other subjects in the curriculum. 4. This is done by state super	1
in order to ensure the enforcement of the laws and regulations for the protection of the employed	0
125 126 THE PRINCIPLES OF LABOUR INSPECTION. because it is only through the medium of such inspection that the true condition of the workers can be ascertained. 127 The passage is written in English. It was published in 1	1
If, however, within the period mentioned, Hungary fails to discharge her obligations, any balance remaining unpaid may, within the discretion of the Commission, be postponed for settlement in subsequent years or may be handled otherwise in such manner as the Allied and Associated Governments acting in accordance with the procedure laid down in this Part of the present Treaty shall determine.	0
1. The Commission may, if it deems it necessary, require the payment of the whole or any part of the debt before the expiration of the term of thirty years. 2. The Commission may, if it deems it necessary, require the payment of the whole or any part of the debt before the expiration of the term of thirty years. 3. The Commission may, if it deems it necessary, require the payment of the whole or any part of the debt before the expiration of the term of thirty years. 4. The Commission may, if it deems it necessary, require the payment of the whole or any part of the debt before the expiration of the term of	1
Consequently all military schools not required for this purpose shall be abolished.	0
105. The number of students admitted to attend the courses in military schools shall be strictly in proportion to the vacancies to be filled in the cadres of officers. The students and the cadres	1
if concurred in by the Representatives of those Members of the League represented on the Council and of a majority of the other Members of the League	0
provided that the report of the Assembly is not adopted by a majority of the Members of the Assembly. 154. The Assembly shall adopt the report of the Assembly by a majority of the votes cast, provided that the Representatives of the parties to the dispute are not counted in the voting	1
Such institutions, therefore, are part of the order established by the Founder of the kingdom of heaven.	0
The moral partnership of marriage is a gift of God, and it is a great gift.  It is a gift which has been given to man for his own good, and for the good of his race.  It is a gift which has been given to him that he may be made more perfect	1
But these instructions to slaves do not stand alone.	0
1. They are not to be treated as slaves, but as brethren. 2. They are not to be oppressed, but to be treated with kindness and consideration. 3. They are not	1
Hence it is that justification comes to faith, since it is by trustful confidence that we accept the promise of God, and consciously make it our own.	0
16; Rom. 5: 1; 3: 27, 28). It is not by performance of some ceremonial, nor by perfect obedience to moral requirements, that we can hope to purchase redemption. It must be received by us as a free gift. [missing	1
But, above all, the consciousness of the presence of the Lord with me will carry me through my work in the Assembly.	0
19th-Encouraged in prospect of the Assembly by reading in Gibbon (ch. 70) how the consciousness of power can elevate the manner of a man to the station, imparting a dignity even where it was unknown before; Rienzi, Cromwell, etc.	1
for in Luke v. 16 it is written that He was in the habit of thus withdrawing : αὐτὸς δὲ ἦν ὑποχωρῶν ἐν ταῖς ἐρήμοις, καὶ προσευχόμενος	0
100 miles from the nearest railway station, and with no one to talk to. 100 miles from the nearest railway station, and with no one to talk to. 100 miles from the nearest railway station, and with no one to talk to. 100	1
But once or twice a week I could spell some one down and get up head of the class.	0
1 don't know what you mean by that. 1 have been studying my piece all winter. 1 have been studying my piece all winter. 1 have been studying my piece all winter.	1
but he was full of whiskey every time he did this	0
but I did not expect him to kill me.  145	1
The cause of this fracas was the colored boy had gone in swimming and the white boy hid his clothes while he was in there.	0
1. He had been whipped and abused all his life. 2. He had been insulted and abused all his life. 3. He had been insulted and whipped all his life. 4. He had been insulted and whipped and abused all his life. 5. He	1
But if the oil raises a riot, if it arouse trouble and resentment, let us give something pleasanter.	0
100 grains of opium are not more than 100 grains of castor oil. 100 grains of morphine are not more than 100 grains of cast	1
for the reason that he is working for a living and not getting it	0
126 THE ELECTRO-TONIC CURRENT. [missing clause acknowledging a countervailing fact] but it is certain that the electrotonic current is not always produced by the application of a galvanic current to the nerve. 127. The electrotonic current is not produced by the application of a galvanic current to the nerve. 128. The electrotonic current is not produced by the application of a galvanic current to the nerve	1
The effect and the result increased his confidence in alcoholic stimulation.	0
100 per cent. alcohol is the most powerful germicide known. 100 per cent. alcohol is the most powerful germicide known. 100 per cent. alcohol is	1
but it has to be made so extremely long in order to obtain sufficient capacity that it is not a practical antenna for long wave or long distance work	0
but that if the wire be bent into a loop, the radiation is more or less concentrated in the plane of the loop, and the greater the number of turns, the more concentrated it becomes.  127	1
but it has to be made so extremely long in order to obtain sufficient capacity that it is not a practical antenna for long wave or long distance work	0
but that two wires, placed at right angles to each other, will radiate more power than one. 154. The direction finder is a device for determining the direction of a radio station. 155. It consists of a loop of wire, which is connected with a sensitive	1
In the storage battery, however, the necessary chemical conditions of the plates is restored by the action of a current of electricity from some outer source, usually from a dynamo.	0
1. It is not necessary to replace the zinc electrode, as it is consumed in the process of discharging. 2. The carbon electrode is not consumed, but is merely oxidized. 3. The active material is renewed by the chemical action which takes place during charging. 4. The cell is charged by passing a current through it in the reverse direction to that in which it supplies	1
for on it depends the success of a broadcasting station	0
because the acoustics of the room have a great deal to do with the quality of the broadcast.  139	1
although more energy is sent in the parallel direction of the horizontal wires, than at right angles	0
but the energy is more widely distributed.  1	1
if the battery is in one	0
1.85 times the number of cells in series. 2. The	1
Heat has an effect upon this process.	0
1. When an atom gives up an electron, it becomes positively charged. 2. When an atom receives an electron, it becomes negatively charged. 3. When an atom gives up an electron	1
so that the total number between filament and plate remains constant at a given temperature	0
and thus the current remains constant. 136 The electric field intensity, due to the presence of negative electrons in the space between the filament and plate, may at last equal and neutralize	1
For this purpose a test buzzer is usually fitted to a crystal receiver.	0
1. This is because the crystal detector is very sensitive to changes in temperature. 2. It is also sensitive to changes in the purity of the crystal. 3. It is also sensitive to	1
Krigar's cupola can, therefore, be recommended not only for foundries, but also for Bessemer works.	0
1. It is evident that the cupola furnace is a very valuable addition to the modern foundry. 2. It is evident that the cupola furnace is a very valuable addition to the modern foundry. 3. It is evident that the cupola furnace is a very valuable addition to	1
if due regard is taken to economy and good quality in casting	0
1. The fuel must be coke, and not charcoal. 2. The blast must be hot. 3. The charge must be well mixed. 4. The air passages must be free	1
Yet there are signs, even among the uncivilized, that polygamy is passing away.	0
1. The old system, with its ban on Evolution, still survives in modern Europe. 2. The old system, with its ban on Evolution, still survives in modern Europe. 3. The old system, with its ban on Evolution, still survives in modern Europe. 4. The	1
Yet there are signs, even among the uncivilized, that polygamy is passing away.	0
1860, when the first edition of the Origin of Species appeared, the idea of Evolution was still regarded as a heresy. 1860, when the first edition of the Origin of Species appeared, the idea of Evolution was still regarded as a heresy. 18	1
although reconstructions of the cosmos in the light of Evolution are the chief feature of the science of our time, in almost no case does even a hint of the true scientific stand-point appear to be perceived	0
1907. But the Constitution of the United States, as well as the Constitutions of the several States, are living documents, and must be interpreted in the light of the times.  1907	1
but, perhaps because the author of the theory himself but dimly apprehended the complement of his thesis, few seem to have perceived that anything was amiss	0
194 194 THE HISTORY OF CANADA UNDER FRENCH REGIME. [1881.] 194 194 THE HISTORY OF CANADA UNDER FRENCH REGIME. [1881.] 194 194 THE	1
The dormouse thus brings forth its young in August, when the nuts begin to ripen; and the young deer sees the light just before the first grass shoots into greenness.	0
1. The inference is, that the animals themselves are aware of the advantages of the season, and choose it for their births. 2. The effect is, that the animals are thus enabled to secure the greatest possible number of offspring. 3. The inference is, that the animals themselves are	1
so unstable the equilibrium, that when slightly sick or faint, Man cannot stand at all	0
it is evident that the upright position is not yet natural to man. 125 The upright position is not yet natural to man. 125  It is evident that the upright position is not yet natural to man. 125 Possibly both the erect position and	1
for they are possibly fewer; nor their difference in shape, for that is immaterial	0
but in the fact that they are all alike. 134. The same remark applies to the tenement. 135. The cells are all alike, and therefore the tenement	1
Because the causes which up to this point have furthered the evolution of the Hand have begun to cease to act.	0
1. In the perfecting of the bodily organs, as of all other mechanical devices, necessity is the mother of invention. 2. In the perfecting of the bodily organs, as of all other mechanical devices, necessity is the mother of invention. 3. In the perfecting of the	1
if their standard happens to be the same	0
1. If the penalty is not too severe. 2. If the favor is not too great	1
in order to understand their complicated mode of growth	0
1. because the two groups have been separated for so long a time. 2. because they have been widely distributed over the globe. 3. because they have been so much exposed to the	1
So that while, as in these Hydroids, the zooid form may be produced by budding, yet the time comes when the individuals of one colony must mingle their reproductive elements with those of a remote colony, through the medium of the water.	0
1. The result of such a union is a new individual, which is a combination of the two parents, and is therefore superior to either. 2. The result of such a union is a new individual, which is a combination of the two parents, and is therefore inferior to either. 3. The result of such a union is a new individual, which is a combination of the two parents, and is therefore different from either. 4. The result of such a union is a	1
though filled with the most anxious thoughts	0
but he knew that the chances were against him.  139	1
Because a daily thickening barrier of silence has crept between us during that time, and this silence is so dense that in vain we yearn to pierce it.	0
150 years have passed since then. 150 years! 150 years! 150 years! 150 years! 150 years! 150 years! 150 years! 150 years! 15	1
Accordingly, next morning, he mustered two hundred and eighty men with fifty muskets, and two hundred spearmen, and placed them in eighteen canoes and set out for Bumbireh, eight miles distant, and reached the island at two o'clock in the afternoon.	0
1. It is evident that the natives of Bumbireh had been warned of the approach of Stanley's party. 2. It is evident that the natives of Bumbireh had been warned of the approach of Stanley's party. 3. It is evident that the natives of Bumbireh had been warned of the approach of Stanley's party. 4. It is evident that the natives of Bumbireh had been warned of the approach of Stanley's party.	1
but are well kept and very beautiful	0
but they are beautiful.  Weed, Clarence Moores. The School Garden Book (1909) p. 243	1
because there was a strike among the deck hands, and the cargo could not be unloaded	0
1000 men had struck for higher wages. 1000 men had struck for higher wages. 1000 men had struck for higher wages. 1000	1
The brute, however, developed a surprising speed and endurance, so I settled down to enjoy the ride.	0
15. I had expected to find the place in the same condition as when I left it, but I was mistaken. 16. The house was still standing, but it was not occupied	1
So my memories of Madras will be roads, dripping trees, and long stretches of stuccoed garden walls of a uniform discolored and mouldy yellow, all seen from the front seat of a gharry.	0
156 THE CATHEDRAL AND THE MUSEUM. 157 It is not likely that he will ever be able to find his way about in the city again.  1	1
if they have no eyes	0
but if they have eyes painted on the stern, they can see. 124. THE	1
though it is only a hundred miles long	0
but the canal is a marvel of engineering. 136 The man who knows everything told us it costs $10,000 to get a ship the size of the China through	1
so that all its problems are somewhere solved, all its darkest mysteries are known to the supreme Self	0
and therefore, since it includes us, it is at the very least a person, and more definitely conscious than we are; for what it possesses is self-reflecting knowledge, and what is knowledge	1
although the true Vernunft-Allgemeinheit has not been fully reached	0
1. But it is not yet so that the individual is regarded as a member of a system	1
But suppose I resist the evil impulse, hate it, hold it down, overcome it, then, in this moment of hating and condemning it I make it a part of my larger moral goodness.	0
1. The justification of the existence of my evil impulse comes just at the instant when I hate and condemn it. 2. The justification of the existence of my evil impulse comes just at the instant when I hate and condemn it. 3. The justification of the existence of my evil impulse comes just at the instant when I hate and condemn it. 4. The justification of the existence of	1
The purpose of the law is to protect the life of the person so employed, and this protection continues so long as he is engaged in a service necessary and proper to that employment."	0
2. The fact that the party killed was not engaged in the immediate act of arrest, but was returning to Grinnell to make other arrangements for the arrest of the deserters, does not take him out of the protection of the statute. [missing sentence describing a cause or reason] 3. The court held that the killing of the party was murder, and that the defendant was guilty of	1
If, therefore, the government of the United States, through its legislative department, considers the presence of foreigners of a different race in this country, who will not assimilate with us, to be dangerous to its peace and security, their exclusion is not to be stayed because at the time there are no actual hostilities with the nation of which the foreigners are subjects.	0
2. The existence of war would render the necessity of the proceeding only more obvious and pressing. 3. The power of the government to declare war is therefore a necessary incident of its authority to protect and defend the state. 4. It is not a power which can be delegated to any subordinate department. 5. It is a power which must be exercised by the supreme authority of the state. 6. It is a power which cannot be exercised without the consent of the people. 7. It is a power which cannot be exercised without the consent of the people. 8. It is a power which cannot be exercised without the consent of the people. 9. It is	1
But the serious aspect of the present decision is that, by a new interpretation of the constitution, it so ties the hands of the legislative branch of the government, that without an amendment of that instrument, or unless this court, at some future time, should return to the old theory of the constitution, congress cannot subject to taxation-however great the needs or pressing the necessities of the government-either the invested personal property of the country, bonds, stocks, and investments of all kinds, or the income arising from the renting of real estate or from the yield of personal property, except by the grossly unequal and unjust rule of apportionment among the states.	0
100 per cent. of the burden of supporting the government is thrown upon the shoulders of the many, while the few are permitted to escape their share of responsibility. 100 per cent. of the burden of supporting the government is thrown upon the shoulders of the many, while the few are permitted to escape their share of responsibility. 100 per cent. of the burden of supporting the government is thrown upon the shoulders of the many, while the few are permitted to escape their share of responsibility. 100 per cent. of the burden of supporting the government is thrown upon the shoulders of the many, while the few are permitted to escape their share of responsibility. 100 per cent. of the burden of supporting the government is thrown upon the shoulders of the many, while the few are permitted to escape their share of responsibility. 100 per cent. of the burden of supporting the government is thrown upon the shoulders of the many, while the few are permitted to escape their share of responsibility. 100 per cent. of the burden of supporting the government is thrown upon the shoulders of the many, while the few are permitted to escape their	1
so that the living donors would have witnessed the disappointment of their hopes, the perfidy of the transaction would have been universally acknowledged	0
124 THE LIFE-HISTORIES OF ANIMALS. 125 the trustees would have been guilty of a fraud upon the public, and the donors would have been guilty of a fraud upon the trustees. 126. The trustees, however, did not act thus. They	1
although both its language and spirit embrace commerce by land as well	0
but the commerce by land is not less important, and is more intimately connected with the daily wants and comforts of the people. 134 U.S. 678, 10	1
They were failures because they did not take account of what was going on around them, of having an association which should dominate over all in the interest of all.	0
1860, when the first attempt was made to form a club, and the members were asked to pay a subscription of £2 2s. 6d. per annum. 1864, when the second attempt was made, and the members were asked to pay £	1
because owners of capital have found that under comfortable conditions more is got from the labor, and therefore they do it	0
100,000 persons are employed in the cotton industry of Lancashire. (Hear, hear.) 100,000 persons are employed in the cotton industry of	1
But do you suppose that even those who hold building allotments are going to be dispossessed or injured?	0
1 suppose that the working man gets a full return for his labor, he will be able to buy a house. 1 suppose that the working man gets a full return for his labor, he will	1
but nevertheless the rights of parents to bring up their children in ignorance were interfered with by Parliament, and were put a stop to as far as they then could go	0
103 104 STANLEY'S ADVENTURES IN THE WILDS OF AFRICA.  108	1
Therefore I say what we look to is a thoroughly organised SOCIALISM.	0
1. It is not a mere dream. 2. It is not a mere dream. 3. It is not a mere dream. 4. It is not a mere dream.	1
if all things are owned by everybody	0
Nobody can buy anything. (Laughter.) 124 12	1
although God forbid it should come by force, I trust will come with the organised education of all	0
1688, was not beneficial. (Cheers.) 1688 was not beneficial. (Cheers.) 1688 was not beneficial. (Cheers.) 168	1
The practical modus operandi, therefore, would be about as follows: The patient suffering from malignant disease is irradiated without first submitting to tentative exposures.	0
2. The tumor is usually situated in the subcutaneous tissue, and is therefore easily accessible. 3. The tumor is usually situated in the subcutaneous tissue, and is therefore easily accessible. 4. The tumor is usually situated in the subcutaneous tissue, and is therefore easily	1
but it could not have found fault with the continuation of the treatment after slight reaction had shown itself	0
100 per cent. cure was expected.  Wahl, O. W. (1875). The land of the czar: an ethnology. New York: D. Apple	1
But when repeated exposures of ten minutes' time are necessary, the question of susceptibility, as well as of ordinary cumulative irritation, should be considered, and therefore the intervals between the exposures should be made long-a week on an average.	0
150,000 volts is not too much for the purpose. 150,000 volts is not too much for the purpose. 150,000 volts is not too much for the purpose. 150,000 volts is not too much for the purpose. 150,000 volts is not too much	1
but with no great success	0
120. The agents of the New England colonies were engaged in endeavours to counteract the influence of the French among the cantons, and to	1
although a truce existed at the time	0
124 The Iroquois, however, had also killed some of the French. 125  The Iroquois	1
but with no great success	0
185. In the meantime, the agents of the New England colonies were engaged in endeavours to counteract the influence of the French among the cant	1
although a truce existed at the time	0
1657, however, the Iroquois had been guilty of no such depredations. 1657, however, the Iroquois had been guilty of no	1
for concealment, into the recesses of the neighbouring forests, and then to dispatch their able-bodied men to the defence of the city	0
152 153 because the enemy had no intention of invading Canada. 154 The war was confined to the United States, and the only result of the preparations was to increase the comfort and security of the inhabitants. 155 The Canadians were thus spared the horrors of	1
Such, however, is not the case, as the capture of Quebec depends on a coup-de-main.	0
125 But it is not so. [etc.] 126 The enemy has been reinforced by fresh troops, and the situation is now critical. [etc.] 127 The colonists have been driven back to their last line of defence. [etc.] 128	1
The peace thus established was not of long duration.	0
56. The result was that the French were enabled to establish themselves in the heart of the country, and to extend their influence over the Indians. 57. The Iroquois, on the other hand, were compelled to abandon their former policy of hostility towards the French, and to	1
The same cause led that Governor to project the establishment of a fort and military station at Cataracoui (Kingston), which was afterwards built by his successor, and called Fort Frontenac.	0
1658, the Iroquois had begun to make war upon the Hurons, and to carry off their women and children as slaves. 1658, the Iroquois had begun to make war upon the Hurons, and to carry off their women and children as slaves. 1658, the Iroquois had begun to make war upon	1
for they set out with rods and baskets, to find some accessible silent nook or recess free enough of limbs and brush wherein to cast the fly	0
116	1
So, to compromise himself only partially, he tacked on what we supposed was a slit of bacon with a new glaring red-fly.	0
1. He must have something more substantial. 2. He must have something more substantial. 3. He must have something more substantial. 4. He must have something more substantial. 5. He must have something more substantial. 6. He must have something more substantial.	1
They are, however, distinct from all the true turns in that they consist of a mere push, stop, and pull back of the tracing foot, and are made without any change of front of the body.	0
1. The beak is the mark made by the skate when it is drawn over the ice. 2. The counter-beak is the mark made by the skate when it is pushed forward. 3. The beak is the mark made by the skate when it is drawn over the ice; the counter-beak is the mark made by the skate when it is pushed forward. 4. The beak is the mark made by the skate when it is drawn over the ice; the	1
because the second curve of outside or inside edge follows directly from the first edge; and the two curves are joined at the point of the turn without the intervention of a bit of curve in the contrary direction	0
52 LIFE-HISTORIES OF ANIMALS. because it is easier to make a change of curve than a change of edge. 53. The changed curve turn is the best for stopping, because it is easier to stop on the outside of the curve than on the inside. 54. It is also the best for turning, because it is easier to turn on the outside of	1
Theoretically therefore the free leg should pass the tracing leg half-way through the curve; in practice, however, it is better to keep it behind in forward curves for longer than half-way, and in back curves to bring it behind before half-way.	0
The skater will have to make a considerable effort to maintain his balance.	1
but no by-law may appoint a penalty exceeding £5 for any one offence, and no county by-law has any force within a municipal borough	0
2. No person shall be convicted of any offence under this section unless he has been previously warned by the officer in charge of the police force of the county that it is his duty to comply with the provisions of the by-law. 3. Any person who shall wilfully fail to comply with the	1
so that Gaol Sessions are no longer necessary	0
and the unity of the county is now practically lost.  139	1
for the county rate may also be framed upon it	0
10. The clerk of the peace is required to send a copy of the valuation list to the quarter sessions, and to the clerk of the peace of every other county in England and Wales	1
Consequently, central government, when it came, had to reckon with local government as an established fact, and has had to do so ever since.	0
100 years later, when the Danes were defeated, the English had become a nation. 100 years later, when the Danes were defeated, the English had become a nation. 100 years later, when the Danes were defeated, the English had become a	1
for the county rate may also be framed upon it	0
163. And the clerk of the peace is required to send a copy of the valuation list to the clerk of the peace of every county in which the parish lies, for the purpose of enabling	1
but prosecutors and prisoners have no longer the right to insist on a trial beſore a judge of assize of offences triable at Quarter Sessions	0
1. The Justices have no power to try any case which is not triable by them without special authority. 2. The Justices have no power to try any case which is not triable by them without special authority. 3. The Justices have no power to try any case	1
One result of the restrictions is that municipal property is often let much under its real value.	0
1835 was a year of great change in the law of leases.  132	1
however, that they shall be furnished as often as a new lodger occupies the bed	0
provided, that the lodger shall have been absent from his bed for more than twenty-four hours.  131	1
It follows that payments made out of the city treasury under such circumstances are unlawful.	0
1. It follows that the municipality must have the approval of the State Board of Health before it can construct or alter any water system. 2. It follows that the municipality must have the approval of the State Board of Health before it can construct or alter any sewer system. 3. It follows	1
But no rule of the state board or of any public board or officer shall at any time compel the vaccination of a child, or shall exclude, except during epidemics of smallpox and when approved by the local board of education, a child from the public schools, for the reason that such child has not been vaccinated.	0
7. The furnishing of antitoxin and serum. [missing sentence revising an implied expectation] No person shall be required to receive antitoxin or serum against diphtheria, tetanus, or other disease, unless he has been previously vaccinated against such disease. 10. The furnishing of inoculation against typhoid fever. [missing sentence revising an implied expectation] No person shall be required to receive inoculation against typhoid fever unless he has been previously vaccinated against smallpox. 11. The furnishing of inoculation against scar	1
if an infected person cannot be removed without danger to his or her health	0
Provided, however, that no person shall be removed from his home without his consent, unless he is unable to give it. 134. 135. 136	1
It is called thus because it is supposed to be 9 miles from Santa Clara Pueblo, or from the Rio Grande.	0
14:47. [14:47] (1) Santa Clara Pujepopi 'springat [14:46]' (Puje, see [14	1
unless we remember that nearly fivesixths of the 18,500,000 tons of ore passes us by to enrich other cities	0
chiefly because the front door of Cleveland is practically closed to lake transportation and to the wealth of the great Northwest. "The large lake fleets of Rockefeller, Carnegie, M. A. Hanna & Co.,	1
But the wheezy, worn-out engine and our efforts failed us, and we slept that night miles away from Adrian; of course the committee and audience of twelve hundred persons were disgusted; we lost the fee, fifty dollars, and the seventy-five dollar railway ride.	0
1000 people were expected, but only 300 came. 1000 people were expected, but only 300 came. 1000 people were expected, but only 300 came. 1000 people were expected, but only 300 came. 1000 people were expected, but only 300 came. 1000 people were expected, but only 300 came	1
so I took rooms at a hotel	0
137 We were glad to be out of the rain. 138 The	1
Thus a total of seventy-two modern vessels at the same time could load or unload their cargoes.	0
1600 feet of dockage is required for each vessel, and the ore must be carried from the ship to the railway. 1600 feet of dockage is required for each	1
Yet, save for that one reproach, it persisted.	0
1348, the year of his death, was the year of his marriage. 1348, the year of his death, was the year of his marriage. 13	1
if they believed themselves damned	0
if they were assured that their sufferings would be eternal. 123 124	1
however, throughout Europe generally and in certain sections of America, quietism found adherents	0
12, as its author.  25	1
for she had loved much	0
1. because she had been a sinner, and he had come to save sinners. 2. because she had been a sinner, and he had come to save sinners	1
As a result the delinquent was rare.	0
1. The result was that the offender was cut off from all intercourse with his fellow-men. 2. The result was that the offender was cut off from all intercourse with his fellow-men.	1
Because of his iambics, he has a niche in the hearts of the polite.	0
100 years after his death, Horace is still read and admired. [missing sentence describing a cause or reason] Versatile in love and in verse, his inconstancy and his art	1
so, if, after leaving New Friendship, you went a little to the right or a little to the left, you would get lost also	0
1. If, in going from Great Wit, you took to the right, you would reach Negligence, keeping on you would get to Inequality, from there you would pass to Lukewarm and Forgetfulness, and presently you would be on the lake of Indifference. 2	1
though the perfection persisted, the stamp of divinity ceased	0
but she was now to rule through her imperfection.  139	1
Since the convocation of the Estates General in 1789, political life in France had rapidly developed.	0
1. The first of these was the Club des Patriotes, founded in 1834, and composed of young men who had been educated in the United States. 2. It was	1
The sovereign endeavored to replace the old and outworn judicial system with one more suited to contemporary conditions.	0
1. The Emperor Joseph II. of Austria, who died in 1790, was one of the most remarkable figures in modern history. 2. The Emperor Joseph II. of Austria	1
It has been shown that inadequate illumination is directly responsible for many industrial accidents and that proper artificial lighting is a preventative measure.	0
2. Protective lighting. - The importance of adequate lighting in factories and other places of work cannot be overestimated. 2. Protective lighting. - The importance of adequate lighting in factories and other places of work cannot be overestimated. 2. Protective lighting. - The importance of adequate lighting in	1
The mayor possesses the veto power over all ordinances passed by the city council.	0
2. The veto power of the mayor. 3. The veto power of the mayor. 4. The veto power of the mayor. 5. The veto power of the mayor. 6. The veto power of the mayor. 7. The veto power of the mayor.	1
Contrary to the expectation of many at the time of its adoption, the constitution has proved itself extremely stable.	0
1. The constitution of the United States has been amended but four times. 2. It has undergone development, but it has been principally through the process of judicial interpretation and through custom. 3	1
The book on Cambridge is largely an account of the founding and history, centuries long, of that great English University.	0
1. The History of Cambridge. By J. H. Tuker. With illustrations by W. Matheson. 2 vols. London: Macmillan & Co. 1894. 8vo. $ The History of Oxford	1
By diluting cow's milk with water to reduce the proportion of proteids, and adding cream and milk sugar, a compound similar to the baby's natural food is produced.	0
1. The preparation of artificial milk for bottle-feeding is a matter of considerable importance. 1. The preparation of artificial milk for bottle-feeding is a matter of considerable importance. 1. The preparation of artificial milk for bottle-feeding is a matter of considerable importance. 1. The	1
Briefly summarized, in a single statement: according to psychoanalysis, the unconscious is a region of the mind, the content of which is characterized by the attributes of being repressed, conative, instinctive, infantile, unreasoning, and predominantly sexual.	0
1. The unconscious is a part of the mind which is not accessible to consciousness. 2. It is not a mere negation of consciousness, but has its own laws and characteristics. 3. It is not a mere residuum of conscious processes, but is itself active and productive. 4. It is not a mere storehouse of repressed memories, but is capable of producing new	1
This volume is a comprehensive, philosophical resume of life reaching back to the lowly protozoa and from this basis tracing various lines of development and discussing the more important factors which have played a part in the modification of life.	0
1. The author of this book has been a student of zoology for many years. 2. He has made a special study of the development of life. 3. He has written a book on the subject which is called "The Vital Reaction." 4. It is a book which is not intended to be a mere record of facts. 5. It is a book which is intended to give the reader a clear understanding of the nature of life. 6. It is a	1
The authority of the Sacred Scriptures, inclusive of the epistles of apostles, is strongly asserted.	0
1. THE AUTHENTICITY OF THE BIBLE. 2. THE TESTIMONY OF THE SPIRIT. 3. THE TESTIMONY OF THE LETTER. 4. THE TEST	1
The variocoupler is a form of inductively coupled receiving transformer compactly made into one unit.	0
13. The variocoupler is a type of receiving transformer. 14. It has a primary and a secondary, the same as the loose-coupler described above, and in	1
Radio waves are created or generated in several ways.	0
1. The waves which are transmitted by wireless telegraphy are either damped or undamped. 2. Damped waves are those which are produced by spark sets. 3. Undamped	1
The final arrangement regarding these matters of revocation and confirmation of the credit will reflect the bargaining power of buyer and seller in international trade.	0
1. THE CONFIRMATION OF A CREDIT BY AN AMERICAN BANK. 2. THE CONFIRMATION OF A CREDIT BY AN AMERICAN BANK. 3. THE CONFIRMATION OF A CREDIT BY AN AMERICAN BANK. 4. THE CONFIRMATION OF A C	1
the clip will not go into market quite so early as usual.	0
1875 will probably be a good year for wool.  1	1
but seeing detectives onboard, one of them became frightened and jumped off.	0
but who were captured.	1
It should also not be lost sight of that the Indians themselves were the pioneers in introducing Western education in this country. The Hindu College of Calcutta was established long before Macaulay penned his celebrated minute or Wood sent out his Educational Despatch to India.	0
He was the most powerful man in India, and he was the author of the system of education which has been adopted there.  He was the first to see that the Indian people must be educated, and he was the first to see what sort of education they should receive.  He was the first to see that the Indian people must be educated, and he was the first to see what sort of education they should receive.  He was the first to see that the Indian people must be educated,	1
The Indian authorities, it has been said, were afraid of educating the people of India. Even so late as 1853, some of the Anglo-Indian witnesses examined before the Select Committees on Indian affairs were not in favour of educating the natives of India, for they thought that would make them disloyal.	0
1843, the Government of India appointed a committee to inquire into the state of education in India, and to report upon the means of promoting it. 1844, the Government of India issued a circular letter to all the Presidencies, asking them to furnish information on the subject. 1845, the Government of India appointed a committee to inquire into the state of education in India, and to report upon the means of promoting it. 1846, the Government of India appointed a committee to inquire into the state of education in India, and to	1
When one can produce accents to pass as a native in eight different cities, one has more reason to feel at home than some others who have always been at one local home.	0
When the people of Ireland are free, they will have no need to ask for freedom.  When they are free, they will have no need to ask for anything.  When they are free, they will have no need to ask for anything at all.  When they are free, they will have no need to ask for anything whatever.  When they are free, they will have no need	1
annexation of the Imerethians by Russia	0
1820.  insufficient information.   The passage does not provide enough information to determine	1
The ultimate reality is transferred from sensible matter to a uniform medium which is a plenum filling all space: all events occur and are propagated in this plenum, the ultimate elements of matter consisting of permanently existing vortices or other singularities of motion and strain located in the primordial medium.	0
1. The answer is that there must be some means of connexion between them, but we do not know what it is. 2. We are not able to explain the phenomena of electricity, magnetism, gravitation, etc., because we do not know the nature of the force which produces them. 3. We do not know the nature of the force which produces them. 4. We do not know the nature of the force which produces them. 5. We do not know the nature of the force which produces them. 6. We do not know the nature of the	1
what seems to many the absurd suggestion of equality between the sexes,	0
Woman's suffrage.  140	1
Against the advantages must be set the drawbacks: the comparative break-up of home life and the habitual neglect of children. The problem is a grave one, and opinions are conflicting, but most people agree that something should be done at any rate to arrest the terrible infant mortality, which is to be found in all the centres which give widespread employment for married women.	0
It is not only beneficial, but absolutely necessary, that women should be educated and trained for the duties of life.  If they are to be educated at all, they must be educated for something; and if they are to be educated for anything, they must be educated for something useful.  If they are to be educated for usefulness, they must be educated for something which will enable them to earn their own living.  If they are to be educated for earning their own living, they must be educated for something which will enable them to earn their own living.  If they are to be educated for earning their own living, they must be educated for something which will enable them to earn their own	1
Equanimity and courage and steadfast hope were characteristic of Stephens all his life through. Whoever doubted Ireland's fitness to free herself that did not he.	0
He is a man of great energy, and has done much for the cause of Irish freedom.  He is a man of strong convictions, and is not afraid to express them.  He is a man of great courage, and has never shrunk from danger.  He is a man of great	1
If we are to have National Freedom we must at least be prepared to fight. Home Rule will give us only the freedom of the convict in the prison fields, always within range of the warder's gun. The Home Rule Parliament, should it ever be established, will not be permitted to use freely the powers given to it, much less to extend them, unless it is backed by an armed and resolute nation.	0
1. Home Rule is a political movement in Ireland which seeks to establish a national parliament in Dublin. 2. It is opposed by the Unionists, who are Protestants and wish to remain under British rule. 3. The Unionists have been successful in preventing Home Rule from being implemented. 4. The Irish Volunteers, a nationalist organization, have been working to bring about Home Rule. 5. The British government has been trying to find a compromise between the Unionists and the nationalists. 6. The Irish Volunteers have been training for war in case they need to fight for Home Rule. 7. The British government has been trying to prevent the Irish Volunteers from getting weapons.	1
Every man and woman — one might say every animal, and even some of the inanimate objects — seem to be full of life. The crowds of women in the streets, walking rapidly past, pushing and elbowing everyone who stands in the way, all intent on business or pleasure, are a sight not likely to be soon forgotten. I wonder how people can stand the noise and bustle.	0
1. It is a city of great wealth and power, but it is also a city of poverty and misery. 2. It is a city of great beauty and grandeur, but it is also a city of ugliness and squalor. 3. It is a city of great civilization and progress, but it is also a city of ignorance and barbarism. 4. It is a city of great culture and refinement, but it is also a city of vulgarity and coarseness. 5. It is a city of great religion and piety, but it is also a city of irreligion and impiety. 6. It is a city of great hope and promise, but it is also a city of despair and disappointment. 7.	1
The crowds of women in the streets, walking rapidly past, pushing and elbowing everyone who stands in the way, all intent on business or pleasure, are a sight not likely to be soon forgotten. For me it is a sight more striking than attractive. After all, a woman's place is at home rather than in the street.	0
The woman's place is not at home, but in public. She has a mission in life which is as important as that of man, and she must be allowed to fulfill it.  The woman's place is in the school, in the church, in the factory, in the field, in the laboratory, in the lecture-room, in the pulpit, in the political assembly, in the legislative hall, in the court of justice, in the hospital, in the orphan asylum, in the poor-house, in the prison, in the home of the poor, in the home of the rich, in the home of the sick, in the home of the dying.  The woman's place	1
It is worth while standing for a time on this bridge, viewing the enormous traffic; thousands of vehicles pass in a day. Note the skill of the Chinese scullers in navigating their heavy-laden cargo and passenger boats under the bridge. Note also the enormous variety of boats: Chinese post-boats are frequently to be seen, propelled swiftly by a man seated in the stern, who works a paddle with his foot, and steers by another under his arm.	0
The bridge is a long one, and it is built of stone, and it is covered with trees, and it is very beautiful.  It is called the Garden Bridge because it leads to the gardens.  It is a very fine bridge.  It is very old.  It is very wide.  It is very long.  It is very high.  It is very strong.  It is very beautiful.  It is very grand.  It is very noble.  It is very magnificent.  It is very splendid.  It is very glorious.  It is very grand.  It is very noble.  It is very magnificent.  It is very splendid.  It is very glorious.  It is very grand.  It is very noble.  It is	1
The view from the bridge, looking towards the river with the handsome Russian Consulate on the left and the Gardens on the right, is very good. The greenhouses of the Public Gardens occupy the corner between the Bund and the Soochow Road—they are always well stocked with plants. Across the road are the Public Gardens, much too small, but invaluable to the Settlement.	0
150 ft. above the river, and the view is magnificent. The bridge is approached by a flight of steps from the river bank, and there are also flights of steps leading up to the bridge from the gardens on either side.  The bridge is approached by a flight of steps from the river bank, and there are also flights of steps leading up to the bridge from the gardens on either side.  The bridge is approached by a flight of steps from the river bank, and there are also flights of steps leading up to the bridge from the gardens on either side.  The bridge is approached by a flight of steps from the river bank, and there are also flights of steps leading up	1
Plasma contains an antecedent of fibrin which by chemical change is converted into fibrin.	0
1. The presence of foreign bodies, such as bacteria, or of poisons. 2. The presence of certain substances in the blood itself. 3. The presence of certain conditions in the	1
In the first place, the muscle becomes acid, not so acid as in rigor mortis, but still sufficiently so, after a vigorous tetanus, to turn blue litmus distinctly red.	0
1. The glycogen is changed into sugar; 2. The sugar is changed into lactic acid; 3. The lactic acid is changed into carbonic acid and water. 4. The carbonic acid is changed into carbon dioxide and water. 5. The water is changed	1
The curve described by a muscle on a recording surface during a simple muscular contraction may be called a curve of a simple muscular contraction or, more shortly, a "muscle-curve."	0
A muscle-curve is a curve which has been produced by the action of muscles.  It is a curve which has been produced by the action of muscles.  It is a curve which has been produced by the action of muscles.  It is a curve which has been produced by the action of muscles.  It is a curve which has been produced by the action of muscles.  It is	1
We recognize national traits of character, which, differing from each other, cannot all be virtues, and some of which must therefore be deemed faults. These, not being essential to the organization, in the course of the intermingling of races disappear by neutralizing each other, while, the higher qualities remaining, a higher type is evolved.	0
1. The higher the temperature, the greater is the rate of evaporation. 2. This is because the higher the temperature, the more rapid is the motion of the molecules of the liquid. 3. The higher the temperature, the greater is the rate of evaporation. 4. This is because the higher the temperature, the more rapid is the motion of the molecules of the liquid. 5. The higher the temperature, the greater is the rate of evaporation. 6. This is because the higher the temperature, the more rapid is the motion of the molecules of the	1
In all the higher, as compared with the lower, races of mankind the length of the leg is greater and that of the arm less.	0
100 candle-power lamps are now available, and it is possible to obtain light of higher intensity than has ever been used before. 100 candle-power lamps are now available, and it is possible to obtain light of higher intensity than has ever been used before. 100 candle-power lamps are now available, and it is possible to obtain light of higher intensity than has ever been	1
Rational being consists of body, soul and spirit. Of these the body may cease its life-action, and the soul may then be laid down, or be severed from the spirit, and this is death (Hickok), but the life is not laid down or disconnected, and could not be for a moment, for that would be cessation of being. The spirit returns to God who gave it.	0
1. That it is immortal. 2. That it is conscious. 3. That it is happy. 4. That it is rewarded or punished according to its conduct on earth. 5. That it is reunited with the body at the resurrection. 6. That it is judged. 7. That it is rewarded or punished according to its conduct in the life hereafter. 8. That it is not annihilated. 9. That it is not lost. 10. That it is not destroyed. 11. That it is not absorbed into God. 12. That it is not changed into angels. 13. That it is	1
The middle classes, the bourgeoisie, the small traders, business men, skilled and intelligent artisans, mechanics, and the like, who have had a determining influence in modern liberal and democratic states, constituted then an insignificant element in the population: they were the growth of a later period in these sections of Europe, a development subsequent to the French Revolution.	0
12. I have been reading the "Liberal" for the last two days, and have been greatly edified. 13. I have been reading the "Liberal" for the last two days, and have been greatly edified. 14. I have been reading the "Liberal" for the last two days, and have been greatly edified. 15. I have been reading the "Liberal" for the last two days, and have been greatly	1
By the end of the eighteenth century the disintegration of the Empire had proceeded far.	0
1. The political condition of Germany was very different from what it is now. 2. It was a mere patchwork of petty states. 3. The number of these states was very great	1
From what we know of God, we believe that He will give to every one a sufficient probation, and as some, according to our view, do not seem to have a sufficient probation here, it may be that they will have it after death. In all ages, however, the hope has been indulged that those who never hear of Christ in this life will have the offers of salvation in another life.	0
1. That it is immortal, and will exist for ever. 2. That it will be judged by God, and rewarded or punished according to its works. 3. That it will be reunited with the body, which will rise again. 4. That it will be transported into another world, where it will enjoy perfect happiness or suffer eternal torments. 5. That it will be transported into another world, where it will enjoy perfect happiness or suffer eternal torments. 6. That it will be transported into another world, where it will enjoy perfect happiness or suffer eternal torments. 7. That it will be transported into another world, where it will enjoy perfect happiness	1
When a body is kept in equilibrium by any number of co-planer forces, the algebraical sum of the moments of all the forces about any point in their plane is zero. Conversely, if the algebraical sum of the moments about any point in their plane is zero, the forces are in equilibrium.	0
1. The moment of a force is the product of its magnitude and the perpendicular distance of its line of action from the point about which it is to be measured. 2. The sum of the moments of two or more forces acting on a body is equal to the moment of their resultant. 3. When a body is in equilibrium, the sum of the moments of all the forces acting upon	1
There are two other economies resulting from their use; they save one step in each flight of stairs, and in the height of the walls; and being put into position as soon as the supporting salient courses are set, they may be protected by boards, and used as scaffolding, saving the cost of the latter.	0
1. I have no flight of fancy, but I am sure that the time will come when the people of this country will be able to say, "We are free." 2. I have no flight of fancy, but I am sure that the time will come when the people of this country will be able to say, "We are free." 3. I have no flight of fancy, but I am sure that the time will come when the people of this country will be able to	1
Forty sq. rods equal 1/4 of an acre; 1/4 of $300 is $75, the cost of 40 sq. rods.	0
40 rods = 1/160 of an acre; 1/160 × $300 = $1.875. Ans. $ rods = 1 acre; 160 × $30	1
468 cu. ft.; or 3 Cd. 84 cu. ft.	0
378 cubic feet, or 1-1/2 cords.  insufficient information.	1
10 mi. 5 fur. 5 rds. 5 yds. 0 ft. 11 in.	0
12,000 miles, 48,000 furlongs, 192,000 rods, 768,000 poles,	1
Training of the visual imagination is something that becomes more and more important in these days when copious illustration of books leaves little for this faculty to do.	0
2. The teacher should not be satisfied with mere verbal translations of descriptive passages. 3. The student should be made to translate them into concrete images in his own mind. 4. This is a good method of study in general. 5. It gives new insight and redoubled interest in the works studied. 6. It is a good method of study in general. 7	1
The development of literary taste is a difficult, slow, and vexing task.	0
1. Poetry is the most powerful means of communicating the beauty of literature. 2. It is the most effective means of forming taste. 3. It is the most potent means of educating the mind. 4. It is the most powerful means of elevating the soul. 5. It is the most potent means of developing the imagination. 6. It is the most powerful means	1
What happiness if the door should not be locked!—but of course it is, for in these great places, the gardeners are the only people who can go where they like.	0
What happiness, if the door should not be locked! But of course it is; for in these great places the gardeners are the only people who can go where they like.  Munk.  1	1
Mrs. Thomas Irving requests the pleasure of Miss Lane's company at dinner on Tuesday, February fourth, at seven o'clock. 26 Dearborn Park, January thirtieth.	0
1. "My dear Sir, I have the pleasure of inviting you to dinner at my house on Friday evening, the 14th inst., at 7.30 p.m. I shall be glad if you will accept this invitation." 2. "I have the honor to invite you to dinner at my house on Friday evening, the 14th inst., at 7.30 p.m. I shall be glad if you will accept this invitation." 3.	1
Having a little leisure and some curiosity, I went to see the aeroplane.	0
"I went to see the aeroplane, having a little leisure and being curious."  insufficient information.  (The passage does not give any further examples.)  (The passage does not	1
Although Mrs. Linnet is somewhat tiresome because of the shrillness of her note, which she repeats over and over, she is such a loving mother to her numerous brood and works so faithfully for the family interests, that even when we are tempted to ask her to retire to some far-away spot and cultivate her voice we cannot fail to admire her.	0
Mrs. Linnet, to be sure, is somewhat tiresome because of the shrillness of her note, which she repeats over and over; but she is a loving mother to her numerous brood, and works faithfully for the family interests; we admire her, although we are tempted to ask her to retire to some faraway spot and cultivate her voice.  (Hiram Corson, A Primer of English Verse, 1892)  (p. 45)  (pp. 45-46)  (p. 46)	1
Deduction is the name given to that method of reasoning which, from a knowledge of a general truth about a class, draws a conclusion about a smaller class, or about a single object, instance, or individual.	0
1. We reason that Mary, aged two, will cry if she is hurt because children of that age always do cry when they are hurt. 2. We say that John Andrews will become a good mayor because he is a just man, and just men make the best mayors. 3. We say that a certain tree with a black scar from top to bottom has been struck by lightning	1
Miss Lane regrets that a previous engagement prevents her from accepting Mrs. Irving's kind invitation to dinner on Tuesday, February fourth, at seven o'clock. 2 University Place, January thirty-first.	0
1. I am sorry, but I cannot accept your kind invitation to dine with you on Thursday evening. 2. I hope that you will not think me discourteous in declining your invitation. 3. I have been so busy lately that I have not been able to arrange my time properly. 4. I hope that we may meet again soon. 5. Yours sincerely, 6. JENNIFER LANE. 7. (Signed). 8. [Note	1
These slang words show not only a vulgar smartness in the manners of their user but, moreover, a sad lack of originality.	0
1. They are all slang. 2. They are all used in the same sense. 3. They are all used in the same connection. 4. They are all used in the same book. 5. They are all used by the same author. 6. They are	1
When the valves in this connection are open, the flow into the calorimeter is induced by vapor-pressure difference caused by heating the reservoir above the temperature of the calorimeter.	0
When the first settlers came to America, they found the Indians living in rude wigwams, and using rude tools.  When the first settlers came to America, they found the Indians living in rude wigwams, and using rude tools.  When the first settlers came to America, they found the Indians living in rude wigwams, and using rude tools.  When the first settlers came to America, they found the Indians living in rude wigwams, and using rude tools.	1
On the 5th November, 1525, he was incorporated at Oxford, being one of three masters of arts who had been preferred to Cardinal Wolsey's college in that university. Proving however violent Lutherans, they were one and all obliged to leave it.	0
He preferred to be called a physician rather than a surgeon; and he was violent in his opposition to the use of blood-letting.  He was also violent in his opposition to the use of blood-letting.  He was violent in his opposition to the use of blood-letting.  He was violent in his opposition to the use of blood-letting.  He was violent in his opposition to the use of blood-letting.  He was violent in his opposition	1
He graduated doctor of medicine at Leyden in 1638, was incorporated at Oxford 14th January, 1640-1, and was admitted a Candidate of the College of Physicians 22nd December, 1643; and a Fellow 9th August, 1648.	0
1659, he was admitted a member of the Royal Society, and incorporated a Fellow of the College of Physicians.  1706	1
When I look round it is like a battle-field; many old friends gone; and then I see brethren like men wounded in the fight, such as Manson, Moody-Stuart, Macdonald, both my own brothers, laid aside from their former work.	0
When the first edition of this work was published, the author had not seen the manuscript of the second part of the "History of the Church of England," by Dr. Pusey. 1875. 12mo. 1875. 12mo. 1875. 12mo. 1875. 12mo. 1875. 12mo. 1875.	1
Mars is the planet whose orbit is nearest to the earth. His diameter is about 4400 miles, and his volume about one-sixth of the earth’s; his mass, however, is little more than one-ninth of hers, his density being estimated at only ⅞ths of the earth’s.	0
miles is the mean distance of Mars from the sun, and its diameter is 4,220 miles, or 1/2.6 of that of the earth. Its mass is 1/10.8 of that of the earth.  miles is the mean distance of Mars from the sun, and its diameter is 4,220 miles, or	1
Astronomy is the science which deals with the distribution, motions, and characteristics of the heavenly bodies.	0
Astronomy is the science which treats of the heavenly bodies, their motions, distances, magnitudes, and other properties.  It is divided into two parts, theoretical and practical.  The former treats of the laws of motion of the heavenly bodies; the latter, of the methods by which these laws are ascertained.  Theoretical astronomy is subdivided into celestial mechanics and celestial physics.  Cele	1
The chief direction of the Fenian conspiracy was assumed by James Stephens, who had been implicated in the Phoenix affair, and who never cordially agreed with O’Mahony. Stephens was very despotic—a true revolutionary leader.	0
He was a member of the Irish parliament, and was one of the leaders of the movement for the repeal of the union with England.  He was also a member of the secret society known as the "United Irishmen."  He was arrested and imprisoned for his political activities.  He was released on parole, but he violated it, and was again imprisoned.  He escaped from prison, and fled to America.  He returned to Ireland, and was again imprisoned.  He was released, and went to France, where he died.  He was a man of great energy and ability,	1
These reforms did not, however, put an end to Irish agitation. The Home Rule party, which demanded the restoration of a separate Irish Parliament, showed increased activity, and the general election of 1874 gave it a strong representation at Westminster, where one section of the party developed into the “Obstructionists.”	0
The Home Rule party, which has been in power for some time, is now seeking to establish a parliament in Dublin, with a view to making Ireland practically independent of Great Britain.  This is not likely to be accomplished without considerable friction.  The British government is not disposed to grant Home Rule, and the Irish party is not prepared to accept anything less than complete independence.  The situation is complicated by the fact that the Irish party is divided into two factions, one of which is more moderate and the other more extreme.  The moderates are willing to accept Home Rule, but the extremists are determined to have complete independence.  The moderates are in the majority, but the extremists are very	1
Albumenoids are sometimes called the histo-genetic bodies, because they are essential to the building up of the animal organism. The readiness with which these bodies change in the moist condition produces the digestive and other ferments in the body, and the synaptase, diastase, and emulsin which we find in plants.	0
1. They are the chief source of nourishment for the cells. 2. They are the chief source of energy for the cells. 3. They are the chief source of material for the formation of new cells. 4. They are the chief source of material for the formation of new albumenoid bodies. 5. They are the chief source of material for the formation of new protoplasm. 6. They are the chief source of material for the formation of new nucle	1
Aluminium remained a laboratory product until Deville, about 1858, succeeded in improving the mode of production, so as to render the operations capable of management on the manufacturing scale. The process consists in heating to a red heat a mixture of the double chloride of aluminium and sodium, or the double fluoride of aluminium and sodium (cryolite), with the metal sodium.	0
1. The ore is first roasted, then fused with soda ash and limestone, and the resulting mixture is treated with water. 2. The residue is treated with carbon, and the metal is obtained in the form of lumps or sheets. 3. It is also produced by electrolysis of alumina in a fused state. 4. The metal is very pure, and is used in many ways. 5. It is not attacked by acids, but is corroded by alkalies. 6. It is not affected by moisture, but is acted upon by steam at high temperatures. 7. It is not attacked by nitric acid, but is corroded by hydrochlor	1
It can hardly be said to be obvious why, in uncultured races or individuals, there should arise that invariable tendency to represent natural forces as conscious and anthropomorphic. Evidently the notion of an animating, separable, and surviving soul commends itself as the ready explanation of many familiar phenomena, and the appropriate instrument of a philosophy which ascribes animation to nature at large.	0
It was the belief of the ancient Egyptians, Greeks, and Romans that the souls of men and animals were immortal, and that they passed after death into the bodies of other animals.  This belief was common among the early Christians, and was adopted by the heathen nations of Europe when converted to Christianity.  It was also held by the Druids, who taught that the souls of men and animals were not only immortal, but that they could be transferred from one body to another.  The belief in the immortality of the soul, and in the transmigration of souls, is called animism.  It is still held by many people in Europe and America.  It is also found	1
The final decay of many forms of animistic belief, much more readily than the process of their development, admits of being traced with the aid of historical evidence.	0
1. The history of science is a record of the progressive substitution of matter for spirit and law for spontaneity. 2. The process is not always rapid. 3. In some cases, a declining spiritual conception may persist for a length of time, refined and modified into a "pr	1
A territory of the United States, bounded N. by Utah, E. by New Mexico, S. by Mexico, and W. by California and Nevada, with an estimated area of 113,900 square miles.	0
Arizona is a land of beauty, of grandeur, of romance, of mystery, of adventure, of danger, of peril, of hope, of despair, of joy, of sorrow, of love, of hate, of life, of death.  It is a land of contrasts, of extremes	1
The notion of animal-souls, largely prevalent among savage tribes, still faintly survives in our own country.	0
1. The belief that animals have souls is not universal. 2. It is held by some that they have no souls, but are mere machines. 3. Others believe that they have souls, but that these are not immortal. 4. Some hold that they have souls which are immortal. 5. Others believe that they have no souls at all. 6. The belief that they have souls is not universal among Christians. 7. It is held by some that they have	1
The Afghans, inured to bloodshed from childhood, are familiar with death, and are audacious in attack, but easily discouraged by failure; excessively turbulent and unsubmissive to law or discipline; apparently frank and affable in manner, especially when they hope to gain some object, but capable of the grossest brutality when that hope ceases.	0
The Afghan is a man of great physical strength, and is capable of enduring great hardships. He is brave, but not always generous or humane. He is a good horseman, and is fond of hunting and shooting. He is a keen sportsman, and is fond of gambling. He is a great lover of music, and is fond of dancing. He is a great lover of poetry, and is fond of reciting verses. He is a great lover of wine, and is fond of drinking. He is a great lover of women, and is fond of courting them. He is a	1
Roger Bacon, an English philosopher and man of science, was born near Ilchester in Somerset. His family appears to have been in good circumstances, but in the stormy reign of Henry III, their property was despoiled and several members of the family were driven into exile.	0
Roger Bacon, the English philosopher, was born at Ilchester, Somersetshire, in 1214. He died in 1292.  He was a Franciscan friar, and was for many years professor of philosophy at Oxford.  He wrote on various subjects, but his chief work was entitled Opus Majus, which was translated into French by Cardinal Pierre d'Ailly, and published in 1637.  In this work he advocated the use	1
John Bacon was a British sculptor, born in Southwark on the 24th of November 1740. He was the son of Thomas Bacon, a cloth-worker, whose forefathers possessed a considerable estate in Somersetshire.	0
1658-1720, English divine; author of "The Christian's Reasonable Service." insufficent information.  insufficient information.  insufficient information.  insufficient information.  insufficient information.  insufficient information.  insufficient information.	1
Francis Bacon was an English philosopher, statesman and essayist. Very little is known of Bacon's early life and education. At Cambridge he applied himself diligently to the several sciences as then taught, and came to the conclusion that the methods employed and the results attained were alike erroneous.	0
1561-1626. English philosopher, statesman, and author. He was one of the most influential men of his age, and is regarded as the founder of modern philosophy. His writings are characterized by a clearness and precision of thought and expression which have made them models of English prose. 1879.	1
Backgammon is a game played with draughtsmen and a special board, depending on the throw of dice. It is said to have been invented about the 10th century. A similar game was known to the Romans, and Plato alludes to a game in which dice were thrown and men were placed after due consideration.	0
Backgammon is a game played by two persons with 15 men each, on a board divided into 24 squares, alternately black and white. The object is to get all one's men off the board before the opponent. The game is played with dice, and the men are moved according to the number thrown.  It is a very ancient game, and was known to the Greeks and Romans.  It is still popular in the East.  In England it is not so much played as formerly.  It is a game of skill and chance.  The rules are simple	1
Baby-farming is a term meaning generally the taking in of infants to nurse for payment, but usually with an implication of improper treatment. Previous to the year 1871 the abuse of the practice of baby-farming in England had grown to an alarming extent, while the trials of Margaret Waters and Mary Hall called attention to the infamous relations between the lying-in houses and the baby-farming houses of London.	0
It is the business of keeping children for hire, and is carried on by persons who are not fit to be entrusted with the care of children.  It is a very common practice in England, and is attended with great danger to the children.  It is a crime to keep children for hire without a license.  The children are often starved, or beaten, or neglected, or ill-used in various ways.  The parents are often deceived as to the health and welfare of their children.  The children are often taken away from their parents, and placed in the hands of persons who are unfit to take care of them.  The children are often exposed to all sorts of dangers and misfortunes.  The children are often subjected to all sorts of hardships and privations.  The	1
A babu is a native Indian clerk. The word is really a term of respect attached to a proper name, like "master" or "Mr," and Babu-ji is still used in many parts of India, meaning "sir"; but without the suffix the word itself is now generally used contemptuously as signifying a semi-literate native, with a mere veneer of modern education.	0
The term "babu" is used by the English to designate the native clerk or assistant, and is applied to any person who has been educated in the English manner.  It is a term of contempt.  The native is not considered to be a man, but a mere boy.  He is looked upon as a mere tool, and is treated accordingly.  The Englishman is always superior to the native, and the latter is always inferior.  The Englishman is always right, and the native is always wrong.  The Englishman is always wise, and the native is always foolish.  The Englishman is always honest, and the native is always dishonest.  The Englishman is always brave, and the native is always cowardly.  The Englishman is always clever,	1
Baboon is properly the designation of the long-muzzled, medium-tailed Egyptian monkey, scientifically known as Papio anubis. In a wider sense, the term is applied to all the members of the genus Papio (formerly known as Cynocephalus) now confined to Africa and Arabia, although in past times extending into India.	0
A baboon is a large, long-haired, long-nosed monkey, with a very human-like face, and a tail like a cat's.  He is a very fierce animal, and is said to be very fond of children.  He is found in Africa, and is often kept as a pet.  He is very intelligent, and can be taught to do many things.  He is also very mischievous, and will often steal food and other things.  He is also very noisy, and will often make a great deal of noise.  He is also very strong, and can be dangerous if provoked.  He is also very curious, and will often try to get	1
Although not unique in its conception or theme, 'Broadway After Dark,' which heads an exceptionally well balanced bill at the Palladium this week, is a notable film if only for its direction, photography, and acting.	0
1884. Photography and the Bible. By Rev. J. H. Allen. Boston: Gould & Lincoln. Pp. 256. $ The Christian Life and Photography. By Rev. J. H. Allen.	1
You will send me to hell and others with me. You will make my name a by-word in the gutters. By making a public character of me again you will bring renewed shame to my parents. You will make my little sister, who has all her beautiful life before her, hang her head in the presence of all her companions. I say you will do this. I mean that you can do it. Are you going to do it? Tell me, are you going to do it?	0
"If you print my story, you will make me famous. I shall be known as the actress who told the story of the murder of her husband. I shall be called the woman who was the accomplice of her husband in the murder of her child. I shall be known as the woman who was the accomplice of her husband in the murder of her child. I shall be known as the woman who was the accomplice of her husband in the murder of her child. I shall be known as the woman who was the accomplice of her husband in the murder of her child. I shall be known as the woman who was the accomplice of her husband in the murder of her child. I shall be known as the woman who was the accomplice of her husband in the murder of her child. I shall be known as the woman who was the accomplice of her husband in the murder of her child. I shall be known as the woman who was the accomplice of her husband in	1
Oh, my! Yo' niggah dog, an' from Ameriky, I do 'clare! Come heah, honey, an' let ole Dinah pat yo' head!	0
"Oh, Judge! Oh, Judge! How are you? I've been looking for you all over London. I've been waiting for you ever since I came here. I've been waiting for you ever since I came here. I've been waiting for you ever since I came here. I	1
Just as I was about to turn into the street where stood my hotel home, I saw coming towards me with outstretched hand and smiling countenance, the wellknown and distinguished editor of one of London's high-class periodicals, in the pages of which an article of mine had just appeared, and for which I had received a most liberal check and such a kind and encouraging letter of thanks as only an English editor knows how to write.	0
2. Liberal education is not merely a preparation for a profession; it is a preparation for life. 3. It is a preparation for citizenship. 4. It is a preparation for the enjoyment of life. 5. It is a preparation for the appreciation of art. 6. It is a preparation for the understanding of history. 7. It is a preparation for the comprehension of science. 8. It is a preparation for the appreciation of literature. 9. It is a preparation for the enjoyment of music. 10. It is a preparation for the appreciation of nature. 11. It is a preparation for the enjoyment of travel. 12.	1
The object in either case is to continue the life of the Species; the essence of both is self-sacrifice; the first manifestation of the sacrifice is to make provision for Others by helping them to draw the first few breaths of life.	0
1. The Reproductive process is the result of the struggle for existence; it is the law of the survival of the fittest. 2. The Altruistic process is the result of the struggle for happiness; it is the law of the survival of the happiest. 3. The two processes are antagonistic. 4. The two processes are complementary. 5. The two	1
But the real answer is the general one, that to make animals human required a conspiracy of circumstances which neither Birds nor any other animal fell heir to.	0
The reason is that the birds have no language, but only sounds; and sounds are not speech.  Speech is the expression of thought.  Thought is the product of mind.  Mind is the essence of man.  Birds have no mind.  They have no soul.  They have no spirit.  They have no life.  They have no thought.  They have no speech.	1
The attacks on the Darwinian theory from the outside were never so keen as are the controversies now raging in scientific circles, over the fundamental principles of Darwinism itself. On at least two main points--sexual selection and the origin of the higher mental characteristics of man--Mr. Alfred Russel Wallace, co-discoverer with Darwin of the principle of Natural Selection though he be, directly opposes his colleague. Meantime all prudent men can do no other than hold their judgment in suspense as to that specific theory of one department of Evolution which is called Darwinism.	0
1. The theory of evolution is now accepted as a fact by all naturalists, and is regarded as the key to the whole problem of life. 2. The theory of natural selection is still regarded as the most satisfactory explanation of the origin of species. 3. The theory of descent with modification is now generally accepted. 4. The theory of the development of man from an ape-like ancestor is not yet generally accepted. 5. The theory of the development of man from a lower animal is not yet generally accepted. 6. The theory of the development of man from a plant is not yet generally accepted. 7. The theory of the development of man from a mineral is not yet generally accepted. 8. The theory of the development of man from a vegetable is not yet generally accepted. 9. The theory of the development of man from a mineral is not yet	1
Any Biology, any Sociology, any Evolution, which is based on a single factor, is as untrue as the old Geology. It is only when both the Struggle for Life and the Struggle for the Life of Others are kept in view, that any scientific theory of Evolution is possible.	0
It is not, because it does not explain the origin of new species, nor the adaptation of organisms to their surroundings. It is only when we consider the Life of Others that we can understand how the struggle for life has led to the development of the higher forms of life.  150	1
On the 4th, the caravan came up, and on the following morning was dispatched forward, the leader being spurred on with the promise of a liberal reward if he hurried to Unyanyembe.	0
1860, the Liberal party had been formed by Lord John Russell, and was supported by the Whigs, Radicals, and Free-traders.	1
Cairo is a fascinating place. It would be long before I should tire of watching the life on the streets. Arabs, in long flowing robes, Jews, Mohammedans, tall black men from the Soudan, English soldiers, officers, English ladies, donkeys, tram cars, and handsome carriages all mingle in confusion.	0
1. It is a city of great wealth, but of great poverty. 2. It is a city of great luxury, but of great misery. 3. It is a city of great beauty, but of great ugliness. 4. It is a city of great comfort, but of great discomfort. 5. It is a city of great civilization, but of great barbarism. 6. It is a city of great progress, but of great stagnation. 7. It is a city of great industry, but of great idleness. 8. It is a city of great commerce, but of great poverty. 9. It is a city of great trade, but of great want. 10. It is a city of great population, but	1
I am getting to understand the money at last. The banks cash our American Express Company's cheques with English gold in sovereigns. You can imagine how heavy twenty of these are. In Italy we could get paper money, and go to the bank often; but in India I have twice already had my funds run almost to zero before I could get a chance to replenish, so I find it necessary to carry large sums.	0
100 rupees is the largest denomination of Indian currency, and it is not easy to find a place where you can exchange them for smaller denominations. 100 rupees are worth about $25, and if you have any large bills, it is best to change them into smaller ones before you leave home. 100 rupees will buy you a good suit of clothes, or a fine pair of boots, but you will have to pay more than this for a meal at a hotel. 100 rupees will buy you a good suit of clothes, or a fine pair of boots, but you will have to pay more than this for a meal at a hotel. 100 rupees will buy you a good suit of clothes, or a fine pair of boots, but you will have to pay more than this for a meal at a hotel	1
Tourists are very rare in these parts, and all the little brown people along the way showed great interest in us. Tiny boys on the road took off their caps, mothers turned their babies around to see the strange sight, old people, going home hand in hand from their day's work in the fields, called out a cheerful greeting.	0
The Japanese are not at all like the Chinese, who are so often described as being very polite and courteous. They are quite the reverse. They are very rude and impolite, and they do not seem to care whether you are pleased or not.  I have been called a "foreign devil" more than once, and have been stared at with open hostility.  I have been insulted, and have had my luggage searched.  I have been refused service in restaurants, and have been refused admittance to theatres.  I have been refused permission to enter the country.  I have been refused permission to leave it.  I have been refused permission to go into certain parts of it.  I have been refused permission to go into certain houses.  I have been refused permission	1
All the while the distant Pyramids lured us on. These are known as the Pyramids of Ghizeh. At the end of the car line, a crowd of Egyptians with camels and donkeys were in waiting, and our guide soon had us all mounted on camels with a boy to lead each beast. I had a nice, clean, intelligent-looking boy, but I approached the camel allotted me with some trepidation.	0
150 miles south of Cairo is the famous group of pyramids, which are seen from the railway. The most important of these is the Great Pyramid, built by Cheops, the first king of the Fourth Dynasty, about 4800 years ago.  It is 481 feet high, and covers an area of 13 acres.  It is now much damaged, but still remains one of the wonders of the world.  The other pyramids are smaller, and are not so interesting.  They are all situated on the east side of the Nile.  The traveller can easily visit them by train, and return to Cairo in the evening.  The pyramids are open to visitors every day, except Sunday.  The entrance fee is 10 piastres.  The best time to visit them is early in the morning or late in the afternoon	1
There is a "pull" about the place that is irresistible. It is embowered in green trees and shrubs, with fragrant flowers everywhere; the roads are fine and hard, the streets are lighted with gas, but most bewitching of all are the people. They are so quaint as to clothes, or lack of them, so bright-eyed and smiling.	0
1878: The streets were narrow, and the houses built close together, so that the sun seldom penetrated into them; and the whole town was a mass of filth and corruption. 1878: The streets were filled with crowds of people, who were mostly engaged in traffic, or in the pursuit of their various avocations. 1878: The streets were crowded with carriages, carts, and bullock-carts, and the air was filled with the noise of the horses' hoofs, the clatter of the wheels, and the shouts of the drivers. 1878: The streets were filled with crowds of people, who were mostly engaged in traffic, or in the pursuit of their various avocations. 1878:	1
A revolution in which you alter all present forms of expression – a revolution in which you efface the habit of centuries of education – a revolution in which the use of the words “my house,” “my coat,” “my watch,” “my book,” all disappear.	0
The mental revolution is a change of heart, a change of mind, a change of soul.  It is a change of the whole man, of his whole being.  It is a change of the whole world, of the whole universe.  It is a change of the whole cosmos.  It is a change of the whole spirit of the world.  It is a change of the whole	1
Civilisation has only been in proportion to the energy and enterprise of the individual.	0
1. He must be a good citizen. 2. He must be a good worker. 3. He must be a good neighbour. 4. He must be a good friend. 5. He must be a good father. 6. He must be a good mother.	1
The human personality, whether called the soul or the spirit, does not go out of the body at death, but retreats within the body, back into the germ from which that body grew, and from which, provided the "deeds done in the body" were not such as to destroy its vitality, there is ground to infer that another body will grow.	0
"The soul, like the sun, will rise again, and shine in its own light."  (p. 24)  [Kate McCarthy, Centennial Gleanings, 1876.]  [American.]  [Poet.]  [Female.]  [Protestant.]  [Christian.]  [Catholic.]  [Episcopalian.]  [Anglican.]  [Church of England.]  [Methodist.]  [Baptist.]  [Presbyterian.]  [Congregationalist.]  [Unitarian.]	1
As the Animal Monad is as immortal as the Human Monad, and as the Animal has the seeds of all the principles (including the human) in itself, the only difference between the two is that in the Animal the specifically human principles are latent and potential and await their development in the future, but in the Man they are active and potent.	0
Animals have souls, but they are not immortal.  They are not conscious of their own existence, nor do they know anything of the future.  They are unconscious of the past, and have no memory.  They are simply the instruments of nature, and are not responsible for their actions.  They are not capable of sin or virtue.  They are not capable of being rewarded or punished.  They are not capable of being saved or damned.  They are not capable of being resurrected	1
When his body collapses and dissolves, he is dead, and remains dead till he lives again in a new, organized vital body.	0
When the British Government is not able to govern, it is not fit to govern.  When the British Government is not fit to govern, it is not fit to govern Ireland.  When the British Government is not fit to govern Ireland, it is not fit to govern England.  When the British Government is not fit to govern England, it is not fit to govern the world.  When the	1
The answer is, it was now the policy of the French to act strictly on the defensive.	0
The answer is that the French were not ready to renew hostilities until the arrival of reinforcements from France.  insufficient information.  insufficient information.  insufficient information.  insufficient information.  insufficient information.  insufficient information.  insufficient information.  insufficient information	1
I heard some news that astonished me.	0
1. I heard some news which astonished me. 2. The news which I heard astonished me	1
"Cloud" is a noun. "Hid" is a verb. "Moon" is a noun.	0
Cloud, moon, are nouns; hid, is a verb.  insufficient information.  insufficient information.  insufficient information.  insufficient information.  insufficient information.  ins	1
"Butcher" is a singular noun, and its plural would be "butchers." "The singular and plural forms of "sheep" are the same, and it could be either singular or plural in this context.	0
1. Sheep (sheep). 2. Sheep (sheep). 3. Sheep (sheep). 4. Sheep (sheep). 5. Sheep (sheep). 6. Sheep (sheep). 7. Sheep (sheep). 8. Sheep (	1
Darwin’s work is an attempt to account the diversities of life on our globe by means of continuous development, without the intervention of special creative fiats at the origin of each species; the extreme conclusion of which is the physiological relationship and community of origin of all living beings. Darwin’s views have been adopted by some of the most scientific men of the age, while by others they are denounced as unfounded and absurd.	0
The theory of evolution is now accepted as a fact by all the leading scientists of the world.  It is no longer a matter of controversy.  The only question now is how far it has gone, and what are its limits.  The theory of natural selection is still regarded with suspicion by many.  But the theory of descent is now generally accepted.  The only question is whether man is descended from some ape-like creature, or from some other form of life.  The latter view is held by most of the leading scientists.  The former view is held by a few.  But the evidence for the latter view is overwhelming.  The evidence for the former view is not so strong.  Therefore, the theory of descent is now generally accepted.  The theory of natural selection is still regarded with suspicion by many.  But the theory of descent is now generally accepted.  The	1
the birth of Victor Cousin	0
1800 death of William Cowper. 1803 birth	1
the beginning of the American Civil War	0
1864 American Civil War.  insufficient information. 17	1
There is no more tragic spectacle than that of a man of genius who is not a man of honor. And yet, until vaster and more definitive studies of the problems of homosexuality, of degeneracy, and of criminal pathology shall have been completed, Wilde will continue to be what Byron has been aptly termed: "a fascinating trouble."	0
He was a man of genius, but he was not a man of virtue. His genius was a gift from God, but his vice was a sin against God.  He was a man of genius, but he was not a man of virtue. His genius was a gift from God, but his vice was a sin against God.  He was a man of genius, but he was not a man of virtue. His genius was a gift from God, but his vice was a sin against God.  He was a man of genius, but he was not a man of virtue. His genius	1
The worst difficulty is in the use of the Centigrade scale below freezing. Any one who has had to study figures, half of which have minus signs before them, knows the amount of labor involved.	0
100 degrees above zero is the temperature at which water boils, and 100 degrees below zero is the temperature at which water freezes. 100 degrees is too large a number to be used for practical purposes. 100 degrees is too large a number to be used for practical purposes. 100 degrees is too large a number to be used for practical purposes	1
You can not get rid of the established divisions of the circle and the points of the compass. You can not escape from those quarters which the order of Nature in several ways forces on us.	0
12 inches to a foot, 3 feet to a yard, 1760 yards to a mile, etc., are all natural divisions of length. 100 centimeters to a meter, 1000 meters to a kilometer, etc., are not. 1000 grams to a kilogram, 1000 kilograms to a metric ton	1
It can not be denied that there is, and has been for many years, a strong tendency toward the decimal sub-division of single units, even among users of our own clumsy system of weights and measures.	0
1. The pound, ounce, and grain are units of weight which have been used by us from time immemorial. 2. The pound is divided into sixteen ounces, and the ounce into sixteen grains. 3. The pound is also divided into twenty-four ounces, and the ounce into twenty-four grains. 4. The pound is also divided into twelve ounces, and the ounce into twelve grains. 5. The pound is also divided into eight ounces, and the ounce into eight	1
Men do not go to war or enter upon any dangerous calling with the purpose of exempting women.	0
2. The same is true of the other sex. 3. The difference between the sexes is not so much in the capacity as in the direction of the capacities. 4. The difference is not so much in the quantity as in the quality of the capacities. 5. The difference is	1
But it is the camera that catches these attitudes the best of all for us, and last summer I paid very considerable attention to the photography of adult living frogs. Most of these results were as fine as could be desired, and one of the best of them is presented here as an example (see figure).	0
Photography is a wonderful art, but it is not the only one.  It is a means of expression, but it is not the only means.  It is a means of expression, but it is not the only means.  It is a means of expression, but it is not the only means.  It is a means of expression, but it is not the only means.  It is a means of expression, but it is not the only means.  It is a means of	1
Ladies generally prefer smaller sizes.	0
The paper used by ladies is usually of a larger size, and is often of a more delicate texture.  It is also frequently of a different color.  In fact, there is no end to	1
Paper with a black border, the width of the border corresponding somewhat to the nearness of the relationship and the recentness of the bereavement.	0
It is a kind of paper made to resemble black cloth, and used for making mourning dresses, etc.  It is also called "black crepe."  It is now largely manufactured in England.  In America it is made in New York, Philadelphia, and other places.  It is sometimes	1
The name of the post-office and the name of the state.	0
1. The name of the town or village. 2. The county.  insufficient information.  insufficient information.  insufficient information.  insufficient information.  insufficient information	1
but if their letters are valuable with such a defect, how much more so they would be without it!	0
But it is not necessary for a man to be a great man in order to write a good hand. 135 136 BENEATH BLUE SKIES AND GRAY.	1
Pursuing the negro up a flight of stairs in an Eleventh street saloon, the officer was mortally wounded, but before breathing his last fired the shot that killed the negro.	0
12. Before the trial, however, the police had discovered that the body was not that of Mrs. Crippen. 13. The discovery was made by the medical officer who had been called to examine the body. 14. He found that the skull was too large for the body. 15. He also found that the body was that of a man.	1
Wheeling in his tracks, Crippen saw running from a negro poolroom in Eleventh street, between R and Q streets, a negro, waving his revolver wildly in his hand.	0
11 o'clock, and the police were wildly excited. 11.30, and the police were wildly excited. 12 o'clock, and the police were wildly excited. 12.30, and the police were wildly excited. 1.30, and the police were wildly excited. 2 o'clock, and the police were wildly excited. 2.30, and the police were wildly excited. 3 o'clock, and the police were	1
Miss Merriam and Miss Williams arrived at the aviation field in Potomac park shortly after 4 o’clock, but were forced to wait some time while preparations for the flight were completed.	0
100,000 persons are said to have left the country in flight during the famine. 100,000 persons are said to have left the country in flight during the famine. 100,000 persons are said to have left the country in flight during the famine. 100,000 persons are said to have left the country in flight during the famine. 100,000 persons are said to have	1
They are useful to remove surplus fluids from the body.	0
1. Because they are a good means of getting rid of fat. 2. Because they are a good means of getting rid of the impurities which are stored up in the body. 3	1
Uncle Gideon, my mother bids me tell you that she is dying, and that you must come to her at once.	0
"Mother is dying, Gideon. Go, go at once."  "I will go, Elsie, I will go."  "Go quickly, Gideon, quickly."  "I will go, Elsie, I will go."  "Go, Gideon, go."	1
I know what I think, but I don't want to speak yet; only I want to know, Ruth, about that verse; I found that, and thought about it. I couldn't see that it means what you think it does. I used to think in my very heart that joining the church, and trying to do about right, was all there was of religion; but I have found that I was wonderfully mistaken.	0
"I don't know what to think," said Flossy, turning to Ruth. "I don't see how we can say it is wrong, when the Bible says that David danced before the Lord."  "It is not wrong," said Ruth, "but it is not right for us to dance."  "Why not?" asked Flossy. "Because we are not like David," said Ruth. "We have not his faith, nor his spirit, nor his courage."  "Oh, I see," said Flossy. "I see now why it is wrong for us to dance."  "Yes," said Ruth, "and besides, it is not becoming for young ladies to dance."  "Oh, I see," said Flossy. "I see	1
Court favour is like sunshine, it cannot penetrate if you run into the shade. I shall walk through, make my bow, observe how many tiers have been added to the Queen's head-dress in my absence, and while you, Marquis, are standing uncovered in the cold, I shall be back at Paris.	0
"I am going back to Paris, where I can live without being seen. I have no more friends here. I am tired of the Court. It is all very well to talk about the King's favor, but it is not worth having. I am not a favorite, and I never shall be. I am only a poor, insignificant man, and I am not going to be a great one. I am going to Paris, where I can live without being seen."  "Ah, monsieur, you are a wise man," said the Count. "You are right. You	1
My own, my king, my husband! we will stand or fall together-hand to hand, heart to heart. We are not to be separated, you and I, in life or death.	0
"I am not afraid of the future, my dear," she said, "but I am afraid of the present. I am afraid of the present, because it is so uncertain."  "But we must be prudent, my dear," he said. "We must be prudent, because we are surrounded by enemies."  "Enemies!" she cried. "What do you mean by enemies? We	1
What's your own private opinion of John as a spouter.	0
"I don't know what you mean by that, Frank. I've never seen him do anything but what was right."  "He's a good man, Ted, but he's got a lot of faults."  "What faults?"  "Well, he's a little too fond of drink, and he's not very particular about his money."  "Oh, I don't believe	1
No, Frank, I have no wish to say even that. I have no desire to say anything. What have I done that you should say such things to me?	0
"Frank, I am not going to quarrel with you. I am not going to say anything unkind. I am only going to ask you to forgive me."  "I have been so unhappy, Frank, so unhappy! I have been thinking of you all day long, and I have been wishing that I could make you happy. I have been wishing that I could do something to make	1
Good-evenin, Mr. Barry, I hope I'm seein' ye well?	0
"I'm glad it's fine, Frank. I've been so long shut up in my room, I was getting sick of it."  "I've been thinking of going out to-day," she said, after a pause.  "I've got to go to the post-office, and I want to get some fresh air."  "You ought to go out more often," said Frank	1
Yes, it's magnificent. You know, Mr. Lindsay, one of the greatest regrets I have is that I can't find leisure to peruse my books. Quite a lot of them I have-haven't I, Frank?	0
"I have no time to read, my dear," he said, with a sigh. "I am always busy."  "Busy!" exclaimed Mrs. Dad. "What are you busy about?"  "Oh, I am busy with my garden," said Dad. "I have to look after it, you know."  "But you have a gardener," said Mrs. Dad.  "Yes, but I have to see that he does his work properly," said Dad.  "	1
Good-bye, uncle Hugh. And thank you-thank you for all your kindness.	0
"I'm sorry, Uncle Hugh, but I must go. I've been away too long."  "I know, Frank, I know. But I'm glad you're going back to your own people."  "Yes, Uncle Hugh, I'm glad too."  "And I hope	1
You mistake me altogether, Hugh. I have not the slightest intention of entering into any discussion on any topic whatsoever with Mrs. Chorley.	0
"I don't want to hear any more about politics, Mr. Chorley. I have had enough of it for one day." "But, my dear, you mustn't be so unreasonable. You know very well that Mrs. Chorley is a most interesting woman." "I	1
Reggie is not old and he is not young. I never can understand why people make such a fuss about their ages. I am forty‑eight and Reggie is forty‑three this year, and I make no bones about it.	0
"I don't know how old he is," said Annabel, "but I do know that he is not a young man." "He is not a young man," repeated Frank, "and yet he is not an old man." "He is not an old man," repeated Fay, "and yet he is not a young man." "He is not a young man," repeated Annabel	1
I do not know, but I think you have the gift of healing	0
"I have a gift, I think, of healing. I have never tried it, but I feel sure that if I did, it would be successful."  "I have been told that I	1
Poor Wildacre had it in him to do great things, but he lost his chance. At least he did worse than lose it; he threw it away to the swine, and trampled it among the husks.	0
"I am glad he is gone," said Arthur, with a sigh. "He was a good man, but he was not a great man."  "He was a great man," I said. "He was a great man," said Arthur. "But he was not a great artist."	1
Get in, Usha, and take the paddle. I can spring in when it is off the sands.	0
"Come, Usha, we will go out to-day. I have something to tell you."  "I am afraid, mother, to go out to-day. I am afraid of the water	1
Let us leave the garden. Let us go into the burying-ground-here is spring, and that means love and hope. I have nothing more to do with spring.	0
"I am so miserable, so miserable! I cannot bear it any longer. I wish I were dead."  "Why, Sylvia, what makes you talk like that?"  "Oh, I don't know. I have been thinking of spring, and of the beauty of the world, and	1
This contains the correspondence I mentioned, and some other things of varied importance. Everything about the post is in complete readiness for your own further orders.	0
"I have brought you these papers, sir," said Arnold, handing them over. "I have given orders to the troops to be ready to march at any moment." "Well, well, I suppose it's all right," said Philips, yawning. "I don't know what I'm doing here, anyway. I'm only a poor devil of a colonel, and I've got	1
nine verses, eight of them being 5 xa, or heroic, and the ninth 6xa, or an alexandrine	0
12 lines, 8-syllable lines.  insufficient information.   The	1
'Tis at your bidding, Fate, I come My hist'ry to recount; And I, though unrenowned by age, Am Liberty's sweet fount. Before a white man's foot had trod Upon my long-sought shore, E'en though the savage only knew, 'Twas rich in golden ore.	0
1. I am the land of liberty, I am the land of freedom, 2. I am the land of peace, I am the land of plenty. 3. I am the land of gold, I am the land of silver, 4. I am the land of corn, I am the land of wheat. 5. I am the land of fruit, I am the land of flowers, 6. I am the land of song, I am the land of laughter. 7. I am the land of love, I am the land of beauty, 8. I am the land of hope, I am the land of duty. 9. I am the land of right, I am the land of	1
But a stick of timber which can be delivered in a place where men are building houses is a bit of wealth.	0
100 gallons of water conveyed through a canal to a village on the banks of a river are not wealth. 100 gallons of water conveyed through an aqueduct and delivered in the heart of a great city represent a certain amount of wealth, because they have a value in relation to the	1
It is because the answer will certainly determine our conduct now, and there is every reason to believe that it will affect the result hereafter.	0
1. It is because the future life is not only a possibility, but a certainty; and if we are to live at all, we must live in the light of that certainty. 2. It is because the future life is not only a possibility, but a certainty; and if we are	1
But, sure, maybe he couldn't spare longer, so busy he must be over in big London.	0
"Aw, I'm not goin' to stay long," said Frank, with a nervous laugh.  "I'm only here to see my father."  "Your father!" cried James.	1
if you listen to his "White Company" and to "Micah Clarke!"	0
To my mind "Micah Clarke" is one of the strong historical romances of the last decade.  [missing clause describing a condition or proviso]  To my mind "Micah Clarke	1
so that at his death his own son saw himself master of a country not less than 255,000 square miles in extent	0
1632, the year of his death, being the only one in which he did not make war. 1632, the year of his death, being the only one in which he did not make war. 1632, the year of his death, being	1
so they had that bare, unfinished appearance which is so disappointing to the stranger first visiting Scotland, who is accustomed to the bright little flower-gardens of the south-country villages of England	0
150,000 inhabitants had been crowded into a space of less than 3 square miles. 150,000 inhabitants had been crowded into a space of less than 3 square miles. 150,000 inhabitants had been crowded into a space of less than 3 square miles. 150,000 inhabitants had been crowded	1
But, with the recent development of practical means of blood vessel anastomosis, direct arterio-venous transfusion again seemed to come within the realm of possibility.	0
124. It was supposed that the blood of a man of the same race would be more likely to be accepted than that of a man of another race. 125. It was also supposed that the blood of a man of the same age would be more likely to be accepted than	1
This failure, however, of the electoral college to retain its power of independent choice is probably not much to be regretted.	0
1. It is not expected that the electors will exercise their own judgment. 2. It is not expected that they will vote for any other candidate than the one who has been placed at the head of the ticket. 3. It is not expected that they will vote at all.	1
so we were glad enough to stop for luncheon at an out-of-door restaurant	0
and I felt sure that the guide would soon be glad to get rid of us.  [A. Amy Bulley, Women's Work, 1894]  (p	1
so as to secure a willing attention to his representations	0
and who, on the other hand, was equally capable of winning the confidence and affection of the rude savages of the New World.  1	1
But with the consent of the parties, a judge may decide such a question beyond the limits stated.	0
1. It is not necessary that the person who claims to have been wronged should himself be a party to the proceedings. 2. He may be a stranger to the proceedings, and yet his	1
Dr. J. M. L. Marique's thesis, entitled Recherches experimentales sur le Mécanisme de Fonctionnement des Centres psycho-moteur du Cerveau, though presented in 1885, deserves mention here for its admirable summary of researches on the excito-motor area and sensory centres of the cortex since 1870, and also for his novel method of experimentation, which, however, itself needs further study.	0
1. The following is a summary of the results of experiments made by Dr. H. C. Stiles, of the Johns Hopkins University, on the motor centres of the brain. 2. The object of these experiments was to determine whether the motor centres of the brain are dependent upon the sensory centres for their activity. 3. The experiments were made on dogs, and consisted in cutting out the sensory centres of the cerebral cortex, leaving the motor centres intact. 4. The sensory centres were isolated from the motor centres by a vertical cut seven or eight millimetres deep around the sigmoid	1
The Manchester League, promoted by Cobden, Bright, and others, maintaining a persistent agitation, and supported by Sir Robert Peel and his successors, Earl Russell, Mr. Gladstone, &c. succeeded in bringing about great reforms in economic and financial politics.	0
1832-1868. - The Reform Bill of 1832, which gave the vote to the middle class, was followed by a series of great social and political changes. 1832-1868. - The Reform Bill of 1832, which gave the vote to the middle class, was followed by a series of great	1
This volume contains a brief but comprehensive summary of the most salient points to be considered in the elementary knowledge and treatment of mental disease.	0
1. The Nature-Study Review, Vol. 1, No. 4, April, 1920. 2. THE NATURE-STUDY REVIEW. 3. A PRACTICAL GUIDE TO THE STUDY OF NATURE. 4. BY DR. WILL	1
The fate of the Wood Duck is determined by its breeding and migration range.	0
1. The wood duck, which was once abundant throughout the eastern half of the United States, is now almost extinct.	1
Moreover, the employment of large capital and improved machinery has enormously increased production and decreased cost to the consumer.	0
1912. The American worker has been able to save money and to invest it in the national economy. 1912. The American worker has been able to save money and to invest it in the national economy. 1912. The American worker has been able to save money and to invest it in the national economy. 1912. The American worker	1
have usually a light touch, and an apparently inexhaustible power of turning out bright and readable, though often flimsy, articles upon social subjects.	0
are not only more numerous, but also more capable than they were formerly. 115 116 THE TEMPLE OF SOLOMON. 117 118 THE TEMPLE OF SOLOMON. 119 120 THE TEMPLE OF SO	1
It is a reflexion of the revolution that is going on below in the forms of production to-day.	0
It means a change in the habits of thought, in the ideas, in the ideals of the people.  It means that the people must be taught to think in terms of the common good, instead of in terms of individual gain.  It means that the people must be taught to think in terms of the community, instead of in terms of the individual.  It means that the people must be	1
All the great advances have been made by men, even under our present individual system, who were really imbued with the collective idea.	0
The individual is the unit of progress; he is the one who makes the advance.  He is the one who has to be trained, and when he is trained, he will train others.  He is the one who has to be inspired, and when he is inspired, he will inspire others	1
When the hunters begin to come in next moon with sheep from the mountains you must comb the wool as you did when you were a little girl, and then make it into rolls and twist the yarn; make the dyes and color it, not for your husband's stockings only, but for a dancing-blanket.	0
When I was a little girl, I used to think that the world was a very small place indeed.  [A. K.] 1911.  Round the World in Silence.  London: Methuen & Co., Ltd.  p. 34.  (The author is Annabelle Kent.)  [A. K.] 1911.  Round the World in Silence.  London: Methuen & Co., Ltd.  p. 3	1
If, after a family conclave, the husband, father, or brother quietly pocketed his own conflicting opinion, sallied forth and supported the measures favored by the home majority, what right-minded woman could complain? It would be merely an extension of the main principle of republican government.	0
If women were so completely absorbed in their own domestic duties as to have no time for politics, it might be justly claimed that men were the actual political representatives of women.  But this is not the case.  Women are interested in politics, and they are becoming more and more interested.  They are beginning to realize that the conditions under which they live are largely determined by the laws of the land.  They are beginning to see that the laws of the land are made by men, and	1
Miss Laura Merriam and Miss Dorothy Williams were the two daring society girls who made the record-breaking flight, and both were taking their first trip in the air.	0
1896. Society has been so much interested in the airship that it has been impossible to keep the matter from the newspapers.  189	1
At present, travel to the moon is impossible. But perhaps some centuries to come the problem will be solved. Before the invention of balloons and aeroplanes, after all, no one thought seriously of being able to rise in the air. Whoever finds out a means of suppressing or even diminishing the force of gravitation, that mysterious power which holds the heavenly bodies together and keeps us fixed to the earth, will thus enable men to leave their planet and launch out upon the conquest of neighbouring worlds. And the Moon may be the first stage of these inter-planetary voyages.	0
It is not impossible that some day we may be able to send a man to the moon, but it would be a very difficult matter. The moon is so far away that it would take many days to reach it, and the journey would be exceedingly dangerous. The moon has no atmosphere, and there is no water or food there. If a man were to land on the moon, he would have to carry all his food and water with him. He would also have to carry oxygen to breathe. It would be a very difficult and dangerous journey, but it might be possible in the future.  Gould and Pyle's Cyclopedia of Practical Medicine and Surgery, With Particular Reference to Diagnosis and Treatment, 1912.  George M. Gould, MD.  New York: D. Appleton and Company.  p. 358.  (The above is a summary of the original text.)  (The above is a summary of the original text.)	1
It is still night in the region in which we have landed on the surface of the Moon. The sky sparkles with incomparable splendour. The eye can distinguish in it thousands and thousands of stars. Not even the glories of a tropical night can give any idea of what night on the Moon must be. But soon the Sun will appear. There is no dawn to herald it, but already there is rising in the east a long, spindle-shaped trail of whiteness; it is the zodiacal light, ten times more brilliant than with us. For hours this false dawn rises higher in the sky; its tints of phosphorescent colours are brighter and brighter from the summit to the base; in the midst of the enormous cone, all aglow with green and opal, there gleams a resplendent star: it is the beautiful Venus, hardly recognisable amid its mantle of light. But already the fine rays of the Sun's corona are heralding the day-star.	0
The moon is not a planet, but a satellite of the earth. It is a world of its own, with mountains, valleys, plains, and craters. The moon has no atmosphere, and consequently no clouds. The moon has no water, and consequently no vegetation. The moon has no life. The moon has no air, and consequently no sound. The moon has no heat, and consequently no fire. The moon has no light of its own, and consequently no day or night. The moon has no sun, and consequently no day or night. The moon has no stars, and consequently no day or night. The moon has no moon, and consequently no day or night. The moon has no moon, and consequently no day or night. The moon has no moon, and consequently no day or night. The moon has no moon, and consequently no day or night. The moon has no moon, and consequently no day or night. The moon has no moon, and consequently no day or night. The moon has no moon, and consequently no day or night. The moon has no moon, and consequently no day or night. The moon has no moon, and consequently no day or night. The moon has no moon, and consequently no day or night. The moon has no moon, and consequently no day or night. The moon has no moon, and consequently no day or night. The moon has no moon, and consequently no day or night. The moon has no moon,	1
It is likely that there are in the Moon some small craters formed in this way. But the volcanic theory of the lunar circles does not explain everything. One might, first of all, object that it is very strange that we generally do not find in the interior of these great circles any serious inequalities of the ground, any mountain resembling those of the outer rampart. One would expect to find regular concentric rings at various distances from the centre, marking the progressive decrease of the eruptive phenomena in the course of geological time. But there is nothing of the kind!	0
The theory that the lunar craters are volcanic is not generally accepted. It is more probable that they were produced by meteoric impacts.  The craters are too large for the ordinary volcanic action, and the absence of lava flows is against the theory.  The craters are often found in groups, and the theory of meteoric impact explains this fact.  The theory of volcanic origin is supported by the fact that the craters are often filled with lava.  But the theory of meteoric impact is more generally accepted.  The craters are probably the result of the impact of meteorites.  The craters are often found in groups, and the theory of meteoric impact explains this fact.  The craters are often filled with lava, but this is not inconsistent with the theory of meteoric impact.  The theory of volcanic origin is supported by the fact that the craters are often filled with lava.  But the theory of meteoric impact is more generally accepted.	1
Usually, from one of two reasons. They lack vitality, or they overflow with uncontrolled vitality. Fretfulness, laziness, cowardice, lying, and even aggressive faults like perversity and obstinacy, are often due to lack of vitality—a pathetic, misjudged protest against being forced into the wrong work. Bad temper, cruelty, roughness, stealing, and all the myriad acts we classify as "mischievous," may result from the great gift of superabundant vitality—an energy which, like electricity, is capable of service, but disastrous when uncontrolled.	0
Children are not bad, but they are troublesome. They are not bad because they are not yet able to understand the world. They are troublesome because they are not yet able to control themselves. They are not bad because they are not yet able to think. They are troublesome because they are not yet able to reason. They are not bad because they are not yet able to judge. They are troublesome because they are not yet able to decide. They are not bad because they are not yet able to choose. They are troublesome because they are not yet able to will. They are not bad because they are not yet able to love. They are troublesome because they are not yet able to obey. They are not bad because they are not yet able to serve. They are troublesome because they are not yet able to sacrifice. They are not bad because they are not yet able to die. They are troublesome because	1
A French writer of comedies and pseudo-scientific romances. His first comedy, Pailles Rompues, was produced 1850; it was followed by Onze Jours de Siège; L'Oncle d'Amérique; and several comic operas. These had great success in Paris; but Verne's fame rests chiefly on his long series of mock-scientific extravaganzas, beginning with Five Weeks in a Balloon, 1863. More than 30 have been translated into English and published in large editions in England and the United States.	0
1828-1905. French novelist. He was born at Nantes, and died at Amiens. His works are chiefly scientific romances, such as "Five Weeks in a Balloon," "Journey to the Center of the Earth," "From the Earth to the Moon," "Twenty Thousand Leagues Under the Sea," etc.  18	1
The brilliant successes of this Galilean method during his own and the following generations were, as I have said, immensely impressive to that whole century.	0
1. The first great step in the development of modern philosophy was the discovery of the mechanical nature of the universe. 2. The first great step in the development of modern philosophy was the discovery of the mechanical nature of the universe. 3. The first great step in the development of modern philosophy was the discovery of the mechanical nature of the universe. 4. The first great step in the	1
