text	label
Keep back-keep back- or I will shoot you dead and follow you to Hell over the krantz.	0
"I will shoot you, Stephanus! I will shoot you!"  "No, no, Gideon, don't do it."  "I will shoot you, I tell you!"  "Gideon, Gideon, don't do it! I am your brother, and I love you."  "I will shoot you, I tell you!"  "Gideon, Gideon, don't do it! I am your brother, and I love you."  "I will	1
Pa, it will be very lonely here while you are away.	0
"I shall be lonely, Uncle Diederick, when you are away."  "You will have me to talk to, my dear," said Uncle Diederick, patting her hand.  "And I shall have you to think of."  "Oh, yes; but I shall	1
Well, Jacomina, Ill have to see about getting a wife myself now. But you need not be afraid on account of Aunt Emerencia; no one, who is not a fool, buys an old mare when he can get a young one for the same price.	0
"I'll have a look at the mare to-morrow, Jacomina, and see what I can do with her."  "You'll be too late," said Jacomina.  "I'll be there before you can say Jack Robinson."  "Well, I'll wait for you, then."  "I'll be there before you can say Jack Robinson."  "I	1
The wolf is in a trap; for ten long years he will have to bite the door before it opens. Aletta, are you taking the part of this wolf—the jackal in a mans skin, against me?	0
"I have no right to say anything, but I cannot help thinking that you are too hard on him." "Too hard! I? I am not hard enough. I have been too lenient with him. I have let him go free, and I have let him go free because I could not bring myself to do otherwise." "But you know that he is guilty." "Yes, I know it. But I cannot bring myself to believe that he is guilty of murder." "You cannot	1
Stephanus shot me by accident-I accused him falsely because I hated him all my life.	0
"I have been a fool, Marta, a fool! I have been a fool! I have been a fool!"  He was sobbing now, and his voice was choked with sobs.  "I have been a fool! I have been a fool! I have been a fool!"  He repeated it over and over again, and then he fell back into his chair, and sat there, his head resting on his hands, and his shoulders shaking with sobs.  "	1
Kanu, are you here? Oh God, the baboons. Kanu-Kanu.	0
"Kanu! Kanu! Where are you? I want you!"  "Poor little blind child."  "I want you, Kanu! I want you!"  "Poor little blind child."  "Kanu! Kanu! Where are you?"  "Poor little	1
Uncle Gideon, my father sent me back to live with you until his release.	0
"I am going to stay with Gideon," she said, "and I am going to be his little sister."  "I am going to be his little sister," she repeated, and her eyes shone with a strange light.  "I am going to be his little sister," she said again, and her eyes shone with a strange light.  "I am going to be his little sister," she said, and her eyes shone with a strange light.  "I am going to be his little sister," she said, and her eyes shone with a strange light	1
You haven't had a single examination class yet; then it is clearly your duty to help the afflicted. Bear ye one another's burdens, you know. I shall have enough examination papers of my own before night.	0
"I wish you would help me with these papers, Marion. I am so tired of them. They are so stupid, and they don't seem to know anything."  "I think they are very clever," said Marion. "I have never seen such a lot of dull, stupid fellows in my life."  "Oh, yes, they are dull enough, but they are not stupid.	1
Just let me ask you a question. Why did you think, before you were converted, that it was wrong for Christian people to dance?	0
"I don't think I ever heard of any one dancing in heaven," said Marion, with a little laugh. "I suppose they have no time for it."  "No, I don't suppose they do," said Eurie, with a sigh. "But I should like to see them	1
That is one of the marked difficulties. Now I have heard people talk, who led you to infer that it was the easiest thing in life to mold these young teachers into the required shape and form; that you had only to sweetly suggest and advise and direct, and they sweetly succumbed. Now, don't their mothers know that young ladies naturally do no such thing?	0
"I don't know what to do with you, my dear," said Marion, shaking her head. "I don't know what to do with you."  "I don't know what to do with you, my dear," said Marion, shaking her head. "I don't know what to do with you."  "I don't know what to do with you, my dear," said Marion, shaking her head. "I don't know what to do with you."  "I don't know what to do with you, my dear," said Marion, shaking her head. "I don't know what to do with you."  "I don't know what to do	1
Sure enough, Little Flossy, where are your verses? You were going to give us whatever you found in the Bible. You were the best witness of all, because you brought such an unprejudiced determination to the search.	0
"Flossy, dear, I have found some beautiful verses in my Bible. Will you read them to me?"  "I will, Marion; but I must first tell you how I found them."  "Oh, never mind that now, Flossy. Read the verses."  "Well, then, Marion, I was reading the Bible, and I came to the place where	1
You are mistaken in supposing him to be a friend of mine. We have the most distant speaking acquaintance only, and I have a dislike for him amounting to absolute aversion.	0
"Young Mitchell? I don't know him. I never saw him." "But he is a young man, isn't he?" "No, he is not. He is a boy, and a very small one, too." "Oh, I see. I thought he was a young man." "I hate him," said Ruth, with a sudden burst of feeling. "I hate him." "Why do you hate him?" "Because he is so disagreeable, and because he is	1
I don't in the least understand what you are talking about. Of what interest could it have been to Dr. Dennis what I am doing; and why should he have delivered a lecture?	0
"I don't understand it," she said, with a puzzled look. "Why should he want to know about our card game?"  "He is very curious," said Eurie, "and he wants to know everything."  "Oh, I see," said Flossy, with a smile. "I suppose he thinks it is very interesting."  "Yes," said Eurie,	1
I haven't them ready, Dr. Dennis; I'm real sorry, and it's my fault, too. I had time to copy them, and I just didn't do it.	0
"I'm sorry, Dr. Dennis, I've been so busy, I haven't had time to copy them."  "I know, Marion, I know," said the doctor, kindly.  "But I'll have to have them, you see, and I must have them now."  "Oh, yes, I understand, Dr. Dennis; I'll get them for you right	1
I have not been very often, it is true; but I intend to reform in that respect in the future. I mean to go whenever I can, and I mean to go always to the First Church.	0
"I have been so busy lately," she said, "that I have neglected my church duties."  "I am sorry for it," said Col. Baker.  "I think it is a great pity."  "I mean to try and do better," said Flossy, flushing.  "I will go to church every Sunday, and try to make it a habit."  "	1
No, I didn’t mean to; and as to that, I never meant to do anything that was not just right in my life; but I meant to have just exactly my own way of doing things, and I tell you I took it. Now, Marion, while I blame myself as no other person ever can, I still blame others. I was never taught as I should have been about the sacredness of human loves, and the awfulness of human vows and pledges.	0
"I have been a wicked girl, Marion, and I am ashamed of myself. I will try to be better now."  Ruth's voice was low and tremulous.  "I will try to be better now."  She spoke as if she were speaking to herself.  "I will try to be better now."  She repeated it over and over again, as if she were trying to make it true.  "I will try to be better now."  She said it so earnestly that Marion believed her.  "I will try to be better now."  She said it so earnestly that Marion believed her.  "I will try to be better now."  She said it so earnestly that Marion believed her.  "I will try to be better now."  She said it so earnestly that Marion believed her.  "I will try to be	1
And your muster? How do you collect your men, Captain, and what number could you bring into the field—pardon, I ought to say, into the streets, with six hours' notice? All armed?	0
"I have no doubt of it," said De Vaucourt, "but I want to know if you could do it in time? " "In time! " repeated the grocer, with a laugh. "Why, sir, I could do it in an hour." "And what would be the cost?" "Oh, that's nothing. I should only have to pay the men their	1
I will not argue the point with you. You must make your own choice. It is quite simple—life or death!	0
"I have no time to waste," said Coupe-tête, "and I am not going to be trifled with."  "What do you mean?" asked Count Arnold.  "I mean that you must either live or die."  "But why?"  "Because I say so."	1
Did you not hear it? It is quiet now, but it was loud enough a moment back. Do not look so scared, child; it is nothing.	0
"It was only a dream, Rosine, and I am not afraid."  She rose, and went to the window, and stood looking out into the darkness.  "I am not afraid," she repeated.  "I have no fear of anything."  She turned, and looked at	1
That is why I brought her to Paris, in order to lose ourselves in the crowd of this great capital. That is why I took an apartment for herself and her grandmother, here in this very street, near you and Coupe‑tête, who are our only friends, and lodged myself where I can see her, and watch over her day by day. I am strong.	0
"I will not leave her," he said, with a firmness which was almost stern. "I will not leave her, Léonie."  "But, Pierre, you must," she said, with a voice trembling with emotion. "You must, or I shall die."  "No, no, Léonie," he said, with a deep sigh. "I will not leave her. I will not leave her."  "Then, Pierre, you are a fool," she said, with a bitter smile. "A fool, and a coward."  "No, no, Léonie," he said, with a deep sigh. "I am	1
Pardon, mademoiselle! Permit me to offer my assistance; there-take my hand in yours; don't be afraid of hurting me, I can bear a good deal of squeezing without crying out. Excuse me if I embrace you too tightly: from such a situation one is only extricated by main force.	0
"I am not a man to be trifled with, my dear," said he, with a laugh. "I have a great deal of money, and I am not afraid to spend it."  "Oh, I know that," she answered, with a smile. "But I am not afraid of you, either."  "No, I dare say not," he replied, with a bow. "You are a very brave girl."  "And you are a very foolish man,"	1
Friends! Ye call that man a friend? Tell me how did he know ye were goin for turf the day?	0
"Nan, I've come to know the truth. I've come to know the whole truth."  "I've come to know that you have been unfaithful to me, Nan."  "I've come to know that you have been unfaithful to me, Nan, and	1
Oh, God help me, an God help us all, an' keep us for Christ's sake. Amen.	0
"Oh, God! Oh, God! I am so miserable! I am so miserable! I am so miserable!"  Nancy sobbed out her despair.  "I am so miserable!"  She threw herself down on the bed, and buried her face in the pillow.  "Oh,	1
I can't think how you came by such a notion, Marian,	0
"I don't think it wise, Marian, to go to a woman like that. She's a washerwoman, and she's not a good sort."  "She's a very good sort, Frank, and she's a great friend of mine."  "Well, I don't care	1
I know you, Frank, you rascal; I know you.	0
"I have been a gardener all my life," he said, "and I have never known a better time than now. I have always loved flowers, and I have always loved the open air."  "And you have always been a good gardener?" asked Frank. "Yes, I	1
I know it, I know it. It's hell itself. And you, Frank Barry, you of all men, you with the truest woman for sweetheart and wife in all the world, you to do this!	0
"I've been thinking, Frank, and I've come to the conclusion that you're a damned fool."  "I don't know what you mean," said Frank, with a sneer.  "I mean that you're a damned fool, and that you'll go to hell if you don't mend your ways."  "Oh, rot!" said Frank, with a laugh.  "I'm not going to hell, and I don't care whether I do or not."	1
Wantin' to run off to your uncle, indeed! Yes, that's what he was after, Nan.	0
"I'll go, Nan, if you're going. I've been thinking it over, and I'm tired of the place. I'll go."  "I'll go too," said Nan. "I'm tired of the place, and I want to see the world."  "I'll go too," said old John. "I'm tired of the place, and I want to	1
Its getting late, Mrs. Butler. I must be off, I fear.	0
"I'll be back soon, Mrs. Butler," he said, smiling. "I'll be back soon."  "Good-bye, Frank," she answered, and he went out.  "Good-bye, John," he called, and then he was gone.  "Good-b	1
Hello, uncle, I didnt expect to find you up so late.	0
"I'll have some supper, Hugh, if you don't mind." "I'll have some too, I think," said Hugh. "I'm hungry enough." "Well, I'll have some too, then," said Frank. "I've been walking all day." "I'll have some too, then," said Hugh. "I'm hungry enough." "I'll have some too	1
He deserves the very best the world can give him. There's not his like in all London. Your pity!	0
"I don't care for Ted," said Nan, with a little laugh. "He's a nice boy, but I don't care for him." "I'm sorry," said Frank, "I didn't mean to hurt your feelings." "Oh, never mind," said Nan, "it	1
Who would save Ireland, sir? Would England, sir? Would politicians, sir?	0
"Ireland is a country of her own, and she has a right to be independent. She has been wronged, and she has a right to be avenged."  "And what is the use of being independent if you are not free?"  "We have been free, and we have been independent, and we have been both at the same time."  "But we have	1
Thank you for the money. I am most careful, and am keeping a strict account. Yes; it is quite sufficient.	0
"I am so glad you have come, Frank. I have been waiting for you."  "I have been thinking over your letter, Frank, and I think it would be better if you were to take the boy with you."  "I have been thinking over your letter, Frank, and	1
Aw, yes, we've come to an understandin' at last.	0
"I'm glad we've come to an understanding, Barry," said Ted, with a smile. "I'm glad, too."  "I'm glad, too," said Barry, with a	1
I'll allow ye. By God, I'll allow ye! Come out.	0
"I'll have my own way, Nan, or I'll go without."  "You're a fool, Ted," said Frank.  "I'll have my own way, Nan, or I'll go without."  "You're a fool, Ted," said Frank.  "I	1
Let me go; let me go. I'm a fool. No one cares for me now.	0
"I'm going to be a good boy, and go to bed, and sleep till morning." He turned to me. "Good-bye, old man. I'll see you again some day." He shook hands, and went out.	1
Its this, its about yourself. What ails ye? I don't like to see ye.	0
"Why did you leave Camberwell? I thought you were going to stay there." "I was going to stay, but I couldn't." "You couldn't?" "No, I couldn	1
I don't believe you. I believe you are as false now as you have always been. Your weakness and thoughtlessness, your talk of pity and help!	0
"I am glad to see you, Marian," said he, with a smile. "I have been expecting you."  "I have come to tell you that I am going away," she answered.  "Going away? Where?"  "To America."  "To America! Why?"  "Because I have found out that I cannot live here."  "Why not?"  "	1
It'll be fine weather, Mr. Barry?	0
"I'm glad to see you, Hugh," said Nan, smiling. "It's a fine day, isn't it?" "Yes, it's a lovely day," said Hugh. "I'm going to take the train to Dublin." "Oh, I wish I could go too," said	1
Well, Frank, my boy, what's your opinion, now, of things in general?	0
"I think it's a good thing," said Dad, "that we have got rid of the old man. He was a nuisance."  "Yes, he was," said Frank.  "He was always getting into trouble, and making us all uncomfortable."  "I don't know what we should do without you, Dad," said Marian.  "Oh, I'm not so bad	1
Now, Mr. Barry, now I'll do till supper time. Faith, an' bad manners to me keepin' ye there this long. But you'll know, sacks an stomachs were made to be filled.	0
"I'll be there, sure, if I'm alive. I'll be there, sure, if I'm alive."  "I'll be there, sure, if I'm alive."  "I'll be there, sure, if I'm alive."  "I'll be there, sure, if I'm alive."  "I'll be there, sure, if I'm alive	1
Ay, ay. Love an' blarney, love that makes the world go round, an' blarney that keeps it goin. Ay, ay.	0
"I'll be damned if I'll go to work, I'll be damned if I'll go to work."  "I'll be damned if I'll go to work, I'll be damned if I'll go to work."  "I'll be damned if I'll go to work,	1
Yes, its that, Marian? Well, and I have come to tell you to help you get it back. Listen to me, Marian.	0
"I have been thinking of you all the time, Marian, and I want to make it up to you."  "I don't want to be made up to," she said, her voice trembling.  "I want to be loved."  "I will love you, Marian, if	1
Listen, Marian. I've something to say to you, and I must say it. I've come to bring you back.	0
"Marian, Marian, why don't you speak? I've been waiting for you all the time."  "I'm not going to speak," said Marian, looking at him with a strange, hard look.  "Why not?" asked Frank, puzzled.  "Because I don't want to."  "But why not?"  "Because I don't want to."  "	1
I am sure, I am quite sure we should all be so glad if you and Lady Sylvia would come over and spend the evening with us; we would make Lady Sylvia the presiding fairy to distribute the gifts from the Christmas-tree. It is the most splendid one we have ever had—	0
"I have invited Lady Sylvia to come and spend Christmas with me. I am so glad! I shall be so happy!"  She clasped her hands together, and looked up into the sky.  "Oh, how beautiful it is! I feel as if I could fly up there."  She laughed, and then burst into tears.  "I am so happy! I am so happy!"  She threw herself on the sofa, and sobbed.  "Oh, how beautiful it is! I feel as if I could fly up there."  She laughed, and then burst into	1
Look here, child. Do you see that? That is a fork.	0
"I am sure you will find it very useful, my dear," said the queen, smiling. "It is a great convenience."  "Oh, yes, I see," said the lady,	1
You see, Lady Sylvia, I am only an apprentice as yet. I am only learning how to use my tools. And the fact is, there is not one man in fifty in the House who fancies that any tools are necessary.	0
"I have no objection to your going, but I wish you would take care of yourself."  "I am not going to be killed, if that is what you mean," she answered, with a smile.  "I am not afraid of being killed, but I am afraid of being hurt."  "You are a fool, then," said Balfour, with a laugh.  "I am not afraid of being hurt, but I am afraid of being misunderstood."  "That	1
It must be a good thing for a man to have a woman beside him whose very presence will make the world sweet and wholesome to him.	0
"I have no doubt that the London woman is a very fine creature, but she is not made for the country. She is not made for the country, I say."  "A wife is a great help to a man, and a great comfort, and a great support."  "And	1
I am sure Mr. Balfour would rather walk, papa, for I have discovered a whole series of short-cuts that I want to show him—across the fields. Unless it will tire you, papa ?	0
"I will show you a short cut, if you will come with me." "I will go with you, then," he answered, smiling. "I am sure I shall be delighted to see Balfour." "He is not at home, but I will take you to his rooms." "I should like that very much." "I will show you the way." "Thank you,	1
Look at the wines. The claret is nearly all Lafitte. I suppose those toadies of his have supplied him with a vin ordinaire at 120 shillings a dozen.	0
"I have no objection to the wine, but I do object to the price."  "It is a pity that the place is so ruined."  "Yes, it is a pity, but it is not my fault."  "I am sure it is not your fault, my lord."	1
I, at least, will not interfere in this election. Gentlemen, good-morning. Eugenius, the chaise is at the door.	0
"I have no right to interfere in the election of a Member of Parliament, and I will not do so."  She paused, and then added, "I am not going to be a candidate	1
You must excuse me, Sylvia; I cannot possibly go over with you to lunch. I have some business which will detain me half an hour at least—perhaps more. But your uncle and aunt can go with you.	0
"I am not going to the Hall to-day, I think," said Lord Willowby, with a sigh. "I have been so long away from home, and I want to see my own people."  "Oh, don't be so selfish, Willie," said Mrs. Willowby. "You are always thinking of yourself."  "I am not selfish, mother," said Lord Willow	1
But how would you explain this working of His power? We are too fond of explaining things nowadays. And until we know how to use them we shall probably not get the wings.	0
"I don't know what you mean by 'limits of human explanation.' I believe in God, and I believe in miracles."  "But you don't believe in the supernatural?"  "No, I don't."  "Then you are not a Christian."  "I am a Christian, but I don't believe in the supernatural."  "You are a very modern man, Mr	1
I am very much disappointed in Summerglade's contribution-very much disappointed indeed. I consider it most shabby. As a matter of fact I don't think it is large enough to entitle them to a grant from the Guild at all.	0
"I am sorry, but I cannot accept your offer. We shall have to go without garments."  "I am afraid we shall have to go without garments," said Annabel.  "I am sorry, but I cannot accept your offer."  "I am afraid we shall have to go without garments."  "I am sorry, but I cannot accept your offer."  "I am	1
Well, you see, Master Reggie, when I was that set against his coming to the Manor, he was strong and well, and so could stand up to me, as you might say: but now he is too weak and ill to hurt a fly. There's lots of folks as you can't stand at any price when they are able to stick up for themselves: but when they are knocked down you'd do anything you could to help them to get up again.	0
"I don't know what I was thinking of. I'm sorry, Frank. I'll do anything I can."  "You're a good girl, Ponty," said Frank, smiling.  "I'm glad you've changed your mind."  "I've changed my mind," said Ponty, "because I've found out that you're a good fellow, and that you're not going to be a nuisance after all."  "I'm glad you've changed your mind," said Frank, smiling again.  "I'm glad too. I've been worrying about you,	1
But smoking or no smoking, it's a fair treat to see you and Miss Annabel at home again, for when all's said and done the house don't seem like the house without you. For my part, I don't hold with so much gadding about.	0
"I don't smoke, but I do like a pipe now and then. It's so comfortable." "Miss Annabel has been trying to get me to give it up, but I'm not going to be bullied into it." "It's a good thing to have a comfortable home, isn't it?" "Yes, it is." "And a nice garden." "Yes, it is." "And a nice housekeeper." "Yes, it is." "And a nice cook."	1
So it is for ordinary jewellery, but wedding-rings, I have always heard, are made of twenty-two carat. At least that is what is generally believed; but I cannot say whether it is more than a tradition, like the idea that the sun will put a fire out.	0
"I don't believe in rings," said Arthur. "They are only a piece of jewellery, and jewellery is superstitious."  "But they are beautiful," I said. "Yes, but so is a fire, and we don't worship it."  "But we do worship the sun," I said. "We worship the sun, and we worship the moon, and we worship	1
I'm quite well. And you? I was instructed to communicate with you as soon as I had anything of importance to send over.	0
"I have been sent to you by the American Government," he said, "to ask you to do me a favor."  "What is it?" she asked.  "To help me to get into Germany."  "Why?"  "Because I am going to spy on the Germans."	1
I assure you, sir, that I acted from the best of motives. I am deeply grateful to you, sir, for your kindness, and I assure you I shall do my best to justify it. I am sure you will see that for the young woman to have been placed under arrest while in my rooms would have been a serious blow to her reputation.	0
"I am not a spy," he said quietly. "I am a soldier."  "A soldier?" repeated Lord Brooke. "Yes, a soldier," replied Hoffman. "I am a member of the British Army, and I have been sent here on special service."  "Special service?" echoed Lord Brooke. "Yes, special service," replied Hoffman. "I am here to help you."  "To help me?" repeated Lord Brooke. "Yes, to help you," replied Hoffman. "I am here to help you to escape from this country."  "To escape from this country?" repeated Lord Brooke. "Yes, to escape from this country," replied Hoffman. "I	1
Your excellency why should I be placed under arrest? I am trying to serve your interests.	0
"I am a spy," he said quietly. "I have been sent here to gather information."  "You are a spy?" repeated the Governor. "Yes," answered Hoffman. "I am	1
What can I do for you my girl? What is your name?	0
"I am Miss Mary Ann Hargrave, of 426 West 102d Street, New York City." "Miss Hargrave, I have been told that	1
My friend, from now on, please understand that I represent Herr Schwartz, here in London. You have been suspicious of me, from the start, as indeed we have been of you. The time for all that is ended.	0
"I am a spy," she said quietly. "I am here to represent Herr Schwartz."  Hoffman's eyes opened wide. He could not believe his ears.  "You are a spy?" he asked.  "Yes," she answered.  "And what do you want?"  "To know if you have any information for me."  "Information? What sort of information?"	1
I have cut the thongs from Sha-hehe. Cover her and heal her, old woman, against the time I come again. I shall want her then.	0
"I have cut the thongs from Sha-hehe, and I will not let him go until he is healed."  He turned to the girl, and his eyes were full of a strange light. "Come, come, little one, heal my brother."  "I will do it,"	1
Wait: I have tea that my father got at Fort Simpson. I will bring you some; it will do you good.	0
"I have come to see you, Tashekah, and to give you this bracelet."  She held out the bracelet, and then, after a moment's pause, she added: "I have come to see you, Tashekah, and to give you this bracelet."  She held	1
I would make his blood run, Ka-kee. I can do it. See my hand!	0
"I will try," he said, "but I cannot promise success."  He laid his hand on the child's head, and closed his eyes.  A low moan came from the lips of the little sufferer.  Kah-sha opened his eyes, and looked at the child.	1
He has never stood on them since that dreadful night. All his life is in his head. You can see that he knows things that other people never think.	0
"He has been sick, and I have been afraid to let him go out to play, but he is better now."  She looked up at Kin-da-shon, and then down at the little boy, who was still asleep.  "I am glad he is better," said Kin-da	1
Then I will stay; my heart shall be strong to do it; and I have been too long away from poor little Ch-one	0
"I will stay," said Kasko, "and help Ch-one."  "I will stay," said Kasko, "and help Ch-one."  "I will stay," said Kasko, "and help Ch-one."  "I will stay," said Kasko	1
Your daughter is a faded bearskin; she's worth nothing to me. I shall never trouble myself to ask you or your tribe for so much as a rabbit-skin—it would be a cheat. Do you want to hear more?	0
"Give us blankets, or we will take them."  "We are the lords of this land, and we will have our way."  "I am the chief of the people, and I will have my way."  "I am the chief of the people, and I will have my way."  "I am the chief of the people, and I will have my way."  "I am the chief of the people, and I will have my way."  "I am	1
So, so, my fair one, you are courting the raven tonight? He is a black lover for the rice-blossom. Let us awaken his jealousy—he will hold you the tighter by and by.	0
"Awake, awake, my child!  Let the jealousy of the raven burn in her heart."  "Awake, awake, my child!  Let the jealousy of the raven burn in her heart."  "Awake, awake, my child!  Let the jealousy of the raven burn in her heart."  "Awake, awake, my child!  Let	1
I thank you much if you will give me even a little of his word-my soul is more in need than my body has been this day; my heart is more cold, more hungry, more sick, more blind than my body can ever be. O friend, if you have medicine for sick souls, give me some before I die! I have seen you talking to your great Spirit—you have found one who makes you not afraid.	0
"Samuel, I am sick, very sick. I have no strength left. I cannot go on. I must die. I want to be healed. I want to be made whole."  Kah-sha's eyes are full of tears.  "I am ready to die, Samuel. I am ready to die. I am ready to die."  Kah-sha's voice is almost a whisper.  "I am ready to die."  Kah-sha's head sinks upon his breast.  "I am ready to die."  Kah-sha's voice is almost a moan.  "I am ready to die."  Kah-sha's head sinks lower and lower.  "I am ready to die."  Kah-sha's voice is almost a groan	1
You are one of us now, I have long waited for your coming. You have been watched. Ha!	0
"I am glad to see you, Mr. Archer," said I. "I have heard much of you." "Ah! " said Archer, "you have heard much of me. I have been a great deal talked of lately. I have been a great deal talked of lately. I have	1
Young man, it is fifty years and more since I first heard discussions on these subjects which now interest you—and the whole world—so deeply. I have sat at tables where Voltaire, Diderot, D'Alembert, even your Bolingbroke, freely discussed the sovereignty of the people. I have lived to see these ideas put in practice across the ocean.	0
"I have been thinking of the great men of the eighteenth century, and how they have influenced the world. I have been thinking of Voltaire, of Rousseau, of Diderot, of Helvetius, of Montesquieu, of all those who have done so much for the enlightenment of mankind." "And what have you done for them?" said I. "I have done nothing," he answered. "I have never written a line, nor spoken a word. I have never even thought a thought. I have only lived in my own little corner of the world,	1
Alas! what things have fallen upon me since last I stood here!	0
"I am so unhappy, so unhappy! I cannot bear it any longer. I must go away from here, and never come back again."  "But why?"  "Because I cannot bear	1
General Washington himself! He is going somewhere. I wish I knew where he is going.	0
"I have seen the enemy's batteries," said Lee, "and they are very formidable."  "Yes, I know," said Washington, "but we shall soon be ready to meet them."  "I hope so," said Lee, "for I am anxious to see the fight."	1
Lee Bowie, you are a brave fellow. I mean to be over there at Manchester, on the other side of the James, at about ten oclock to-morrow. Get across as soon as you have learned all you can, but you may not be able to do that the first day.	0
"I don't want to hear any more of your nonsense. I have told you what I expect of you. You are to be here at eight o'clock sharp, and you are to be sober. If you are not, I will have you arrested."  "Yes, sir," said Lee, with a sigh of relief. "I'll be here, and I'll be sober."  "Good!" said the Governor, with a nod. "Now, go home and get some sleep. You look as if you had been up all night."  "I have been up all night	1
Bring the young wolf to me. Ill see what there is in him.	0
"I want to see him," said Arnold, "and I want to see him now."  "He's gone to the river," said Lee.  "Well, then, I'll go	1
An apple orchard smells like wine; A succory flower is blue; Until Grief touched these eyes of mine, Such things I never knew.	0
A man may be wise without knowing it, But he's wiser when he has tasted wine; And so I have learned, and I'll tell you my story, For I've been a fool, and I've been a wine.  (Spicewood)  (1921)  (Lizette Woodworth Reese)  (American)  (1850-1926)  (Poet)  (Teacher)  (American)  (1921)  (Spicewood)  (Poem)  (American)  (1850-1926)  (Lizette Woodworth Reese)  (American)  (19	1
There is a house builded of God, Beyond the fret of time or clod;	0
God's love is like the sun,  And shines on all mankind.   And though it may be dim,  It still is shining bright.   The light may be obscured,  But still it shines on all.   And though we may not see,  We know it is there still.   So let us trust in God,  And know He loves us well.   For though we may not see,  His love will never fail.   And though we may be lost,  He will still guide us home.   So let us trust in God,  And know He loves us well.   For though we may not see,  His love will never fail.   And though we may be lost,  He will	1
I knew an old house by a wood,    A very lovely thing; There flag-flowers blew; and it was good    To come that way in spring.	0
The old man's eyes were dim and blue,  And his voice was hoarse and thin;  But he said, "I'll tell you what I knew,  And you'll see it's all a thing."  He said, "I was a soldier once,  And I fought in many wars;  But I never saw a sight like this,  Since I left my native shores."  He said, "I was a soldier once,  And I fought in many wars;  But I never saw a sight like this,  Since I left my native shores."  He said, "I was a soldier once,  And I fought in many wars;  But I never saw a sight like this,  Since	1
It was written by William Shakespeare.	0
16th-century English. insufficient information.   The passage is from Shakespeare's sonnet 7	1
It was written more than a century earlier.	0
It was written by a woman.  [Emily Dickinson]  [p. 354	1
It is from a play set in Denmark.	0
1609 was the date of the first quarto edition. 1623 was	1
Changes vast, and quick succeeding, E'er on Hist'ry's page we find, Noting rise and fall of nations, Typical of public mind E'er desiring something novel. Now a century has flown, Noting years of independence, In which stars and stripes have grown, And the eagle's spread his pinions larger o'er the States' dominions.	0
1. C 2. E 3. N 4. T 5. H 6. E 7. N 8. N 9. A 10. L 11. I 12. A 13. L 14. Y  3	1
There's a shadow ever creeping O'er us always, waking, sleeping;	0
The creeping shadow, like a ghost,  Creeps o'er the earth, and leaves its mark.  (TETRAMETER)  (FEMININE RHYME)  (TROCHAIC)  (TETRAMETER)  (TROCHAIC)  (TETRAMETER)  (TROCHAIC)  (TETRAMETER)  (TROCHAIC)  (TETRAMETER)  (TROCHAIC)  (TETRAMETER)  (TROCHAIC)  (TETRAMETER)  (TROCHAIC)  (TETRAMETER)  (TROCHAIC)  (TETRAMETER)	1
And when darkest shades are creeping, Then we'll wake where is no sleeping.	0
The stars are shining, the moon is sleeping,  And all the world is still.   [END]	1
When God pronounced his work all good He must have thought of the old oak wood, Of the old oak wood on an autumn day With the sunshine goldening all that way	0
The oak wood, with its boughs and branches,  Is like a forest of the sky.  The leaves are green, the bark is brown,  And all the birds are singing high.  The oak wood, with its boughs and branches,  Is like a forest of the sky.  The leaves are green, the bark is brown,  And all the birds are singing high.  The oak wood, with its boughs and branches,  Is like a forest of the sky.  The leaves are green, the bark is brown,  And all the birds are singing high.  The oak wood, with its boughs and branches,  Is like a forest of the sky.  The leaves	1
O gentle days of Autumn! O holy days of gray! That with an inner rapture In meditation stray.	0
1. Autumn days are like a dream, 2. And the leaves are falling fast; 3. But the sun shines bright and warm, 4. And the birds are singing past.  33	1
Spirit Immortal surely this must be A vision of Thy glory: on the hills A beauty not of earth, the light that fills The chambers of Thy presence eternally!	0
O Thou who art the Sun of all our days!  How sweetly dost thou sink to rest at last!  And how the world, with all its cares and pains,  Is hushed to sleep beneath thy golden vest!  (Ingram Crockett, "Beneath Blue Skies and Gray," 1898)  [Note: The original text is written in iambic tetrameter, but has been converted to iambic pentameter for the purposes of this exercise.]  [Note: The original text is written in iambic tetrameter, but has been converted to iambic pentameter for the purposes of this exercise.]  [Note: The original text is written in	1
This is five-foot iambic verse, with alternate (abab) rhyme.	0
4/4, 4/4, 4/4, 4/4; ABAB.  insufficient information.  insufficient information.  insufficient information.  insufficient	1
I made no friends; as soon as school was done  I used to trudge off gravely by myself To lord it in the kingdom of my choice; A pebbly beach, walled in on every side	0
I loved the sea, and loved it more than men, And loved the sea because it was not men.  I loved the sea because it was not men, And loved the sea because it was not men.  I loved the sea because it was not men, And loved the sea because it was not men.  I loved the sea because it was not men, And loved the sea because it was not men.  I loved the sea because it was not men, And loved the sea because it was not men.  I loved the sea because it was not men, And loved the sea because it was not men.  I loved the sea because it was not men, And loved the sea because it was not men.  I	1
All this has science wrought. So much is now Done by machinery, that the race of men Are scarcely more than tools in the great mill Of modern industry.	0
O, what a world is this, where man is made A thing, a machine, a mere automaton!  And what a world is this, where man is made A thing, a machine, a mere automaton!  Where all the arts of life are turned to death, Where all the arts of life are turned to death, And all the sciences are turned to sin!  And all the sciences are turned to sin!  Where all the arts of life are turned to death, Where all the sciences are turned to sin!  Where all the arts of life are turned to death, Where all the sciences are turned to sin!  Where all the arts of life are turned to death, Where all the sciences are turned to sin	1
Green Valley, Pa., May 1, 1876.  DEAR SIR, I have the honor of introducing to your acquaintance Mr. William Worthy, whom I commend to your kind attentions. Jane Faithful.	0
24. I have the honor to introduce to you Mr. William Worthy, who has been engaged in the manufacture of machinery for some years past, and who has recently removed to this city. 25. He is a gentleman of good education, and of considerable business experience. 26. I am sure you will be pleased to see him. 27. I have the honor to be, Sir, your obedient servant, Jane Faithful.  3	1
but he was dauntless	0
but he did not expect to be able to do it without great effort.  128	1
for Margaret always said, "They are all orphans alike."	0
She had been so busy doing good that she had not time to learn.  138	1
We won because we had more substitutes and more supplies; and also from the force of a larger patriotism on our side.	0
1. We had to fight them to the last man. 2. We had to wear them out. 3. We had to starve them out. 4. We had to exhaust them. 5. We had to exhaust them. 6. We had to exhaust them.	1
although he wanted above all things to be an author	0
but he was not always successful.  14	1
so long as you can better the lives of your fellow-beings	0
your will must be strong and your purpose clear. 134. Your success in life depends not on talents, but on will. 135. Your will must be strong and your	1
if we mortgaged the farm."	0
if we could get it." 500. 123	1
if perchance he has failed, haunting the places where fortune has deceived him, like an unquiet ghost	0
or, in the case of the man who has been so long in the habit of making others do his work, the goal is to be seen in the face of any old idler, lounging	1
then it was base	0
it is a sin. 129 It is the acknowledgement that things	1
That is the logical result of losing the knowledge of spiritual things,-a life without real interest, without deep worth,—a life with a broken spring.	0
Then he has no right to say that nothing interests him.  He has no right to say that Christianity is not true.  He has no right to say that he cannot know.  He has no right to say that he must not try to know.  He has no right to say that	1
but increased, by a perception of their exquisite form and finish	0
but will be increased, if we understand the poetic form in which they are written.  13	1
though limited, is definite and sufficient	0
it is not always clear and complete. 134. Christianity is a revealing religion, a teaching religion, a religion which conveys to the inquiring spirit certain great and positive solutions of the	1
because there can be no higher practical result of effort	0
it is the translation of the will of God into human speech. 1. It is the translation, through many languages, of the true, divine purpose of all the work and labour that is done	1
inasmuch as the control of the gas is accomplished without the interference with apparatus upon the table and without inconvenient reaching	0
it is not necessary to have the gas pipes run along the front of the table.  13	1
so that he may be fitted to make his way without assistance	0
it is hoped that he will be able to take his place as a competent worker in the laboratory.  129	1
Thus held the rod is firm, while easily removable, and the level space about the rod permits a more advantageous disposal of apparatus than is possible when the rod is held in a movable platform.	0
1. This arrangement is more convenient than the old one, as it saves the time and trouble of moving the apparatus from place to place. 2. It also prevents the accidental dropping of the apparatus, which is not infrequent when the old arrangement is used. 3. It is also more convenient for the student to have his reagents at hand, and to be able to see them without	1
The sinks, however, are of iron instead of porcelain, and the bottoms of the draft chambers are sinks instead of plain soapstone tables.	0
1. The laboratory for inorganic chemistry is 30 by 39 feet, and is fitted up in general like the laboratory for analytical chemistry. 2. The laboratory for inorganic chemistry	1
but the fume closets were found sufficient	0
1.7 metres wide, and 4.5 metres deep. The other wing is for the first-year students, and is 29.6 metres long by 10 metres wide, with high arched windows on three sides of the room. 1.7 metres wide, and	1
Hence it was natural that wood should be the prevailing material of Phoenician architecture, while it was almost banished from that of Egypt.	0
1000 men were employed in the construction of the Temple, and 10000 in the erection of the palace. 100000 men were employed in the cutting of the stones for the foundation of the Temple. 100000 men were employed in the cutting of the stones for the foundation of the palace. 100000 men were employed in the cutting of the stones for the foundation of the city. 10	1
though the former gives their width and height, while the latter does not mention them at all	0
300 cubits was the length of the house, and 40 cubits the breadth. 1 Kings vi. 2. 1 Chron. xxviii. 11	1
But the picture of the past year, and the last of his greater efforts, seems to me to fail on the ethical side.	0
But the voluptuousness of the odalisque is not without its counterpart in the purity of the maiden.  13	1
however, that the Oracle or Holy of Holies of Solomon's Temple, like unto the Tabernacle, had no light, neither windows, nor candlestick, and if it had had the one it would also have had the other	0
10 cubits is the measure of the breadth of the porch, and 20 cubits of the length; but the height is not given. 10 cubits is the measure of the breadth of the porch, and 20 cubits of the length; but the height is not given. 10 cubits is the measure of the breadth of the porch, and	1
if so be his pleasure was otherwise	0
1. That she should be silent until he had spoken. 2. That she should not speak	1
for what they lost in length he quadrupled in height	0
3333333333333333333333333333333333333333	1
so that Solomon employed not his own people to build his Temple; of them it is distinctly stated he made captains and over-lookers only	0
254 and it was natural that they should regard with horror the erection of any structure which might be associated with the memory of their servitude.  260	1
so I do not advocate carrying it far, but history or some science would be a good counterpoise for a mind given to the study of beauty alone	0
138	1
for though regularity is as important for health as for a wise life, it cannot be an iron regularity, especially if a girl is at all delicate	0
because some people are so nervous that they cannot get to sleep if they try.  132	1
though certainly not brilliant in mathematics	0
She was not a stupid girl, but she had never been taught that arithmetic is positively needed by every girl, rich or poor. 134. 135. 136	1
But the independent young lady instantly took the money and invested it all in a beautiful piece of lace which she sent as a present to the convalescent.	0
1. She is a true lover of nature, without pretense or cant of any kind. 2. She is a true lover of nature, without pretense or cant of any kind. 3. She is a true lover of nature, without pretense or cant of any kind.	1
So a woman who has them is almost sure of a modest support.	0
She may earn a comfortable living by teaching, or by writing, or by doing some kind of literary work.  13	1
if the old principle of architecture is always remembered	0
provided always that the decoration is not so prominent as to obscure the construction. 134. It is a common fault with women to make their dresses too conspicuous. 135. They	1
The world was better because she used her gift, and she was happier, as all are who exercise their powers.	0
But she was a woman of strong will, and she had a great deal of money.  She was determined to do what she thought best.  She was not afraid of the world.  She	1
This will cause a better development of root to take place and will lead to a thriftier, stockier plant.	0
This will prevent the plants from running to seed, and will make them more compact and hardy.  Weed, Clarence Moores. The School Garden Book (p. 25). Project Gutenberg. Retrieved June 27, 2020.  CC BY-SA. https://	1
so large growers of cucumbers prefer such seed where the percentage of germination is low	0
the weaker seeds are eliminated. 1. The weaker seeds are eliminated. 2. The weaker seeds are eliminated. 3. The weaker seeds are eliminated. 4. The weaker seeds are	1
But on the vines they are not so crowded; each one stands sufficiently alone to reveal its loveliness.	0
But the effect is not so pleasing as when the flowers are arranged with a little space between them.  It is better to have a few flowers in a jar than a great many crowded together.  The latter look like a mass of cotton-wool.  The former look like a mass of	1
It is therefore easy for a school to obtain a good variety of colors of German Iris by means of clumps and divisions received as gifts from home gardens.	0
196 The Dutch Iris is a very hardy plant, and will grow well in almost any soil. 197 It is a good idea to divide the clumps of these irises every two years. 198 This will keep them in vigorous condition, and will give you	1
if purchased when small, are inexpensive	0
are not so hardy as the others. 124. 125	1
although they are otherwise quite unlike plants	0
but they are not so hardy as mint.  Weed, Clarence Moores (1909). The School Garden Book. New York: Macmillan. p. 348	1
because it is incidental to garden instruction and training	0
because the plants are raised by the pupils themselves. 1. The School Garden Book (1909) by Clarence Moores Weed. 2. Weed, Clarence Moores. 3	1
but certainly should never appeal to an educated American	0
it is not the least bit like the Japanese flower arrangement, which is always simple, and always has a definite purpose.  130	1
But in our days of Indifferentism, which are not blessed with the charm of the new nor with the sweetness of the old in Religion, the prerogatives of nature have a special claim on priests.	0
152. But the modern world has changed all this. 153. The Faithful are no longer so well acquainted with the God they worship. 154. The bonds of faith are not so strong as formerly. 155. The priest must now take the place of the Faithful. 156. He must be the teacher of the people.	1
for it was in the Second Plenary Council of Baltimore that the establishment of the University received its first consideration	0
1859, when the first stone of the University was laid, you were just entering upon your priestly life. 1860, when the cornerstone of the University was laid, you were just entering upon your priestly life. 1861, when the first building	1
if zeal and devotion to study are the essentials of university atmosphere, there is every reason to place this brief session on record as one of the most valuable in our educational history	0
1500 students were enrolled in the Summer School. 1200 of these were laymen, and 300 priests and religious. 1500 students were enrolled in the Summer School. 1200 of these were laymen, and 300 priests and religious. 1500 students were enrolled in the Summer School. 1	1
However, if not in justification, at least in palliation of this procedure, it should be borne in mind that our situation in this country is characterized by many special difficulties.	0
1. It may be due to the fact that we have been so long a land of immigration. 2. It may be due to the fact that we have been so long a land of immigration. 3. It may be due to the fact that we have been so long a land of immigration. 4. It may be due to the fact that we have been so long a land	1
but rather that its results ought to surpass those of others, especially in the formation of character	0
113	1
Hence it is not surprising that the writer has seen today for the first time a newspaper clipping in which she is quoted as an authority in settling a dispute of which she has never heard.	0
1855, and that the charter was granted by the legislature of the State of Indiana. 1855, and that the charter was granted by the legislature of the State of Indiana. 1855, and that the charter was granted by the legislature of the State of Indiana. 1855, and that the charter was granted by the legislature of the State	1
so that by practicing a wise economy in nerve and brain power we may realize a sustained efficiency	0
but it is certain that the teacher who has been overworked is not in a condition to do his best work.  1	1
though composed and reserved so far as gestures and bodily movements are concerned, yet sin grievously against decorum and gravity in their unfortunate habit of facial contortion	0
822 "Shame itself!" hissed Lady Macbeth in the ear of her troubled and vision-seeing spouse. "Why do you make such faces?" Has not the query a definite and pertinent application to many teachers who, if they are not themselves so much at fault, are at least	1
though in its wild state it	0
but it is not so easily found in the wild. 115 116 SOME AMERICAN MEDICAL BOTANISTS. 117 118 119	1
but he continued exchanging specimens and seeds with European confrères	0
but it was not until he was fifty years old that he began to enjoy the pleasures of travel.  108	1
for frequent mention is made of a certain Polly Howell and a Sally Samson, the latter "behaving for three evenings, especially the last, in a most engaging manner."	0
1802, when he was twenty-eight years old, he married Miss Elizabeth Haines, daughter of John Haines, a wealthy farmer of Londongrove, Pennsylvania. 1802, when he was twenty-eight years old, he married Miss Elizabeth Haines, daughter of John	1
So with renewed energy it was searched for through the mountains, but always without success.	0
1825, he wrote to Dr. John Bachman, of Charleston, S. C., saying that he had found the plant growing in the woods near his home. 1826, he wrote to Dr. Bachman again, saying that he had found it growing in the	1
But the search for remedies was keen in days when malaria and dysentery ravaged whole towns and paralyzed industry.	0
1785, Dr. Benjamin Rush, of Philadelphia, publishes his "Medical Inquiries and Observations," in which he describes the effects of the Seneca snakeroot as a remedy for pleurisy. 1786, Dr. John Mitchell, of Richmond, Virginia,	1
if no painful complications arise, until the patient is cured	0
34 The writer has discovered that no matter what the amount the patient declares he is taking, he can begin with less than fifty grains per week with the assurance that his patient will not suffer. This amount is steadily reduced each week until the patient is free from all desire for the drug. 3	1
but this question at stake involves that which they won't consider as anything but weak, and that is the heart element	0
11 but there is a tension between the two. 12 The tension between the two is that the lawmakers may not fully understand the complexities of addiction and its impact on individuals and families. 13 This gap in understanding can hinder effective solutions. 14  This passage reflects the	1
for if this happens, the work of months is undone and the poor victim is drawn back to his old habits by his loss of self control	0
37 It is then that the law should step in and the State provide the ways and means to permanent recovery. 38 39 It is then that the law should step in and the State provide the ways and means to permanent recovery. 39 It is then that the	1
for if the warden could not arrest a man personally until he was certain that he had in his possession trout less than six inches long it would practically nullify the law, for anyone breaking the law will naturally conceal his offense	0
1. That the person is in the act of committing a violation of the law. 2. That the person is about to commit a violation of the law. 3. That the person has committed a violation of the law. 4. That the person has committed a violation of the law, and that the evidence of the same is in his possession. 5. That the person has committed a violation of the law, and that the evidence of the same is in his possession, and	1
though it is enough if the party arresting touch the other, "even with the end of his finger."	0
1. as when a man is seized by the collar and told to come along with him. 2. as when a man is seized by the collar and told to come along with him. 3. as when a man is seized by the collar and told to come along with him	1
But with the growing demand for more stringent enactments for the preservation of game and the increasing complexity of statutes for this purpose it was found no longer practicable to include the burden of enforcing them among the duties devolving upon general officers, and their enforcement has consequently been intrusted to special officials, usually called game wardens.	0
1870, the number of game warden districts in the United States had increased to 350, and the number of game wardens to 450. 1870, the number of game warden districts in the United States had increased to 350, and the number of game wardens to 450. 1870, the number of game warden districts in the United States had increased to 350, and the number of game wardens to 450. 1870, the	1
Thus when the selling of adulterated milk is made a crime, ignorance that the milk sold is below the standard fixed by law is no defense.	0
1. It is not necessary that the person doing the prohibited act should know that he is doing something which is against the law. 2. It is not necessary that he should know that the act is wrong. 3. It is not necessary that he should know that the act is prohibited.	1
but usually the warden is inclined to overestimate this obstacle	0
it is the fate of all wardens, and the really clever ones are only stirred to increased efforts by this difficulty. 124. THE WARDEN'S GENERAL MOVEMENTS. 125. Quite often we hear a warden complain that the regular violators in his territory	1
so that his master was able to seize the game and apprehend the culprits	0
104 THE GAME WARDEN'S WORK. 105 and the warden was able to prove that the birds had been stolen from the market. 106. 1	1
if he finds the doors or windows open and no one to answer his knock, he may enter	0
1. If the warden is satisfied that the meat is not being removed from the premises, he may enter the place without a search warrant. 2. If the warden is satisfied that the meat is not being removed from the premises, he may enter the place without a search warrant	1
'Twas jealousy.	0
150 He was jealous, and that was all. 151 He had seen her	1
So the feast broke up.	0
	1
though I restrained many things	0
but I did not think it right to say anything about the circumstances which had led to the receipt of	1
if the landlord had his rights it's on the parish John'd be years ago	0
I'll be as poor as a church mouse, and have nothin' to eat but what I can get out of the hedge.  [p. 354]  [p	1
provided that punishment does not take the form of the acquisition of territory by any non-American Power.'"	0
1895, that the United States would not recognize any claim of European Powers to intervene in the internal affairs of the Republics of America, except in cases where the Monroe Doctrine was invoked	1
but wherever there are women and luxury there will French trade flourish, and further, in machinery of many kinds France, if equalled by any other nation for excellence, is equalled by England alone	0
but it is not so easy to see how she can become a great power in the world's commerce.  137	1
for in the wars which these Indians had with those of the kingdoms of Peru they took it, and from it is called the River of Plate, of which the country hath taken the name."	0
1. because the Spaniards were jealous of the Portuguese, and would not suffer them to trade with the Indians. 2. because the Spaniards were jealous of the Portuguese, and would not suffer them to trade with the Indians. 3. because the Spaniards were jealous of the Portuguese, and would not suffer them to trade with the Indians. 4. because the Spaniards were jealous	1
But if the religious indifference spreads downwards, Argentina, like France, may see her population dwindle, and her army decay, and may be prevented from taking a high position among world Powers.	0
100,000 Catholics are not in communion with Rome. [The missing sentence describes a tension between the number of Catholics in Argentina and the number who are not in communion with Rome.] 100,000 Catholics are not in communion with Rome. [The missing sentence describes a tension between the number of Catholics in Argentina and the number who are not in communion with Rome	1
Cavendish, therefore, named the deserted settlement the Town of Famine, and it retains the name of Port Famine to this day."	0
1592, the Englishman, William Keeling, found the place deserted. 1594, the Spaniard, Juan de Solis, found it uninhabited. 1600, the Dutchman, Cornelius Houtman, found it uninhabited	1
though the rain does not fall in sufficient quantity	0
but the heat is excessive during the summer months.  139	1
so that the nation's sons may find a new path of life, and the navy a fresh source from which to draw sailors in case of an emergency."	0
100,000 tons. There is, however, a College for training officers, and also engineers and stokers for the mercantile marine, and there is a Pilot School, and various measures show that the authorities are alive to the importance of the question. In his last Message to Congress the President said: "One of the principal reasons for granting privileges to ships flying the Argentine	1
but we shall lose the whole meaning of this celebration-we shall fail completely to learn its lesson-if we give ourselves up to the contemplation of our past and the glorification of ourselves	0
but it is equally natural that we should be reminded of the fact that the same principles which have made us great have also made us rich, and that the same principles which have made us free have also made us prosperous.	1
though this in one instance may be the instrument of good, it is the customary weapon by which free governments are destroyed."	0
If, indeed, there be such a power, it must be found in the clause which declares that all powers not delegated to the United States, nor prohibited to the States, are reserved to the States respectively, or to the people."	1
It is because the Republican party owes its power, in large part at least, to the support of the manufacturers, and depends for the sinews of war on the “fat fried out of" them, to use the phrase of one who was high in the party councils.	0
The politicians and the protected interests have formed an unhallowed partnership, to which the manufacturers have contributed cash in the guise of campaign contributions and the politicians have contributed time and speeches.  The politicians and the protected interests have formed an unhallowed partnership, to which the manufacturers have contributed cash in the guise of campaign contributions and the politicians have contributed time and speeches.  The politicians and the protected interests have formed an unhallowed partnership, to which the manufacturers have contributed cash in the guise of campaign contributions and the	1
But, as we meet to commemorate their acts, it becomes us to inquire how their work is faring in our hands, how we are preserving and maintaining the heritage of principle which they handed down to us.	0
1632-1832, the period of the Revolution, the period of the Constitution, the period of the Civil War, the period of reconstruction, the period of the present industrial development. 1632-1832, the period of the Revolution, the period of the Constitution, the period of the Civil War, the period of reconstruction, the period of	1
It must be construed, therefore, in subordination to it; and cannot supercede or interfere with any other of its fundamental provisions.	0
1. It would be absurd to suppose that the framers of the Constitution intended to give the power to destroy the Constitution itself. 2. It would be absurd to suppose that the framers of the Constitution intended to give the power to destroy the Constitution itself. 3. It would be absurd to suppose that the framers of the Constitution intended to give the power to destroy the Constitution itself.	1
because law sinks into being merely the will of an arbitrary ruler or a selfish class, and ceases to be the will of the whole community	0
without law there is no true liberty. 105 106 Moorfield Storey.  11	1
so that no legislation on burning questions was possible	0
and yet the country has gone on prosperously.	1
if we look nearer home, must we assume that Senators Platt and Depew represent the character and purpose of New York	0
1896, was he not the nominee of the Democratic party?  112	1
but sad at heart you will always find him	0
but the fear of death is on his meeting with her.  140	1
because of the manhood he did possess	0
15 and Other Essays for he was a man who had to live in a world that was	1
Englishmen were therefore jealous of any favor shown to their commercial rivals.	0
118 THE POET'S POET. The Dutchman was a traitor, and the Englishman a spy. 119.  THE POET'S POET. 1	1
though to leave is like tearing out his living heart, and turns gray face toward an unknown land,such sacrifice renews the courage of us all	0
beyond the pale of the law. 135 136 THE POET'S POET.  1	1
But conscience spake on.	0
1. It was a hard thing to do. 2. It was a hard thing to do	1
Another chief cause of William's unpopularity was his partiality to his own countrymen.	0
164. He was a man of great personal charm, and he knew how to use it. 165. He was a man of great personal charm, and he knew how to	1
The result of this is a compromise: the compromise is called Thaw.	0
It is the normal condition in New England.  The climate is not only temperate, but it is also variable.  The extremes of heat and cold are so great that the thermometer may range from 90° to 20° in a single day.  The temperature of the air	1
Nevertheless, I said to myself, "You'd better keep a cool head, my boy, or you are in for a night of it.	0
100 miles from the nearest settlement, and with no chance of getting help. [missing sentence describing a tension or contrast] Better listen to science than to spunk." 129. "I'll try it," said I. 130. "I'll try it,"	1
for, apart from the comfort that a fire would give, it is necessary, at night, to keep off the wild beasts	0
124 THE WILDERNESS. [missing clause describing a cause or reason] I had been so long in the woods, and had seen so much of the wilderness, that I was beginning to think it was all the same. 125 THE WILDERNESS. 1	1
but it is truth to say I enjoyed every step of it	0
I was safe; I knew where I was; and I could have walked till morning.  But I was alone, and I was in the wilderness.  I was not afraid, but I was	1
so that the footing could not be determined, and at short intervals we nearly went out of sight in holes under the treacherous carpeting	0
and so slippery that we were compelled to crawl on hands and knees.  132	1
though without that keen feeling of exhilarating flight that she had in the morning	0
but she could not keep it up much longer.  Warner, C. D. (Charles Dudley) (1829-1900). In the Wilderness, With a Biographical	1
if the guide swears he caught them Saturday night	0
provided the guide has not killed them for the purpose of eating. 123. 1	1
for I could not understand them	0
1903, I had been in the United States for three years. 1904, I was going back to China. 1905, I was going to stay	1
but he rarely talked with anybody	0
1000 miles from home. 1000 miles from home. 1000 miles from home. 1000 miles from home. 1000	1
So I transacted business with him in Wusih dialect.	0
1. It is not so much the fact that he had been in Shanghai for some time, but that he had been in China for some time. 2. It is not so much the fact	1
The Sultan, in consequence of all these reverses, was obliged to yield, and peace was at last established by the Treaty of Adrianople of the 14th September, 1829.	0
1875. The Russians were now masters of the whole of Asia Minor.	1
if he would not risk the loss of the hard-won earnings of the whole year	0
100 miles from the nearest human habitation. 100 miles from the nearest human habitation. 100 miles from the nearest human habitation. 100 miles	1
but are strongly mixed with Finnish and Mongolian elements	0
but are rather of Mongolian descent.  Wahl, O. W. (1875	1
owing to which, on the 6th July, the Persians lost the battle of Nakhitshevan, on the 7th the fortress of Abbas Adad, and soon after the battle of Abaran	0
136 and the Persians were compelled to evacuate the country.  149	1
It is said, however, that many of them have since come back.	0
16,500 is the number of the whole population of the Crimea, and 80,000 the number of the Crimean Tartars. 16,50	1
though disastrous to their arms, as a natural and necessary phase of their political development	0
236 and the feeling of national pride was not lessened by the success of the English arms. 237 The writer is a man of his time, and he is writing in	1
The cause of this indifference is the absence of landed property amongst the peasants.	0
1. The Russian cares little for his parental hearth, or for the parish soil he helps to cultivate. 2. In their villages the Russians feel themselves intimately bound only to their families, their neighbours, to the parish, or to individuals, but not to the ground or the place they inhabit	1
so our mind, when it thinks and wills according to its innermost conscience, shows us the true Way	0
164	1
But the toleration of various religions and the many attemps at compromise have been characteristic of the whole history.	0
126. The fact that the Shinto religion was not recognized as a national religion, and that it was not officially protected, was a source of great disappointment to the Shinto priests. 127. The Shinto priests were not satisfied with the position which they occupied in the social	1
Thus we see in the mythology a certain cycle of the oppositions of the two struggling principles or powers.	0
1000 years ago, the Japanese had no conception of the existence of the soul. 1000 years ago, the Japanese had no conception of the existence of the soul.	1
So she mounted her motor-cycle and went off, intending to let Headquarters see how very unpleasant she could make herself when they would not attend to her wishes.	0
154 "Oh, I know, I know," she said, with a sigh. 155 "It's just because I'm so tired, and so worried, and so anxious. 156 I suppose I ought to be glad that I've got a chance of doing	1
But she was not by any means out of the wood, for not a quarter of a mile further her groping sight revealed another black mass, this time so big that it was visible without the aid of a shell-burst.	0
102	1
But the unnaturalized alien was still, for industrial purposes, as free as the citizen, and had the protection of law.	0
10,000 of these were probably foreigners, and 10,000 were probably the children of foreigners. 10,000 of them were probably foreigners,	1
because his persons are still so near to the symbolic, they have so little character and psychology of their own, that they do not mind serving as mouthpieces	0
because he has no other means of making his chorus speak.  13	1
although in the detail of historical development it started at a different point from the modern	0
163 164 THUCYDIDES MYTHI- TORICUS but it was not the same kind of phase. 165 The Greek drama, while it	1
Thucydides is not moralizing, or actuated by malignity.	0
136 He really saw an agency called Fortune at work; for he had no general conception of natural law to exclude such an agency. 137. 138. 1	1
if the Peloponnesians had been more energetic	0
3. If they had been willing to take the risk. 4. Thucydides,	1
But this was the exception and not the rule; hence the position we take, that mining in Socorro county dates from the close of 1882.	0
1885, however, has been a disastrous year for the mines. 1885, however, has been a disastrous year for the mines. 1885, however, has been a disastrous year for the mines. 1885, however, has been	1
if sought before the disease has made too much progress	0
but where the patient has been long confined to bed, and the disease has become chronic.  1	1
Thus Albuquerque Academy was opened in the fall of 1879, with a principal and one assistant.	0
1885. 237. The result has been that the school has rapidly increased in numbers and importance. 1885. 238. The present number of pupils is over two hundred. 1885. 239. The school is now in a flourishing condition, and is regarded as one of the best in the Territory. 1	1
so that it is not likely that it will ever pay again to work these deposits for turquoise	0
103 104 Aztlan. 105 and the value of the turquoise is correspondingly diminished. 106 The passage is written in a descriptive, informative	1
but this is not certain, and indeed the exact interpretation of this part of the curve is especially difficult	0
154 it is not impossible that the ventricle may remain contracted for a short time after the contents have been expelled. 155. The ventricle, then, is emptied	1
In speaking therefore of the work which can be done by a muscle, we may use as a standard a cubic unit of bulk, or, the specific gravity of the muscle being the same, a unit of weight.	0
1. It follows that the work done by a muscle depends upon the size of the muscle. 2. It follows that the work done by a muscle depends upon the size of the muscle. 3. It follows that the work done by a muscle depends upon the size of the muscle. 4. It follows that the work done by a muscle depends upon the size of the muscle.	1
for it is stated to have been observed when the whole length of the nerve including the superior cervical ganglion had been removed	0
but rather to the action of the blood-vessels themselves, which have become more sensitive to external influences.  27	1
so that a considerable portion of the whole blood ebbs and flows, so to speak, according to circumstances from skin to viscera and from viscera to skin	0
1. The blood is thus kept at a more constant temperature than would otherwise be the case. 2. The blood is thus kept at a more constant temperature than would otherwise be the case. 3. The blood is thus kept at a more constant temperature than would otherwise be the case	1
There are reasons however for thinking that these muscle currents have no such fundamental origin, that they are in fact of surface and indeed of artificial origin.	0
1. It is not necessary to suppose that the muscle is made up of such particles, but it is convenient to do so, and the theory is useful in explaining the phenomena of contraction. 2. It is not necessary to suppose that the muscle is made up of such particles, but it is	1
though there can be little doubt that the latter is dependent on the former	0
1. It is probable that the physical electrotonic current is not always present, even when the physiological electrotonic current is. 2. It is probable that the physical electrotonic current	1
if the interrupted current we get a tetanus	0
124. If the muscle is already contracted, the effect of the stimulus is to increase the	1
The real cause of the flow is the ventricular stroke, and this is sufficient to drive the blood from the left ventricle to the right auricle, even when every muscle of the body is at rest and breathing is for a while stopped, when therefore all the helps we are speaking of are wanting.	0
1. The real cause of the circulation is the pressure of the blood upon the walls of the arteries. 2. The real cause of the circulation is the pressure of the blood upon the walls of the arteries. 3. The real cause of the circulation is the pressure of the blood upon the walls of the arteries. 4. The real cause of the circulation is the pressure of the blood upon the walls of the arteries. 5. The real cause of the circulation is the pressure of the blood upon the walls of the arteries. 6. The real cause of the circulation is the	1
so that eventually every revelation made in Greek came with wings	0
and the world was taught by them.  Wright, Ancient Cities From the Dawn to the Daylight (1886) 134.  Wright, Ancient Cities From the Dawn to	1
for the seeing eye, the hearing ear, are the foundation of greatness	0
1000 years before the Christian era.  Wright, William Burnet (1886). Ancient Cities From the Dawn to the Daylight. New York: Charles Scribner's	1
This year is taken because it is the first in which the report of the selectmen is found to have been printed.	0
4 The increase in the number of paupers is due to the fact that the poor have been driven out of their homes by the high rents. 5 The increase in the number of paupers is also due to the fact that the poor have been driven out of their homes by the high	1
They have, however, been paid for by credits upon the account between the town and the State almshouse, and have cost the town less there than they would have cost here.	0
256 We do not mean to say that the town is not entitled to receive them back.	1
Therefore the said third part was ordered to be taken into the King's hand, and they were to be summoned to be there at the next court, to wit, on Tuesday next after Michaelmas.	0
14	1
However, probably owing to the lack of means, they failed to furnish the "Tomes," and ten years later they are presented again in consequence.	0
1 replye. [missing sentence revising an implied expectation] The parish clerk was also in trouble for not having the necessary books. 1 replye. [missing sentence revising an implied expectation] 1 replye. [missing sentence revising an implied expectation] 1 replye. [missing sentence revising an implied expectation] 1 replye. [missing sentence revising an	1
But calm your fears, little creature, I will keep you from all harm.	0
104 Rabbit I can't help it, King. I'm so frightened. [p. 105] King I know, gentle Rabbit. [p. 105]	1
if the farmer came along and found you and Robin eating worms and grasshoppers	0
If you are not too lazy to work.  139	1
though Moynihan has made a correct diagnosis of pancreatic calculus	0
100 cases of gall-stones have been reported to be associated with cancer of the gall-bladder. 100 cases of gall-stones have been reported to be associated with cancer of	1
These dogs, therefore, having tachycardia, temperature curve, loss in weight and muscular strength, an increased appetite and thirst, gave a good picture of Graves' disease.	0
1. It is probable that the thyroid gland is the seat of the disturbance in Graves' disease. 2. The condition of the thyroid gland is probably the cause of the other symptoms. 3. The condition of the thyroid gland is probably the cause of the other symptoms. 4. The condition of the thyroid gland is probably the cause of the other symptoms. 5. The condition of	1
Yet this man brought to the world the best message ever brought to the world since Bethlehem, of love and hope and reverence for God and man.	0
1822, he had been made a baronet, and was living in a house of his own, at the head of a family, and surrounded by friends. 1822, he had been made a baronet, and was living in a house of his own, at	1
but I cannot help thinking that, on that occasion at least, the carnal mind comprehended the things that be of the spirit	0
1822, when he wrote his poem, "Tam o' Shanter," he had not seen the dance. 1822, when he wrote his poem, "Tam o' Shanter," he had not seen the dance. 1822, when he wrote	1
unless he have in his native language a fit instrument	0
100 years ago, when the world was still young, and the human race was still in its infancy. 100 years ago, when the world was still young, and the human	1
And therefore under the statute a man cannot be compelled to contribute to the maintenance of his wife's mother, or his wife's child by a former husband, or her illegitimate child-after the wife's death, or after such child has attained the age of sixteen; or of his son's wife or widow; or of his own brother, a brother not being mentioned in the statute.	0
It follows that the Act does not apply to cases where the father has never acknowledged his child, or where the mother has never acknowledged her husband.  This is a very important point.  It is also a very common case.  In such cases the father and mother are not bound to support their children.  The children have no legal claim upon them.  They can only obtain support by voluntary agreement.  If they cannot get it, they must go to the parish.  If the parish refuse to take them, they must go to the county.  If the county refuse to take them, they must go to the Poor Law Board.  If the Poor Law Board refuse to take them	1
But what about the large numbers who are thus left unemployed?	0
1. It is not a question of whether the employer can afford to pay a certain sum, but whether he can afford to employ a girl at all. 2. It is not a question of	1
for example, it will appear black or a brownish-black under an ordinary mercury arc	0
1. the red rays are more intense under daylight than under tungsten light; 2. the blue rays are more intense under tungsten light than under daylight.  9	1
However, in many cases it is necessary to have a certain illumination intensity on the floor or on an imaginary plane somewhat above it.	0
254 By choosing the proper lighting equipment the desired general effect may be obtained and by computation the required luminous output of each unit may be determined.  260	1
however, this is a handicap in lighting which could be removed by considering lighting and decoration jointly	0
it is not necessary to change the decorations.  139	1
Consistently therefore it is appropriately the flag of surrender and of truce.	0
1. It is the color of mourning and sorrow. 2. It is the color of death. 3. It is the color of night. 4. It is the color of darkness. 5. It is the color of despair. 6. It is the color of glo	1
unless such a classification be applied to the distribution of light as a whole	0
Cove-lighting in which the light-sources are concealed behind a projecting moulding or cornice would be correctly classified as indirect lighting and there appears to be no reason why the direct-indirect terminology could not be applied to the distribution of light by the lighting system as a whole as determined at any point	1
although simple combinations of accessories and of multiple circuits are sources of this most appealing feature of lighting	0
100 per cent. of the time. 100 per cent. of the time. 100 per cent. of the time. 100 per cent. of	1
so far as the visual sense is concerned, consists of more than an arrangement or sequence of varied colors and brightnesses	0
will be appreciated without the aid of these two kinds of sensations.  1	1
These become negligible because they contain but a small portion of the original incident light.	0
1. The cause of this is that the light which is reflected at the first surface is partially transmitted through the glass and is then reflected at the second surface. 2. The cause of this is	1
although more than one candidate may be voted for if the majority agrees to it	0
but in the republican convention each delegate casts his own vote. 430. Platform. The platform is adopted by the convention. It is a statement of the principles which the party stands for,	1
if the decision had been left to the four states above named	0
12,939 less than he received. 12,939 less than he received. 12,939 less than he received. 12,9	1
Because sugar dissolves readily, small quantities of it are easily digested; but if more than a little is taken at once, some of it is likely to ferment in the stomach, causing distress, and interfering with the digestion of other foods.	0
1. It is a food which is easily digested and assimilated. 2. It is a food which is easily digested and assimilated. 3. It is a food which is easily digested and assimilated. 4. It is a food which is easily digested and assimilated. 5. It is a food which is easily digested and assimilated.	1
So much juice must mean that the apple is full of water.	0
1. It is the starch which makes the apple hard. 2. If you have not done so, try it now. 3. It is the starch which makes the apple hard.	1
for he will not be kept well who eateth his bread as dough	0
223. Remember thy bread and bake it well, for it is the staff of life. 224. Yeast is a living organism, and must be treated as such	1
Hence the gossypol remains in the press cake.	0
1. It is evident that the gossypol is extracted from the glands by the oil during the process of grinding and heating. 2. It is evident that the gossypol is	1
for the latter substance forms an addition compound under similar conditions.)	0
1. This is due to the fact that the fluoride is more stable than the chloride. 2. This is due to the fact that the fluoride is less stable than the chloride. 3	1
if the usual method of powdering the substance and heating it slowly is employed	0
4,5-Diiodophthalanil is not soluble in alcohol, ether, chloroform, benzene, carbon disulphide, or glacial acetic acid. 4	1
however, there can be no question that true equilibrium was established, since it was approached several times from higher as well as from lower temperatures with identical results	0
100 per cent. conversion of the carbon monoxide into carbon dioxide was not attained. 100 per cent. conversion of the carbon monoxide into carbon dioxide was not attained. 100 per cent. conversion of the carbon monoxide into carbon dioxide was not attained	1
even though the time allowed for the attainment of equilibrium was 3 months	0
1.50 and 0.30 molal. 1.50 and 0.30 molal. 1.50 and 0.30 molal	1
The fused nitrate, however, has the disadvantage of causing explosions.	0
3,4-Diiodophthalic anhydride is not expected to give any silver halide with the silver nitrate reagent. 4,5-Diiodophthalic	1
so that the experimenter will gain but little who disregards the variation from the law in endeavoring to get the absolute minimum of leakage	0
1500, and the value of the constant of proportionality is 0.000000000000000000000000000000000000000000	1
Because of the extreme dilution this should cause no appreciable error.	0
2. Preparation of Solutions and Procedure of the Measurements. The conductivity water was prepared as described by Derick and Kamm." The solutions were prepared on the basis of one equivalent to 100	1
so their feet are adapted for perching, their wings less strong for continued flight	0
they are not so easily caught.  13	1
We therefore effected an early start, a very fortunate occurrence; for in the afternoon a combination of four blow-outs and a worn-out pump delayed our arrival in Claremont until late in the evening.	0
1. It is evident that the plants are dependent upon the moisture brought to them by the winds. 2. The plants are dependent upon the moisture brought to them by the winds. 3. It is evident that the plants are dependent upon the moisture brought to them by the winds. 4. It is evident that the plants are dependent upon the moisture brought to them by the winds.	1
There should be, however, a definite understanding among the believers in nature-study as to just what they consider essential in the nature-study course and then see to it that it is enforced.	0
1. It is not expected that the teacher will be able to give the children a complete course in botany, zoology, or geology. 2. It is not expected that the teacher will be able to give the children a complete course in botany, zoology, or geology. 3. It is not expected that the teacher will be able to give the children a complete	1
in order to ensure the enforcement of the laws and regulations for the protection of the employed	0
158. The High Contracting Parties are convinced that the establishment of such a system of inspection is essential to the maintenance of the principles laid down in the preceding articles. 159. They are also convinced that the participation of women in the work of inspection is desirable, not only because	1
If, however, within the period mentioned, Hungary fails to discharge her obligations, any balance remaining unpaid may, within the discretion of the Commission, be postponed for settlement in subsequent years or may be handled otherwise in such manner as the Allied and Associated Governments acting in accordance with the procedure laid down in this Part of the present Treaty shall determine.	0
163. The Commission shall be entitled to revise its decision as to the proportion of the debt to be borne by Hungary, if it finds that the financial situation of Germany and her allies has materially changed. [missing sentence revising an implied expectation] ARTICLE 164. 165. The Commission shall be entitled to revise its decision as to the proportion of the debt to be borne by Hungary, if it finds that the financial situation of Germany and her allies has materially changed. [missing sentence revising an implied expectation] ARTICLE 164. 165. The Commission shall be entitled to revise its decision as to the proportion of the debt to be borne by	1
Consequently all military schools not required for this purpose shall be abolished.	0
1. The number of students admitted to attend the courses in military schools shall be strictly in proportion to the vacancies to be filled in the cadres of officers. 2. The students and the cad	1
if concurred in by the Representatives of those Members of the League represented on the Council and of a majority of the other Members of the League	0
provided that the Representatives of the parties to the dispute are not present at the time when the vote is taken. 15. The Council may in any case under this Article refer the dispute to the Assembly. The dispute shall be so referred at the request of either party to the dispute, provided that	1
Such institutions, therefore, are part of the order established by the Founder of the kingdom of heaven.	0
1. They are the means by which God works out His purposes in the world. 2. They are the instruments by which He accomplishes His ends. 3. They are the agencies through which He carries on His work. 4. They are the channels through which He pours out His	1
But these instructions to slaves do not stand alone.	0
1. It is not to be supposed that the apostle meant to say that the bond-servant was to obey his master because he was a man, and therefore to be respected. 2	1
Hence it is that justification comes to faith, since it is by trustful confidence that we accept the promise of God, and consciously make it our own.	0
16; Rom. 5: 1; 3: 27, 28). It is not by performance of some ceremonial, nor by perfect obedience to moral requirements, that we can hope to purchase redemption. It must be received by us as a free gift. Instrumentally	1
But, above all, the consciousness of the presence of the Lord with me will carry me through my work in the Assembly.	0
19th-Encouraged in prospect of the Assembly by reading in Gibbon (ch. 70) how the consciousness of power can elevate the manner of a man to the station, imparting a dignity even where it was unknown before; Rienzi, Cromwell, etc.	1
for in Luke v. 16 it is written that He was in the habit of thus withdrawing : αὐτὸς δὲ ἦν ὑποχωρῶν ἐν ταῖς ἐρήμοις, καὶ προσευχόμενος	0
1. because it is so easy to be carried away by the excitement of city life; 2. because it is so easy to be distracted by the cares of business; 3. because it is so easy to be diverted by the attractions of society. 1. because it is so easy	1
But once or twice a week I could spell some one down and get up head of the class.	0
153 I thought I would go home and see my mother and father and see if they were well.  1	1
but he was full of whiskey every time he did this	0
but I did not expect him to kill me.  145	1
The cause of this fracas was the colored boy had gone in swimming and the white boy hid his clothes while he was in there.	0
He had been whipped and beaten and kicked and cursed and called names and all sorts of other things.	1
But if the oil raises a riot, if it arouse trouble and resentment, let us give something pleasanter.	0
1. It is not necessary to give it in large quantities, nor to give it every day. 2. It is not necessary to give it in large quantities, nor to give it every day	1
for the reason that he is working for a living and not getting it	0
126 THE PHYSIOLOGICAL ELECTROTONUS. [missing clause acknowledging a countervailing fact] but it is certain that the physical electrotonic current is not always accompanied by a physiological electrotonus. 127. The electrotonic current is not confined to the nerves. It has been observed in the blood-vessels, and in the muscles. In the former case it is probably due to the escape of the polarizing current through the walls of the vessels	1
The effect and the result increased his confidence in alcoholic stimulation.	0
1. It is not surprising that he should have been cured. 2. It is not surprising that he should have been cured. 3. It is not surprising that he should have been cured	1
but it has to be made so extremely long in order to obtain sufficient capacity that it is not a practical antenna for long wave or long distance work	0
but it is not so good as a horizontal wire when the latter is used in conjunction with a vertical one.  16	1
but it has to be made so extremely long in order to obtain sufficient capacity that it is not a practical antenna for long wave or long distance work	0
but it is not so good as a horizontal wire when the latter is used in conjunction with a vertical one.  16	1
In the storage battery, however, the necessary chemical conditions of the plates is restored by the action of a current of electricity from some outer source, usually from a dynamo.	0
1. It is not necessary to replace the zinc electrode, as it is continually being replaced by the chemical action. 2. The active material is not consumed, but is merely changed from one form to another. 3. The cell is not renewed, but is merely recharged. 4. The cell is not discharged, but is merely charged. 5. The cell is not used	1
for on it depends the success of a broadcasting station	0
because the sound waves from the speaker must travel through the air to the microphone, and then through the air again to the ear of the listener. 1. Because the sound waves from the speaker must	1
although more energy is sent in the parallel direction of the horizontal wires, than at right angles	0
but the energy is spread over a wider area. 136 The V antenna has a greater directional effect than the T, but the energy is spread over a wider area. 13	1
if the battery is in one	0
1.85 times the number of cells in series. 2. The	1
Heat has an effect upon this process.	0
1. When an atom gives off an electron, it becomes positively charged. 2. When an atom receives an electron, it becomes negatively charged. 3. If an atom gives off an electron	1
so that the total number between filament and plate remains constant at a given temperature	0
and thus the current remains constant. 136. The space charge effect is a very important factor in determining the characteristics of the vacuum tube. 137. The space charge effect is	1
For this purpose a test buzzer is usually fitted to a crystal receiver.	0
100 per cent. efficiency cannot be obtained with a crystal detector. 100 per cent. efficiency cannot be obtained with a crystal detector. 100 per cent. efficiency cannot	1
Krigar's cupola can, therefore, be recommended not only for foundries, but also for Bessemer works.	0
125,000 tons of pig-iron are produced in the United States annually, and the number of furnaces is increasing yearly. 125,000 tons of pig-iron are produced in the United States annually, and the number of furnaces is increasing yearly	1
if due regard is taken to economy and good quality in casting	0
1. The fuel must be dry, and the air free from moisture. 2. The fuel must be of a proper size, and the air properly supplied. 3. The blast must be	1
Yet there are signs, even among the uncivilized, that polygamy is passing away.	0
1. The old system, with its ban upon Evolution, still survives in modern Europe. 2. The old system, with its ban upon Evolution, still survives in modern Europe. 3. The old system, with its ban upon Evolution, still survives in modern Europe. 4. The	1
Yet there are signs, even among the uncivilized, that polygamy is passing away.	0
1. The old system, with its ban upon Evolution, still survives in modern Europe. 2. The old system, with its ban upon Evolution, still survives in modern Europe, and will probably continue to do so for many generations. 3. The old system, with its ban upon Evolution	1
although reconstructions of the cosmos in the light of Evolution are the chief feature of the science of our time, in almost no case does even a hint of the true scientific stand-point appear to be perceived	0
But it is not altogether without foundation.  It is true that the theory of evolution is not yet complete.  It is true that there are many things which it does not explain.  It is true that it is not yet possible to reconstruct the ultimate.  It is true that the reconstruction which has been made is not altogether satisfactory.  It is true that the theory of evolution is not yet	1
but, perhaps because the author of the theory himself but dimly apprehended the complement of his thesis, few seem to have perceived that anything was amiss	0
162 162 THE ASCENT OF MAN if they had not been so eager to make it the foundation of a system of ethics. 163 163 THE ASCENT OF MAN 164 164 THE ASCENT OF MAN 165	1
The dormouse thus brings forth its young in August, when the nuts begin to ripen; and the young deer sees the light just before the first grass shoots into greenness.	0
1. Thus the date of birth of the animals in each country is fixed by the climate of that country. 2. Thus the date of birth of the animals in each country is fixed by the climate of that country. 3. Thus the date of birth of the animals in each country is	1
so unstable the equilibrium, that when slightly sick or faint, Man cannot stand at all	0
it is only in the last few centuries that he has been able to stand up at all.  132	1
for they are possibly fewer; nor their difference in shape, for that is immaterial	0
but in the fact that they are all made to serve one purpose. 136 The tenement in fact consists now of innumerable groups of cells congregated together, suites of apartments	1
Because the causes which up to this point have furthered the evolution of the Hand have begun to cease to act.	0
1. In the perfecting of the bodily organs, as of all other mechanical devices, necessity is the mother of invention. 2. In the perfecting of the bodily organs, as of all other mechanical devices, necessity is the mother of invention. 3. In the perfecting of the	1
if their standard happens to be the same	0
1. If the penalty is not too severe. 2. If the penalty is not too severe	1
in order to understand their complicated mode of growth	0
1. The fact that the larva is so much like the adult, and that it is so nearly identical with the larva of the worm, is a very strong argument in favor of the theory	1
So that while, as in these Hydroids, the zooid form may be produced by budding, yet the time comes when the individuals of one colony must mingle their reproductive elements with those of a remote colony, through the medium of the water.	0
1. The offspring of such a union will be more vigorous than either parent. 2. The species will thus be perpetuated in a healthy condition. 3. The offspring of such a union will be more vigorous than either parent, and the species will thus be perpetuated in a healthy condition. 4. The offspring of such a union will be more vigorous than either parent, and the species will thus be perpetuated in a healthy condition, and the race will not deteriorate.	1
though filled with the most anxious thoughts	0
but he knew that the chances were against him.  Stanley, of course, could do nothing but wait, but he knew that the chances were against him.  He had been over the country before	1
Because a daily thickening barrier of silence has crept between us during that time, and this silence is so dense that in vain we yearn to pierce it.	0
150 years have passed since then, and yet I am still here. 150 years! 150 years! 150 years! 150 years! 150 years! 150 years! 150 years! 1	1
Accordingly, next morning, he mustered two hundred and eighty men with fifty muskets, and two hundred spearmen, and placed them in eighteen canoes and set out for Bumbireh, eight miles distant, and reached the island at two o'clock in the afternoon.	0
114 THE ADVENTURES OF STANLEY IN AFRICA. [The natives of Bumbireh were evidently expecting trouble, for they felt sure the attack on the friends of Stanley the day before would be quickly avenged.] 115. The next morning, the 17th of February, Stanley started with his men for Bumbireh. 116. He had only gone a short distance when he met a large number of natives, who	1
but are well kept and very beautiful	0
but they are very beautiful. 128 The Memorial Gardens are very beautiful. 128 They are very beautiful. 1	1
because there was a strike among the deck hands, and the cargo could not be unloaded	0
1000 men had struck the steamship line. 1000 men had struck the steamship line. 1000 men had struck the steamship line. 1	1
The brute, however, developed a surprising speed and endurance, so I settled down to enjoy the ride.	0
154 "I suppose you are going to the station?" I said. [missing sentence revising an implied expectation] "Yes," he replied. [missing sentence revising an implied expectation]	1
So my memories of Madras will be roads, dripping trees, and long stretches of stuccoed garden walls of a uniform discolored and mouldy yellow, all seen from the front seat of a gharry.	0
100 miles away, and the road was bad. 100 miles away, and the road was bad. 100 miles away, and the road was bad. 100 miles away, and the road was bad. 100 miles away, and the road was bad. 100 miles away, and the road was bad. 10	1
if they have no eyes	0
but if they have eyes painted on the stern, they will see.  [etc.]  [	1
though it is only a hundred miles long	0
but the canal is so narrow that the ships have to be towed through. 134 The passage is written in a descriptive, first-person narrative style. The author is recounting her	1
so that all its problems are somewhere solved, all its darkest mysteries are known to the supreme Self	0
and therefore, since it includes us, it is at the very least a person, and more definitely conscious than we are; for what it possesses is self-reflecting knowledge, and what is knowledge	1
although the true Vernunft-Allgemeinheit has not been fully reached	0
1. But it is not yet so that the individual is contained in the universal. 2	1
But suppose I resist the evil impulse, hate it, hold it down, overcome it, then, in this moment of hating and condemning it I make it a part of my larger moral goodness.	0
1. The justification of the existence of my evil impulse comes just at the instant when I hate and condemn it. 2. The justification of the existence of my evil impulse comes just at the instant when I hate and condemn it. 3. The justification of the existence of my evil impulse comes just at the instant when I hate and condemn it. 4. The justification of the existence of	1
The purpose of the law is to protect the life of the person so employed, and this protection continues so long as he is engaged in a service necessary and proper to that employment."	0
2. The reason why the court thus construed the statute was because it was desirable to encourage citizens to assist in the arrest of deserters. 3. The court also held that the statute did not apply to the killing of a person who was not engaged in arresting deserters, but who was only a spectator of such arrest. 4. The court held that the statute did not apply to the	1
If, therefore, the government of the United States, through its legislative department, considers the presence of foreigners of a different race in this country, who will not assimilate with us, to be dangerous to its peace and security, their exclusion is not to be stayed because at the time there are no actual hostilities with the nation of which the foreigners are subjects.	0
2. It follows that the President, in the exercise of his constitutional power to call forth the militia, may order the arrest of any person who, in his judgment, is guilty of treason, or of any other crime or misdemeanor, against the United States, and may cause him to be brought before a military commission for trial. 3. The President, in the exercise of his constitutional power to call forth the militia, may order the arrest of any person who, in his judgment, is guilty of treason, or of any other crime or misdemeanor, against the United States, and may cause him to be brought before a military commission for trial. 4. The President, in the exercise of	1
But the serious aspect of the present decision is that, by a new interpretation of the constitution, it so ties the hands of the legislative branch of the government, that without an amendment of that instrument, or unless this court, at some future time, should return to the old theory of the constitution, congress cannot subject to taxation-however great the needs or pressing the necessities of the government-either the invested personal property of the country, bonds, stocks, and investments of all kinds, or the income arising from the renting of real estate or from the yield of personal property, except by the grossly unequal and unjust rule of apportionment among the states.	0
105. It is not necessary, therefore, to assume that the framers of the constitution intended to place the burden of supporting the government upon the shoulders of the few who are able to pay, rather than upon the many who are compelled to pay. 106. The constitution does not require that the income tax shall be apportioned among the states on the basis of numbers. 107. The constitution does not require that the income tax shall be apportioned at all. 108. The constitution does not require that the income tax shall be uniform throughout the United States. 109. The constitution does not require that the income tax shall be imposed only upon incomes derived from property. 110. The constitution does not require that the income tax shall be imposed only upon incomes derived from real estate. 111. The constitution does not require that the income tax shall be imposed only upon incomes derived from personal property. 112. The constitution does not require that the income tax shall be imposed only upon incomes derived from business. 113. The constitution does not require that the income tax shall be imposed only	1
so that the living donors would have witnessed the disappointment of their hopes, the perfidy of the transaction would have been universally acknowledged	0
1256. The rights of the students would have been destroyed, and the trustees would have been left without any rights whatever. 1257. The trustees, therefore, are entitled to the rights of the donors, and to the rights of the students. 1258	1
although both its language and spirit embrace commerce by land as well	0
but commerce by land, although not less important, was not less obvious. 13 Pet. 645. 13 Pet. 645. 13 Pet	1
They were failures because they did not take account of what was going on around them, of having an association which should dominate over all in the interest of all.	0
150 years ago, when the first cotton mills were started, they were thought to be a great improvement on the old system of hand labour; but now we know that the old system was better than the new. [missing sentence describing a cause or reason] We are in no sense Utop	1
because owners of capital have found that under comfortable conditions more is got from the labor, and therefore they do it	0
150,000 persons are employed in the cotton industry, and the number is increasing. (Hear, hear.) 150,000 persons are employed in the	1
But do you suppose that even those who hold building allotments are going to be dispossessed or injured?	0
1 suppose they get a full return for all the labor which they do, they would get in each year three or four times the amount of their building allotment. 1. 1.	1
but nevertheless the rights of parents to bring up their children in ignorance were interfered with by Parliament, and were put a stop to as far as they then could go	0
1. That the State should interfere with the education of the people. 2. That the State should interfere with the health of the people. 3. That the State should interfere with the morals	1
Therefore I say what we look to is a thoroughly organised SOCIALISM.	0
1. It will be a great advance in civilisation. 2. It will be a great advance in human happiness. 3. It will be a great advance in human progress. 4	1
if all things are owned by everybody	0
Nobody can buy anything. (Laughter.) 120 Henry Hy	1
although God forbid it should come by force, I trust will come with the organised education of all	0
1688, was not. (Laughter.) 1688 was not. (Laughter.) 1688 was not. (Laughter.) 168	1
The practical modus operandi, therefore, would be about as follows: The patient suffering from malignant disease is irradiated without first submitting to tentative exposures.	0
2. The dose of radiation must be sufficiently large to produce the desired effect. 3. The duration of the treatment must be long enough to secure the desired result. 4. The number of treatments must be sufficient to accomplish the desired end. 5. The frequency of the treatments must be	1
but it could not have found fault with the continuation of the treatment after slight reaction had shown itself	0
1. that the patient should be informed of the probable results of the treatment, and 2. that the patient should be warned against the use of cosmetics. 1. that the patient should be	1
But when repeated exposures of ten minutes' time are necessary, the question of susceptibility, as well as of ordinary cumulative irritation, should be considered, and therefore the intervals between the exposures should be made long-a week on an average.	0
1. It is not necessary to expose the patient to the rays for a long time, as the exposure can be interrupted at any moment. 2. It is not necessary to expose the patient to the rays for a long time, as the exposure can be stopped at any moment. 3. It is not necessary to expose the patient to the rays for a long time, as the exposure can	1
but with no great success	0
120. The agents of the New England colonies were engaged in endeavours to counteract the influence of the French among the cantons, and to	1
although a truce existed at the time	0
120 of the Iroquois were captured and sent to Quebec. 120 of the Iroquois were captured and sent	1
but with no great success	0
185. In the meantime, the agents of the New England colonies were engaged in endeavours to counteract the influence of the French among the cant	1
although a truce existed at the time	0
1658 was also a year of great success in the fur trade. 1200 beaver skins were exported from Quebec. 1200 beaver skins were exported from	1
for concealment, into the recesses of the neighbouring forests, and then to dispatch their able-bodied men to the defence of the city	0
1024 and to take refuge in the fort. 1025 The cause was the approach of the English fleet under Sir William Phips, which had been cruising off the coast of Nova Scotia, and was now making its way up the St. Lawrence. 102	1
Such, however, is not the case, as the capture of Quebec depends on a coup-de-main.	0
124 But the enemy is not to be despised; and the colony is still too weak to resist him. 125. The French fleet, under the command of M. de Tourville, had been cruising off the coast of Newfoundland, and had been engaged in destroying the English	1
The peace thus established was not of long duration.	0
The Iroquois, who had hitherto been the most formidable enemies of the French, were now brought into the same alliance as the Hurons and the Algonquins.  6	1
The same cause led that Governor to project the establishment of a fort and military station at Cataracoui (Kingston), which was afterwards built by his successor, and called Fort Frontenac.	0
1696, the year of the expedition, was a period of great prosperity for the Iroquois. 1696, the year of the expedition, was a period of great prosperity for the Iroquois. 1696, the year of the expedition, was a period of great prosperity for the Iroquois. 1696,	1
for they set out with rods and baskets, to find some accessible silent nook or recess free enough of limbs and brush wherein to cast the fly	0
they would have been sure to take advantage of it.  133	1
So, to compromise himself only partially, he tacked on what we supposed was a slit of bacon with a new glaring red-fly.	0
He must have a worm.  But what worm?  A live one, of course.  And where should he find one?  In the river, of course.  But how?  By hand, of course.  And how should he get his hand into the water?  By	1
They are, however, distinct from all the true turns in that they consist of a mere push, stop, and pull back of the tracing foot, and are made without any change of front of the body.	0
126. The skater must not expect to be able to execute them with any degree of success until he has mastered the Rocker and Counter. 127. The Beak is executed in the same manner as the Rocker, except that the toe of the skate is turned outwards instead of inwards. 128. The Counter Beak is executed in the same manner as the Counter, except that the toe of the skate is turned outwards instead of inwards	1
because the second curve of outside or inside edge follows directly from the first edge; and the two curves are joined at the point of the turn without the intervention of a bit of curve in the contrary direction	0
52 because it is more easily executed. 53 The changed curve turn is the best for practice, as it is easier to learn. 54 It is also the best for beginners, as it is less likely to be made incorrectly. 55 The beginner should not attempt to skate the non-changed curve turn until he can skate the changed curve turn perfectly. 56 The	1
Theoretically therefore the free leg should pass the tracing leg half-way through the curve; in practice, however, it is better to keep it behind in forward curves for longer than half-way, and in back curves to bring it behind before half-way.	0
2. The skater will not be able to maintain his balance if he makes the change suddenly. 3. The curve will be more graceful and pleasing if the change is made gradually. 4. The curve will be more difficult to execute if the change is made gradually. 5. The curve will be more difficult to execute if the change is made suddenly. 6. The curve will be more difficult to execute if the change is made at all. 7. The curve will be	1
but no by-law may appoint a penalty exceeding £5 for any one offence, and no county by-law has any force within a municipal borough	0
2. But it is not necessary that the by-law should be submitted to the Secretary of State for approval, if it is made by a county council which has been appointed under the Local Government Act, 1888. 3. The power of making by-laws is not given to	1
so that Gaol Sessions are no longer necessary	0
and the old system of Quarter Sessions is now practically obsolete.  1	1
for the county rate may also be framed upon it	0
153. The clerk of the peace is required to send a copy of the valuation list to the county council, and to the secretary of the Board of Trade, for the purpose of enabling them	1
Consequently, central government, when it came, had to reckon with local government as an established fact, and has had to do so ever since.	0
It is only by such a process that a nation can be formed out of a number of separate communities.  133	1
for the county rate may also be framed upon it	0
163. The clerk of the peace is required to send a copy of the valuation list to the county council, and to the secretary of the Board of Trade, for the purpose of enabling them	1
but prosecutors and prisoners have no longer the right to insist on a trial beſore a judge of assize of offences triable at Quarter Sessions	0
1. That is, except such as are specially reserved for the assizes. 2. The Justices have no power to try any case which is not indictable. 3. The Justices have no power to try any case which is not indictable, except such as are specially reserved	1
One result of the restrictions is that municipal property is often let much under its real value.	0
1835 was a year of great change in the law of leases. 1894-	1
however, that they shall be furnished as often as a new lodger occupies the bed	0
Provided, however, that where the number of lodgers is so great as to make it impracticable to furnish clean sheets and pillow cases for each bed at least once a week, the proprietor may furnish clean sheets and pillow cases for each bed at least once a month. 1923	1
It follows that payments made out of the city treasury under such circumstances are unlawful.	0
2. It follows that the municipality may not construct or alter such a system without the authority of the State Board of Health. 3. The construction or alteration of such a system without the authority of the State Board of Health is illegal. 4. The construction or alteration of such a system without	1
But no rule of the state board or of any public board or officer shall at any time compel the vaccination of a child, or shall exclude, except during epidemics of smallpox and when approved by the local board of education, a child from the public schools, for the reason that such child has not been vaccinated.	0
7. The furnishing of antitoxin and serum. [missing sentence revising an implied expectation] No person shall be required to receive antitoxin or serum against his will, except in case of emergency. 8. The furnishing of vaccine matter; the assembling, during epidemics of smallpox, with other persons not vaccinated. [missing sentence revising an implied expectation] Any person thus required to be vaccinated may select for said purpose any licensed physician, and no rule shall require the vaccination of any child whose physician shall certify that by reason of his physical condition vaccination would	1
if an infected person cannot be removed without danger to his or her health	0
Provided, however, that no person shall be removed from his home without his consent, unless he is unable to give it. 136. 137. 138	1
It is called thus because it is supposed to be 9 miles from Santa Clara Pueblo, or from the Rio Grande.	0
14:47. [14:47] (1) Santa Clara Pujepopi 'springat [14:46]' (Puje, see [14	1
unless we remember that nearly fivesixths of the 18,500,000 tons of ore passes us by to enrich other cities	0
chiefly because the front door of Cleveland is practically closed to lake transportation and to the wealth of the great Northwest. "The large lake fleets of Rockefeller, Carnegie, M. A. Hanna & Co.,	1
But the wheezy, worn-out engine and our efforts failed us, and we slept that night miles away from Adrian; of course the committee and audience of twelve hundred persons were disgusted; we lost the fee, fifty dollars, and the seventy-five dollar railway ride.	0
1234567891011121314151617181920212223242526272829303132333435363738394041424344454647484950515253545	1
so I took rooms at a hotel	0
we were glad to be out of the rain.  [53]  [54]	1
Thus a total of seventy-two modern vessels at the same time could load or unload their cargoes.	0
1600 feet of dock space is thus saved, and the workmen are protected from the weather. 1600 feet of dock space is thus saved, and the workmen are	1
Yet, save for that one reproach, it persisted.	0
1343, the year of his marriage, was the year of his death. 1343, the year of his marriage, was the year of his death. 13	1
if they believed themselves damned	0
if they were condemned to eternal fire. 123 123 Fénelon,	1
however, throughout Europe generally and in certain sections of America, quietism found adherents	0
1548, as its author. 1548 was the year of the death of St. Ignatius Loyola. 1548 was the year of the death of St. Ignatius Loyola. 1548 was the year of the death	1
for she had loved much	0
but his forgiveness was not unearned. 134 The sins of Mary Magdalen were many. He forgave them, but his forgiveness was not unearned. 134	1
As a result the delinquent was rare.	0
She was shunned by all.  14	1
Because of his iambics, he has a niche in the hearts of the polite.	0
100 years after his death, Horace was still being imitated. [missing sentence describing a cause or reason] Versatile in love and in verse, his inconstancy and his art	1
so, if, after leaving New Friendship, you went a little to the right or a little to the left, you would get lost also	0
100 years hence, when the world has become more civilized, and the people more intelligent, the number of lovers who will reach Tenderness-on-Gratitude will be smaller than now. 100 years ago, when the world was less civilized, and the people less intelligent,	1
though the perfection persisted, the stamp of divinity ceased	0
but she was also worshipped as the mother of Eros. 134 134 The Greek word is "agathosdikos," which means "good judge."	1
Since the convocation of the Estates General in 1789, political life in France had rapidly developed.	0
1. The most important of these clubs were the Jacobins, the Feuillants, and the Cordeliers. 2. The Jacobins, the largest and most influential of all,	1
The sovereign endeavored to replace the old and outworn judicial system with one more suited to contemporary conditions.	0
1. The Emperor Francis Joseph, who ascended the throne in 1848, was a man of great ability and high ideals. 2. The Emperor Francis Joseph, who ascended	1
It has been shown that inadequate illumination is directly responsible for many industrial accidents and that proper artificial lighting is a preventative measure.	0
2. Protective lighting. - The importance of adequate lighting for the protection of persons and property cannot be overestimated. 2. Protective lighting. - The importance of adequate lighting for the protection of persons and property cannot be overestimated. 2. Protective lighting. - The importance of adequate lighting for	1
The mayor possesses the veto power over all ordinances passed by the city council.	0
26. The mayor has the power to veto any ordinance passed by the council. 27. If the mayor vetoes an ordinance, the council may reconsider it and pass it over the veto by a two-thirds vote. 28. If the mayor does not return the ordinance within ten	1
Contrary to the expectation of many at the time of its adoption, the constitution has proved itself extremely stable.	0
1. The constitution has been amended but four times. 2. It has undergone development, but it has been principally through the process of judicial interpretation and through custom. 3. Mr. Bryce	1
The book on Cambridge is largely an account of the founding and history, centuries long, of that great English University.	0
1. The History of Cambridge, by J. H. Tuker, with illustrations by W. Matheson. 2. London: Macmillan & Co., Ltd.  pp. 5. $1	1
By diluting cow's milk with water to reduce the proportion of proteids, and adding cream and milk sugar, a compound similar to the baby's natural food is produced.	0
1. The following table gives the three most commonly used formulas for modified milk. 1. The following table gives the three most commonly used formulas for modified milk. 1. The following table gives the three most commonly used formulas for modified milk. 1. The following table gives the three most	1
Briefly summarized, in a single statement: according to psychoanalysis, the unconscious is a region of the mind, the content of which is characterized by the attributes of being repressed, conative, instinctive, infantile, unreasoning, and predominantly sexual.	0
1. The unconscious is a concept which has been defined by many writers. 2. It is a term which has been used to describe a variety of phenomena. 3. It is a term which has been used to describe a variety of phenomena. 4. It is a term which has been used to describe a variety of phenomena. 5. It is a term which has been used	1
This volume is a comprehensive, philosophical resume of life reaching back to the lowly protozoa and from this basis tracing various lines of development and discussing the more important factors which have played a part in the modification of life.	0
1. The author of this book, Dr. C. E. A. Winslow, was a professor of zoology at Yale University. 2. He has written a book entitled "The Animal World," which is a popular exposition of the science of zoology. 3. It is a book for the general reader, and not for the specialist. 4. It is a book for the general reader, and not for the specialist. 5. It is a book for the	1
The authority of the Sacred Scriptures, inclusive of the epistles of apostles, is strongly asserted.	0
1. The apostle Paul, in his epistles, appeals to the miraculous character of the gospel as evidence of its divine origin. 2. He says, "For I delivered unto you first	1
The variocoupler is a form of inductively coupled receiving transformer compactly made into one unit.	0
15. The variocoupler is another form of receiving transformer. 16. It is illustrated in Fig. 37. 17. It consists of two inductance	1
Radio waves are created or generated in several ways.	0
1. The waves which are transmitted by wireless telegraphy may be either damped or undamped. 2. Damped waves are those which are produced by spark sets. 3. Und	1
The final arrangement regarding these matters of revocation and confirmation of the credit will reflect the bargaining power of buyer and seller in international trade.	0
1. The letter of credit is a document which is used in international trade to secure the payment of money. 2. It is a promise by a bank to pay a certain sum of money to a named person, or to the bearer of a bill of exchange, at a specified time.	1
the clip will not go into market quite so early as usual.	0
1875 will be a good wool year. 134  THE LAKE COUNT STAR. 1875. 135  THE LAKE COUNT STAR.	1
but seeing detectives onboard, one of them became frightened and jumped off.	0
but were caught.  ANSWER: but were caught.  (The Lake County Star, 1875)  (The Lake County Star, 1875)  (	1
It should also not be lost sight of that the Indians themselves were the pioneers in introducing Western education in this country. The Hindu College of Calcutta was established long before Macaulay penned his celebrated minute or Wood sent out his Educational Despatch to India.	0
He was the real founder of the system of Western education in India.  He was the first to introduce English into the schools of India.  He was the first to establish the system of scholarships for the promotion of higher studies.  He was the first to establish the system of examinations.  He was the first to establish the system of public instruction.  He was the first to establish the system of free education.  He was the first to establish the system of national education.  He was	1
The Indian authorities, it has been said, were afraid of educating the people of India. Even so late as 1853, some of the Anglo-Indian witnesses examined before the Select Committees on Indian affairs were not in favour of educating the natives of India, for they thought that would make them disloyal.	0
1843 was a year of great activity in the educational field. The Government had now become convinced that the education of the people was a matter of national importance. 1843 was a year of great activity in the educational field. The Government had now become convinced that the education of the people was a matter of national importance. 1843 was a year of great activity in the educational field. The Government had now become convinced that the education of the people was a matter of national importance. 1843 was a year of great activity in the educational field.	1
When one can produce accents to pass as a native in eight different cities, one has more reason to feel at home than some others who have always been at one local home.	0
When I was a little boy, I used to go to the temple with my father and mother.  (Yuen Ren Chao)  [American]  [Chinese-American].  [Linguist].  [1886-1975].  [Letters].  [1921].  [English].  [China].  [United States].	1
annexation of the Imerethians by Russia	0
1812.  insufficient information.   The passage does not provide the exact dates for	1
The ultimate reality is transferred from sensible matter to a uniform medium which is a plenum filling all space: all events occur and are propagated in this plenum, the ultimate elements of matter consisting of permanently existing vortices or other singularities of motion and strain located in the primordial medium.	0
1. The answer is that there must be some kind of medium pervading all space, through which the action takes place. 2. This medium is called the ether. 3. It is supposed to be a perfectly elastic solid, and to have a very high modulus of elasticity. 4. It is also supposed to be a perfect conductor of heat and electricity. 5. It is supposed to be capable of transmitting waves of light and heat. 6. It is supposed to be perfectly transparent. 7. It is supposed to be perfectly incompressible. 8. It	1
what seems to many the absurd suggestion of equality between the sexes,	0
The idea that women are capable of doing the same work as men.  [A. Amy Bulley, Women's Work (London: Swan Sonnenschein & Co., 189	1
Against the advantages must be set the drawbacks: the comparative break-up of home life and the habitual neglect of children. The problem is a grave one, and opinions are conflicting, but most people agree that something should be done at any rate to arrest the terrible infant mortality, which is to be found in all the centres which give widespread employment for married women.	0
It is not only beneficial but absolutely necessary for women to work outside the home. The more they do so, the better it is for them, and the better it is for their children.  The more they are able to earn, the less they will be dependent on men.  The more they are able to earn, the more they will be able to provide for their children.  The more they are able to earn, the more they will be able to help their husbands.  The more they are able to earn, the more they will be able to help themselves.  The more they are able to earn, the more they will be able to help their country.  The more they	1
Equanimity and courage and steadfast hope were characteristic of Stephens all his life through. Whoever doubted Ireland's fitness to free herself that did not he.	0
He is a man of great literary power, and his writings are full of the most vivid descriptions of Irish life and scenery.  He is a man of great courage and patriotism, and has done much to promote the cause of Ireland.  He is a man of great kindness and benevolence,	1
If we are to have National Freedom we must at least be prepared to fight. Home Rule will give us only the freedom of the convict in the prison fields, always within range of the warder's gun. The Home Rule Parliament, should it ever be established, will not be permitted to use freely the powers given to it, much less to extend them, unless it is backed by an armed and resolute nation.	0
The only hope for Ireland is Home Rule. It is the only means by which we can get rid of the English system of government.  It is the only means by which we can get rid of the English system of taxation.  It is the only means by which we can get rid of the English system of education.  It is the only means by which we can get rid of the English system of land tenure.  It is the only means by which we can get rid of the English system of law.  It is the only means by which we can get rid of the English system of religion.  It is the only means by which we can get rid of the English system of	1
Every man and woman — one might say every animal, and even some of the inanimate objects — seem to be full of life. The crowds of women in the streets, walking rapidly past, pushing and elbowing everyone who stands in the way, all intent on business or pleasure, are a sight not likely to be soon forgotten. I wonder how people can stand the noise and bustle.	0
It is a city of palaces, churches, theatres, museums, libraries, and galleries, but it is also a city of beggars, thieves, prostitutes, and drunkards.  It is a city of wealth, but it is also a city of poverty.  It is a city of luxury, but it is also a city of squalor.  It is a city of progress, but it is also a city of stagnation.  It is a city of light, but it is also a city of darkness.  It is a city of beauty, but it is also a city of ugliness.  It is a city of hope, but it is also a city of despair.  It is a city of life, but it is also a city of death	1
The crowds of women in the streets, walking rapidly past, pushing and elbowing everyone who stands in the way, all intent on business or pleasure, are a sight not likely to be soon forgotten. For me it is a sight more striking than attractive. After all, a woman's place is at home rather than in the street.	0
Woman's place is not at home, but in public.  She must be educated, and then she will be able to take her proper place in society.  She must be trained to think, to reason, to judge, and to act.  She must be taught to know what is right and what is wrong, and to do the one and avoid the other.  She must be taught to be independent, and to stand alone.  She must be taught to be self-reliant, and to depend upon herself for everything.  She must be taught to be brave, and to face danger and difficulty without flinching.  She must be taught to be kind, and to	1
It is worth while standing for a time on this bridge, viewing the enormous traffic; thousands of vehicles pass in a day. Note the skill of the Chinese scullers in navigating their heavy-laden cargo and passenger boats under the bridge. Note also the enormous variety of boats: Chinese post-boats are frequently to be seen, propelled swiftly by a man seated in the stern, who works a paddle with his foot, and steers by another under his arm.	0
The bridge is a fine structure, with a parapet of iron railings, and is approached by a flight of steps from the garden.  The view from it is very beautiful, especially when the moon is shining on the river.  The bridge is crossed by a tramway, which runs from the Bund to the Garden.  The tramway is a good one, and is worked by electricity.  It is a great convenience to visitors who wish to see the gardens without walking.  The tramway is also a great convenience to the residents of the Garden, as they can go to the Bund or other places without having to walk.  The tramway is a good one, and is worked by electricity.  It is a great convenience to visitors who wish to see the gardens without	1
The view from the bridge, looking towards the river with the handsome Russian Consulate on the left and the Gardens on the right, is very good. The greenhouses of the Public Gardens occupy the corner between the Bund and the Soochow Road—they are always well stocked with plants. Across the road are the Public Gardens, much too small, but invaluable to the Settlement.	0
The bridge is a fine structure, with a parapet of iron railings, and is approached by a flight of steps from the garden.  The view from it is very beautiful, especially when the moon is shining on the river.  The bridge is crossed by a tramway, which runs from the Bund to the Garden.  The tramway is a good one, and is worked by electricity.  It is a great convenience to visitors who wish to see the gardens without walking.  The tramway is also a great convenience to the residents of the Garden, as they can go to the Bund or other places without having to walk.  The tramway is a good one, and	1
Plasma contains an antecedent of fibrin which by chemical change is converted into fibrin.	0
1. The presence of foreign bodies, 2. The presence of poisons, 3. The presence of certain bacteria, 4. The presence of certain drugs. 5. The presence	1
In the first place, the muscle becomes acid, not so acid as in rigor mortis, but still sufficiently so, after a vigorous tetanus, to turn blue litmus distinctly red.	0
1. The glycogen is converted into sugar; 2. The sugar is oxidized; 3. The carbonic acid and water are given off. 4. The heat is evolved. 5. The muscle becomes shorter and thicker. 6. The muscle becomes firmer.	1
The curve described by a muscle on a recording surface during a simple muscular contraction may be called a curve of a simple muscular contraction or, more shortly, a "muscle-curve."	0
1. A curve which represents the relation between the tension of a muscle and the length of its fibres. 2. A curve which represents the relation between the tension of a muscle and the time during which it is being stretched. 3. A curve which represents the relation between the tension of a muscle and the time during which it is contracting. 4. A curve which represents the relation	1
We recognize national traits of character, which, differing from each other, cannot all be virtues, and some of which must therefore be deemed faults. These, not being essential to the organization, in the course of the intermingling of races disappear by neutralizing each other, while, the higher qualities remaining, a higher type is evolved.	0
1. The higher the temperature, the more rapidly the blood circulates through the body. 2. The higher the temperature, the more rapidly the blood circulates through the body. 3. The higher the temperature, the more rapidly the blood circulates through the body. 4. The higher the temperature, the more rapidly the blood circulates through the body. 5. The higher the temperature, the more rapidly the blood circulates through the body. 6. The higher the temperature, the more rapidly the blood circulates through the body. 7. The higher the temperature	1
In all the higher, as compared with the lower, races of mankind the length of the leg is greater and that of the arm less.	0
1. The higher the temperature, the more rapidly the water evaporates. 2. The higher the temperature, the more rapidly the water evaporates. 3. The higher the temperature, the more rapidly the water evaporates. 4. The higher the temperature, the more rapidly the water evaporates. 5. The higher the temperature, the more rapidly the water evaporates.	1
Rational being consists of body, soul and spirit. Of these the body may cease its life-action, and the soul may then be laid down, or be severed from the spirit, and this is death (Hickok), but the life is not laid down or disconnected, and could not be for a moment, for that would be cessation of being. The spirit returns to God who gave it.	0
1. It is not annihilated; 2. It is not conscious of its own existence; 3. It is not conscious of the existence of any other being. 4. It is not conscious of any pain or pleasure. 5. It is not conscious of any desire or aversion. 6. It is not conscious of any thought or feeling. 7. It is not conscious of any act or deed. 8. It is not conscious of any memory. 9. It is not conscious of any hope or fear. 10. It is not conscious of any joy or sorrow. 11. It is not conscious of any love or hate.	1
The middle classes, the bourgeoisie, the small traders, business men, skilled and intelligent artisans, mechanics, and the like, who have had a determining influence in modern liberal and democratic states, constituted then an insignificant element in the population: they were the growth of a later period in these sections of Europe, a development subsequent to the French Revolution.	0
1814 was a year of liberal triumphs. 1815 was a year of conservative reaction. 1816 was a year of liberal revivals. 1817 was a year of conservative revivals. 1818 was a year of liberal revivals. 1819 was a year of conservative revivals. 1820 was a year of liberal revivals. 1821 was a year of conservative rev	1
By the end of the eighteenth century the disintegration of the Empire had proceeded far.	0
1. The political map of Germany was a chaotic one. 2. It was a map of many small states. 3. There were more than three hundred separate units. 4. The	1
From what we know of God, we believe that He will give to every one a sufficient probation, and as some, according to our view, do not seem to have a sufficient probation here, it may be that they will have it after death. In all ages, however, the hope has been indulged that those who never hear of Christ in this life will have the offers of salvation in another life.	0
1. The soul is immortal; 2. It is not annihilated; 3. It is not punished eternally; 4. It is not rewarded eternally. 5. It is not punished at all. 6. It is not rewarded at all. 7. It is not punished or rewarded at all. 8. It is not punished or rewarded for its conduct in this life. 9. It is not punished or rewarded for its conduct in any other life. 10. It is not punished or rewarded for its conduct in any life. 11. It is not punished or rewarded for its conduct in any life, past, present	1
When a body is kept in equilibrium by any number of co-planer forces, the algebraical sum of the moments of all the forces about any point in their plane is zero. Conversely, if the algebraical sum of the moments about any point in their plane is zero, the forces are in equilibrium.	0
1. The moment of a force is equal to the product of the force and the perpendicular distance of its line of action from the point about which the moment is taken. 2. The sum of the moments of two or more forces about any point is equal to the moment of their resultant about the same point. 3. When a body is in equilibrium under the action of several forces, the	1
There are two other economies resulting from their use; they save one step in each flight of stairs, and in the height of the walls; and being put into position as soon as the supporting salient courses are set, they may be protected by boards, and used as scaffolding, saving the cost of the latter.	0
100 feet of flight is required for a 30-foot fall. 100 feet of flight is required for a 30-foot fall. 100 feet of flight is required for a 30-foot fall. 100 feet of flight is required for a 30-foot fall. 100 feet of flight is required for a 30-foot fall. 100 feet of flight is required for a 30-foot fall	1
Forty sq. rods equal 1/4 of an acre; 1/4 of $300 is $75, the cost of 40 sq. rods.	0
40 rods = 1/160 of an acre; 1/160 × $300 = $1.875. Ans. $ rods = 1 acre; 160 × $30	1
468 cu. ft.; or 3 Cd. 84 cu. ft.	0
378 cubic feet. 13 cords. 1-1/2 cords.	1
10 mi. 5 fur. 5 rds. 5 yds. 0 ft. 11 in.	0
134,876 miles, 1,079 furlongs, 4,316 rods, 17,264 yards, 51,	1
Training of the visual imagination is something that becomes more and more important in these days when copious illustration of books leaves little for this faculty to do.	0
2. Read the following descriptive passages aloud, and endeavor to visualize the scenes described. 1. "The dolphin, with his silver side, Leaps from the sea, and, as he leaps, His white tail flashes out like a flame, And closes at last into a star." (Coleridge, "The Rime of the Ancient Mariner.") 2. "The egl	1
The development of literary taste is a difficult, slow, and vexing task.	0
2. What is the best way to form a taste in poetry? 3. How should the teacher proceed in teaching poetry? 4. What is the best way to teach poetry? 5. What is the best way to teach poetry? 6. What is the best way to teach poetry? 7. What is the best way to teach poetry? 8. What is the	1
What happiness if the door should not be locked!—but of course it is, for in these great places, the gardeners are the only people who can go where they like.	0
What happiness, if the door should not be locked! But of course it is; for in these great places the gardeners are the only people who can go where they like.  [Browning.]  (p. 256.)  [See p. 278.]  [See p. 278.]  [See p. 278.]	1
Mrs. Thomas Irving requests the pleasure of Miss Lane's company at dinner on Tuesday, February fourth, at seven o'clock. 26 Dearborn Park, January thirtieth.	0
1. "I have the pleasure of inviting you to dinner at my house on Thursday evening, March 14th, at 7.30." 2. "I have the pleasure of inviting you to dinner at my house on Thursday evening, March 14th, at 7.30." 3. "I have the pleasure of inviting you to dinner at my house on Thursday evening, March 14th, at 7.30." 4	1
Having a little leisure and some curiosity, I went to see the aeroplane.	0
"Since I had a little leisure and was curious, I went to see the aeroplane."  insufficient information.	1
Although Mrs. Linnet is somewhat tiresome because of the shrillness of her note, which she repeats over and over, she is such a loving mother to her numerous brood and works so faithfully for the family interests, that even when we are tempted to ask her to retire to some far-away spot and cultivate her voice we cannot fail to admire her.	0
Mrs. Linnet, to be sure, is somewhat tiresome because of the shrillness of her note, which she repeats over and over; but she is a loving mother to her numerous brood, and works faithfully for the family interests; we admire her, although we are tempted to ask her to retire to some faraway spot and cultivate her voice.  (p. 254)  (p. 254)  (p. 254)  (p. 254)  (p. 254)  (	1
Deduction is the name given to that method of reasoning which, from a knowledge of a general truth about a class, draws a conclusion about a smaller class, or about a single object, instance, or individual.	0
1. We reason that Mary, aged two, will cry if she is hurt because children of that age always do cry when they are hurt. 2. We say that John Andrews will become a good mayor because he is a just man, and just men make the best mayors. 3. We say that a certain tree with a black scar from top to bottom has been struck by lightning	1
Miss Lane regrets that a previous engagement prevents her from accepting Mrs. Irving's kind invitation to dinner on Tuesday, February fourth, at seven o'clock. 2 University Place, January thirty-first.	0
1. I regret very much that I cannot accept your kind invitation to dine with you on Thursday evening. 2. I am sorry that I cannot be present at the dinner party which you have given me the pleasure of inviting me to attend. 3. I regret very much that I cannot accept your kind invitation to dine with you this evening. 4. I regret very much that I cannot accept your kind invitation to dine with you on Thursday evening. 5. I regret very much that	1
These slang words show not only a vulgar smartness in the manners of their user but, moreover, a sad lack of originality.	0
They are all slang terms.  Slang is a language of its own, and it is used by certain classes of people.  It is not a good thing to use slang unless you know what you are doing.  It is a very dangerous thing to use slang carelessly.  It is	1
When the valves in this connection are open, the flow into the calorimeter is induced by vapor-pressure difference caused by heating the reservoir above the temperature of the calorimeter.	0
When the temperature is raised, the rate of reaction increases, and the equilibrium is shifted toward the products.  When the pressure is increased, the equilibrium is shifted toward the side on which there are fewer molecules.  When the concentration of one of the reactants is increased, the equilibrium is shifted toward the products.  When the concentration of one of the products is increased, the equilibrium is shifted toward the reactants.  When the concentration of a catalyst is increased, the rate of reaction is increased	1
On the 5th November, 1525, he was incorporated at Oxford, being one of three masters of arts who had been preferred to Cardinal Wolsey's college in that university. Proving however violent Lutherans, they were one and all obliged to leave it.	0
He preferred to be called a physician rather than a surgeon; and he was violent in his opposition to the use of blood-letting.  He was violent in his opposition to the use of blood-letting.  He was violent in his opposition to the use of blood-letting.  He was violent in his opposition to the use of blood-letting.  He was violent in his opposition to the use of blood-letting.  He was violent in his opposition to	1
He graduated doctor of medicine at Leyden in 1638, was incorporated at Oxford 14th January, 1640-1, and was admitted a Candidate of the College of Physicians 22nd December, 1643; and a Fellow 9th August, 1648.	0
1625, admitted Fellow of the College of Physicians; 1649, incorporated as physician to the king. 1650, appointed physician to the king's household. 1651, physician to the queen. 1652, physician to the king. 1653, physician to the queen. 1654, physician to the king. 1655, physician to the queen. 1656, physician to the king. 1657, physician to the queen. 16	1
When I look round it is like a battle-field; many old friends gone; and then I see brethren like men wounded in the fight, such as Manson, Moody-Stuart, Macdonald, both my own brothers, laid aside from their former work.	0
When I was a boy, I used to go to the church of Scotland, and I have never been able to get over the feeling that I was at home there.  [p. 236]  [p. 237]  [p. 238]  [p. 239]  [p. 240]  [p. 241]  [p. 242]  [p	1
Mars is the planet whose orbit is nearest to the earth. His diameter is about 4400 miles, and his volume about one-sixth of the earth’s; his mass, however, is little more than one-ninth of hers, his density being estimated at only ⅞ths of the earth’s.	0
miles, or 1.5 times the distance of the earth from the sun. Its diameter is 4,260 miles, or 0.59 of that of the earth; its mass, 0.11 of that of the earth.  miles, or 1.5 times the distance of the earth from the sun. Its diameter is 4,	1
Astronomy is the science which deals with the distribution, motions, and characteristics of the heavenly bodies.	0
Astronomy is the science which treats of the heavenly bodies, their motions, distances, magnitudes, and appearances.  It is divided into two parts, practical and theoretical.  The former treats of the measurement of the heavens, and the latter of the causes of celestial phenomena.  The first part is subdivided into Spherical and Practical Astronomy.  The former treats of the theory of the sphere,	1
The chief direction of the Fenian conspiracy was assumed by James Stephens, who had been implicated in the Phoenix affair, and who never cordially agreed with O’Mahony. Stephens was very despotic—a true revolutionary leader.	0
1848-1909. He was a member of the Fenian Society, and was imprisoned in 1865 for his part in the Fenian rising. He was also a member of the Irish National League.  1875	1
These reforms did not, however, put an end to Irish agitation. The Home Rule party, which demanded the restoration of a separate Irish Parliament, showed increased activity, and the general election of 1874 gave it a strong representation at Westminster, where one section of the party developed into the “Obstructionists.”	0
The Home Rule party, which has been formed in Ireland, is now the most powerful political party in the country, and its leaders are in close communication with the Liberal party in England.  The Home Rule party is pledged to the establishment of a national parliament in Ireland, with power to legislate on all matters except those which are reserved to the Imperial Parliament.  The party is also pledged to the abolition of the Irish Church, and to the repeal of the Union with Great Britain.  The Home Rule party is opposed by the Ulster Unionists, who are pledged to resist any attempt to establish a national parliament in Ireland.  The Ulster Unionists are supported by the Conservative party in England	1
Albumenoids are sometimes called the histo-genetic bodies, because they are essential to the building up of the animal organism. The readiness with which these bodies change in the moist condition produces the digestive and other ferments in the body, and the synaptase, diastase, and emulsin which we find in plants.	0
They are the chief source of nourishment in the egg, and are also found in the blood of many animals.  They are the most important of the albuminoids, and are the basis of the albumen of eggs.  They are also found in the milk of mammals, and in the white of fish.  They are the most abundant of the albuminoids, and are the basis of the albumen of eggs.  They are also found in the milk of mammals, and in	1
Aluminium remained a laboratory product until Deville, about 1858, succeeded in improving the mode of production, so as to render the operations capable of management on the manufacturing scale. The process consists in heating to a red heat a mixture of the double chloride of aluminium and sodium, or the double fluoride of aluminium and sodium (cryolite), with the metal sodium.	0
1. By reduction of the oxide with carbon, or by electrolysis of the fused salt. 2. By reduction of the chloride with metallic potassium. 3. By reduction of the fluoride with metallic sodium. 4. By reduction of the fluoride with metallic magnesium. 5. By reduction of the fluoride with metallic calcium. 6. By reduction of the fluoride with metallic aluminium. 7. By reduction of the fluoride with metallic iron. 8. By reduction of the fluoride with metallic zinc. 9. By reduction of the fluoride with metallic copper. 10. By reduction of the fluoride with metallic tin. 11. By reduction of the fluoride with metallic lead	1
It can hardly be said to be obvious why, in uncultured races or individuals, there should arise that invariable tendency to represent natural forces as conscious and anthropomorphic. Evidently the notion of an animating, separable, and surviving soul commends itself as the ready explanation of many familiar phenomena, and the appropriate instrument of a philosophy which ascribes animation to nature at large.	0
1. The term was first used by Tylor, who defined it as "the doctrine that spirits are the only realities, and matter the mere shadow." 2. It is now applied to the belief in souls or spirits as the essential principle of all things. 3. It is the most ancient form of religion, and is still prevalent among savages. 4. It is also found among civilized peoples, and has been adopted by some philosophers. 5. It is opposed to materialism, which regards matter as the only reality. 6. It is also opposed to pantheism, which regards God as identical with matter. 7. It is opposed to dualism	1
The final decay of many forms of animistic belief, much more readily than the process of their development, admits of being traced with the aid of historical evidence.	0
1. The history of science is a record of the progressive substitution of matter for spirit and law for spontaneity. 2. In some sciences, such as astronomy, this substitution has been complete, but in others, such as biology, it is still incomplete. 3. The process of	1
A territory of the United States, bounded N. by Utah, E. by New Mexico, S. by Mexico, and W. by California and Nevada, with an estimated area of 113,900 square miles.	0
1. A territory of the United States, lying between 32° and 42° N., and 109° and 116° W. 2. It is bounded on the N. by New Mexico, on the E. by Texas and New Mexico,	1
The notion of animal-souls, largely prevalent among savage tribes, still faintly survives in our own country.	0
1. The belief in animal souls is not universal. 2. It is held by some of the ancient Greeks, and by the Hindoos, Chinese, and Egyptians. 3. It is also held by some modern philosophers, such as Spinoza, who taught that all matter was animated. 4. It is denied by others, such as Descartes, who maintained that animals were mere machines. 5. The majority of modern naturalists hold that animals are devoid of	1
The Afghans, inured to bloodshed from childhood, are familiar with death, and are audacious in attack, but easily discouraged by failure; excessively turbulent and unsubmissive to law or discipline; apparently frank and affable in manner, especially when they hope to gain some object, but capable of the grossest brutality when that hope ceases.	0
The Afghans are a brave, warlike, and hospitable people, but they are also cruel, revengeful, and treacherous. They are very fond of music, dancing, and poetry, and are great lovers of horses.  Their dress is simple, and their food consists chiefly of rice, bread, and milk.  They are very fond of tea, which they drink in large quantities.  They are very superstitious, and believe in omens and charms.  They are very fond of gambling, and are great liars.  They are very fond of dogs	1
Roger Bacon, an English philosopher and man of science, was born near Ilchester in Somerset. His family appears to have been in good circumstances, but in the stormy reign of Henry III, their property was despoiled and several members of the family were driven into exile.	0
1214-92, English philosopher and scientist. He was a Franciscan friar, and is said to have been imprisoned for his views. He wrote on optics, astronomy, and alchemy.  Bacon's works were not published until after his death.  He is often called the "Father of Experimental Science."  Bacon was a great advocate of the study of nature by experiment.  He was also a strong opponent of the Church's interference with science.  He was	1
John Bacon was a British sculptor, born in Southwark on the 24th of November 1740. He was the son of Thomas Bacon, a cloth-worker, whose forefathers possessed a considerable estate in Somersetshire.	0
1754-1826, English architect. He designed many churches, including St. Mary's, Oxford, and St. George's, Hanover Square, London. 1787-1826, he was professor of architecture at the Royal Academy.	1
Francis Bacon was an English philosopher, statesman and essayist. Very little is known of Bacon's early life and education. At Cambridge he applied himself diligently to the several sciences as then taught, and came to the conclusion that the methods employed and the results attained were alike erroneous.	0
1561-1626, English philosopher, statesman, and author. He was one of the most influential men of his age, and is regarded as the founder of modern philosophy. He was also a great literary artist. His works are full of brilliant thought and vigorous expression. 1911 Britannica. 11th ed. 1910-1911. T.F. Hoad. (A Dictionary of English Words.) 1986. Oxford University Press. 1911 Encyclopaedia Britannica	1
Backgammon is a game played with draughtsmen and a special board, depending on the throw of dice. It is said to have been invented about the 10th century. A similar game was known to the Romans, and Plato alludes to a game in which dice were thrown and men were placed after due consideration.	0
Backgammon is a game played by two persons with 15 men each on opposite sides of a board divided into 24 squares, or points, alternately colored black and white.  The object is to bring all one's men off the board before the opponent does so.  The game is played with dice, and the men are moved according to the number thrown.  The game is said to be of Persian origin, but it is now played throughout the world.  It is a very popular game in England, and is often played for money.  The rules are simple,	1
Baby-farming is a term meaning generally the taking in of infants to nurse for payment, but usually with an implication of improper treatment. Previous to the year 1871 the abuse of the practice of baby-farming in England had grown to an alarming extent, while the trials of Margaret Waters and Mary Hall called attention to the infamous relations between the lying-in houses and the baby-farming houses of London.	0
1. The care of infants by persons not their parents. 2. The business of keeping children for hire. 3. The employment of women to nurse and care for infants. 4. The practice of keeping children for hire, or of receiving them into one's house with the intention of profiting by their presence. 5. The employment of women to nurse and care for infants, with the object of profiting by their presence. 6. The employment of women to nurse and care for infants, with the object of profiting by their presence. 7. The employment of women to nurse and care for infants, with the object of profiting by their presence. 8. The employment of women to nurse and care for infants, with the object of profiting by their	1
A babu is a native Indian clerk. The word is really a term of respect attached to a proper name, like "master" or "Mr," and Babu-ji is still used in many parts of India, meaning "sir"; but without the suffix the word itself is now generally used contemptuously as signifying a semi-literate native, with a mere veneer of modern education.	0
1. A native clerk or official in India; 2. A native who has been educated in English schools; 3. A native who is a mere imitator of Europeans; 4. A native who is a mere talker of English; 5. A native who is a mere talker of English and a mere imitator of Europeans. 6. A native who is a mere talker of English, a mere imitator of Europeans, and a mere imitator of the manners and customs of Europeans. 7. A native who is a mere talker of English, a mere imitator of Europeans, a mere imitator of the manners and customs of Europeans, and a mere talker of nonsense. 8. A native who is	1
Baboon is properly the designation of the long-muzzled, medium-tailed Egyptian monkey, scientifically known as Papio anubis. In a wider sense, the term is applied to all the members of the genus Papio (formerly known as Cynocephalus) now confined to Africa and Arabia, although in past times extending into India.	0
Baboons are large monkeys, with long snouts and long canine teeth, found in Africa and Arabia. They are very intelligent animals, and are often kept as pets.  They are also called apes.  Baboons are divided into several species, such as the yellow baboon, the olive baboon, the hamadryas, and the mandrill.  The mandrill is the largest of all the baboons, and has a very large head, with a red face and blue cheeks.  The male is distinguished by a bright red rump, which is marked with black and white stripes.  The female has a duller color, and her rump is brown	1
Although not unique in its conception or theme, 'Broadway After Dark,' which heads an exceptionally well balanced bill at the Palladium this week, is a notable film if only for its direction, photography, and acting.	0
1925. Photography is a fine art, and it is a pity that so many people do not realize it.  1925	1
You will send me to hell and others with me. You will make my name a by-word in the gutters. By making a public character of me again you will bring renewed shame to my parents. You will make my little sister, who has all her beautiful life before her, hang her head in the presence of all her companions. I say you will do this. I mean that you can do it. Are you going to do it? Tell me, are you going to do it?	0
"If you publish my story, you will be publishing the truth. You will be doing your duty. You will be helping me. You will be helping me to get rid of the stigma which has been put upon me. You will be helping me to get rid of the feeling of shame which has been put into my heart. You will be helping me to get rid of the feeling of despair which has been put into my soul. You will be helping me to get rid of the feeling of degradation which has been put upon me. You will be helping me to get rid of the feeling of hopelessness which has been put into my life. You will be helping me to get rid of the feeling of despair which has been put into my heart. You will be helping me to get rid of the feeling of shame which has been put into my soul. You will be helping me to get rid of the feeling of degradation which has been put upon me. You will be helping me to get rid of	1
Oh, my! Yo' niggah dog, an' from Ameriky, I do 'clare! Come heah, honey, an' let ole Dinah pat yo' head!	0
"Oh, Judge! Oh, Judge! How are you? I've been looking for you all over London. I've been waiting for you ever since I came here. I've been waiting for you ever since I came here. I've been waiting for you ever since I came here. I	1
Just as I was about to turn into the street where stood my hotel home, I saw coming towards me with outstretched hand and smiling countenance, the wellknown and distinguished editor of one of London's high-class periodicals, in the pages of which an article of mine had just appeared, and for which I had received a most liberal check and such a kind and encouraging letter of thanks as only an English editor knows how to write.	0
1902 was a liberal year for women. 1902 was a year when women were beginning to be recognized as citizens. 1902 was a year when women were beginning to be recognized as citizens. 1902 was a year when women were beginning to be recognized as citizens. 1902 was a year when women were beginning to be recognized as citizens. 1902 was a year when women were beginning to be recognized as citizens. 1902 was a year when women were beginning to be recognized as citizens. 1902 was a year when women were beginning to be recognized as citizens. 19	1
The object in either case is to continue the life of the Species; the essence of both is self-sacrifice; the first manifestation of the sacrifice is to make provision for Others by helping them to draw the first few breaths of life.	0
The two processes are not only different, but they are antagonistic.  They are as different as the two poles of a magnet.  They are as different as the two sides of a coin.  They are as different as the two ends of a lever.  They are as different as the two ends of a pendulum.  They are as different as the two ends of a balance.	1
But the real answer is the general one, that to make animals human required a conspiracy of circumstances which neither Birds nor any other animal fell heir to.	0
But the fact that they have no language is a proof that they have no mind.  The two are inseparably connected.  The absence of one is a proof of the absence of the other.  The presence of one is a proof of the presence of the other.  The absence of language is a proof of the absence of mind.  The presence of language is a proof of the	1
The attacks on the Darwinian theory from the outside were never so keen as are the controversies now raging in scientific circles, over the fundamental principles of Darwinism itself. On at least two main points--sexual selection and the origin of the higher mental characteristics of man--Mr. Alfred Russel Wallace, co-discoverer with Darwin of the principle of Natural Selection though he be, directly opposes his colleague. Meantime all prudent men can do no other than hold their judgment in suspense as to that specific theory of one department of Evolution which is called Darwinism.	0
1. The theory of evolution is now accepted as a fact by all naturalists, and is regarded as the key to the whole problem of life. 2. It is not a mere hypothesis, but a system of facts, which have been accumulated by the patient labors of many generations of men. 3. It is not a theory of the origin of species, but of the origin of varieties. 4. It is not a theory of the origin of life, but of the origin of living forms. 5. It is not a theory of the origin of the universe, but of the origin of living things. 6. It is not a theory of the origin of matter, but of the origin of living matter. 7. It is not a theory of the origin of energy, but of the origin of living energy. 8. It is not a theory of	1
Any Biology, any Sociology, any Evolution, which is based on a single factor, is as untrue as the old Geology. It is only when both the Struggle for Life and the Struggle for the Life of Others are kept in view, that any scientific theory of Evolution is possible.	0
It is not; it is only a part of the whole truth. The struggle for life is not the whole of evolution, but only a part of it; and the struggle for life is not the struggle of each against all, but the struggle of each for the life of others.  24	1
On the 4th, the caravan came up, and on the following morning was dispatched forward, the leader being spurred on with the promise of a liberal reward if he hurried to Unyanyembe.	0
of the population of the world are liberal, and they are increasing.  Stanley.	1
Cairo is a fascinating place. It would be long before I should tire of watching the life on the streets. Arabs, in long flowing robes, Jews, Mohammedans, tall black men from the Soudan, English soldiers, officers, English ladies, donkeys, tram cars, and handsome carriages all mingle in confusion.	0
Cairo is a city of contrasts. It is a city of the past, of the present, and of the future. It is a city of the desert, of the Nile, and of the sea. It is a city of the East, of the West, and of the North. It is a city of the poor, of the rich, and of the famous. It is a city of the dead, of the living, and of the unborn. It is a city of the old, of the young, and of the children. It is a city of the sick, of the well, and of the healthy. It is a city of the ignorant, of the learned, and of the wise. It is a city of the wicked, of the good, and of the virtuous	1
I am getting to understand the money at last. The banks cash our American Express Company's cheques with English gold in sovereigns. You can imagine how heavy twenty of these are. In Italy we could get paper money, and go to the bank often; but in India I have twice already had my funds run almost to zero before I could get a chance to replenish, so I find it necessary to carry large sums.	0
10 rupees is the smallest note, and it is not easy to get change for a rupee. The Indian rupee is divided into 160 annas, or 80 pice, and the pice is subdivided into 64 pies. 12 pies make a pice, and 12 pices make an anna. 10 rupees are worth about £1 15s. 3d. sterling. 1 rupee is worth about 17s. 6d. sterling. 1 anna is worth about 1s. 10d. sterling. 1 pice is worth about 1d. sterling. 1 pie is worth about 1½d. sterling. 1 rupee is worth about 17s. 6d. sterling. 1 ann	1
Tourists are very rare in these parts, and all the little brown people along the way showed great interest in us. Tiny boys on the road took off their caps, mothers turned their babies around to see the strange sight, old people, going home hand in hand from their day's work in the fields, called out a cheerful greeting.	0
The Japanese are not at all like the Chinese, who are so often described as being very polite and courteous. They are quite the reverse. They are very rude and impolite, and they do not seem to care whether you are pleased or not.  I have been called a "foreign devil" more than once, and have been stared at with open hostility.  I have been insulted, and have had my luggage searched.  I have been refused service in restaurants, and have been refused admittance to theatres.  I have been refused permission to enter the country.  I have been refused permission to leave it.  I have been refused permission to go into certain parts of it.  I have been refused permission to go into certain houses.  I have been refused permission	1
All the while the distant Pyramids lured us on. These are known as the Pyramids of Ghizeh. At the end of the car line, a crowd of Egyptians with camels and donkeys were in waiting, and our guide soon had us all mounted on camels with a boy to lead each beast. I had a nice, clean, intelligent-looking boy, but I approached the camel allotted me with some trepidation.	0
12 miles from Cairo, the road winds through a desert of sand and stones, and then comes to the pyramids. They are not so large as they look, but they are very old, and very grand.  The sun shines on them, and makes them look like great golden mountains.  The pyramids are built of stone, and are covered with a kind of white dust.  They are very old, and have been there for thousands of years.  They were built by the kings of Egypt, who lived long ago.  They were made to keep their bodies safe after they died.  The kings thought that if they were buried in these great pyramids, they would be safe from harm.  But now, after all these years, the pyramids are still standing, and they are still beautiful.  They are one of the most wonderful things in the world.	1
There is a "pull" about the place that is irresistible. It is embowered in green trees and shrubs, with fragrant flowers everywhere; the roads are fine and hard, the streets are lighted with gas, but most bewitching of all are the people. They are so quaint as to clothes, or lack of them, so bright-eyed and smiling.	0
The streets are crowded with people, and the traffic is heavy. The natives are very friendly, and the Europeans are generally well dressed. The shops are numerous, and the goods are cheap. The climate is delightful, and the scenery is beautiful.  The harbor is one of the finest in the world, and the ships are constantly coming and going.  The city is full of life and activity, and it is a pleasure to walk its streets.  The people are hospitable, and the food is excellent.  It is a place where one can find everything he needs, and it is a pleasure to live there.  The climate is delightful, and the scenery is beautiful.  The harbor is one of the finest in the world, and the ships are constantly coming and going.  The	1
A revolution in which you alter all present forms of expression – a revolution in which you efface the habit of centuries of education – a revolution in which the use of the words “my house,” “my coat,” “my watch,” “my book,” all disappear.	0
The mental revolution is a change in the minds of the people, and that is a thing which no politician can bring about.  [Laughter.]  I do not think that any man can bring about a mental revolution.  [Laughter.]  I do not think that any man can bring about a mental revolution.  [Laughter.]  I do not think that any man can bring	1
Civilisation has only been in proportion to the energy and enterprise of the individual.	0
1. The individual is the unit of society. 2. The individual is the creator of all wealth. 3. The individual is the inventor of all science. 4. The individual is the originator of all art. 5. The individual is the discoverer of all truth.	1
The human personality, whether called the soul or the spirit, does not go out of the body at death, but retreats within the body, back into the germ from which that body grew, and from which, provided the "deeds done in the body" were not such as to destroy its vitality, there is ground to infer that another body will grow.	0
1. It is not annihilated; it lives on. 2. It is not imprisoned in a body of matter, but is free to move from place to place. 3. It is not conscious of its surroundings, but is in a state of unconsciousness. 4. It is not conscious of its own existence, but is in a state of unconsciousness. 5. It is not conscious of its own identity, but is in a state of unconsciousness. 6. It is not conscious of its own individuality, but is in a state of unconsciousness.	1
As the Animal Monad is as immortal as the Human Monad, and as the Animal has the seeds of all the principles (including the human) in itself, the only difference between the two is that in the Animal the specifically human principles are latent and potential and await their development in the future, but in the Man they are active and potent.	0
Animals have souls, but they are not immortal.  They are not conscious of their own existence, nor do they know anything of the future.  They are unconscious of the past, and have no memory.  They are simply the instruments of nature, and are not responsible for their actions.  They are not capable of sin or virtue.  They are not capable of being rewarded or punished.  They are not capable of being saved or damned.  They are not capable of being resurrected	1
When his body collapses and dissolves, he is dead, and remains dead till he lives again in a new, organized vital body.	0
When the time comes, the Lord will come to take His people to Himself. 1 Thessalonians 4:17. 1 Peter 1:5. 1 John 3:2. 1 Corinthians 15:51-52. 2 Thessalonians 2:1. 2 Timothy 4:8. 1 Thess	1
The answer is, it was now the policy of the French to act strictly on the defensive.	0
1. Because the British were not prepared to undertake a campaign of any magnitude. 2. Because the French had no intention of making any further attempt to invade the English colonies. 3. Because the French were waiting for the arrival of reinforcements from France. 4. Because the French were awaiting	1
I heard some news that astonished me.	0
1. I heard some news which astonished me. 2. I heard some news that astonished me	1
"Cloud" is a noun. "Hid" is a verb. "Moon" is a noun.	0
Cloud, moon, are nouns; hid is a verb.  insufficient information.  insufficient information.  insufficient information.  insufficient information.  insufficient information.  insufficient	1
"Butcher" is a singular noun, and its plural would be "butchers." "The singular and plural forms of "sheep" are the same, and it could be either singular or plural in this context.	0
"Sheep" stands for more than one; "sheep" is the singular. "Butcher" stands for one; "butchers" is the plural.  "Killed" stands for one; "kill" is the singular.  "The" stands for one; "the	1
Darwin’s work is an attempt to account the diversities of life on our globe by means of continuous development, without the intervention of special creative fiats at the origin of each species; the extreme conclusion of which is the physiological relationship and community of origin of all living beings. Darwin’s views have been adopted by some of the most scientific men of the age, while by others they are denounced as unfounded and absurd.	0
The theory of evolution by natural selection has been accepted by the majority of scientific men as the best explanation of the origin of species.  But it is not yet generally admitted that the same law applies to man.  The evidence of the antiquity of man is still very imperfect, and the facts which have been adduced in support of the theory of his descent from the anthropoid apes are not sufficiently strong to satisfy all students.  The theory of the origin of species by natural selection is now generally accepted by the majority of scientific men.  But it is not yet generally admitted that the same law applies to man.  The evidence of the antiquity of man is still very imperfect, and the facts which have been adduced in support of the theory of his descent from the anthropoid apes are not sufficiently strong to satisfy all students.  The theory of the origin of species by natural	1
the beginning of the American Civil War	0
1835.  insufficient information.  insufficient information	1
There is no more tragic spectacle than that of a man of genius who is not a man of honor. And yet, until vaster and more definitive studies of the problems of homosexuality, of degeneracy, and of criminal pathology shall have been completed, Wilde will continue to be what Byron has been aptly termed: "a fascinating trouble."	0
He was a man of genius, but he was also a man of passion, and passion is not always a good thing.  It is not a good thing when it is so strong as to make a man incapable of doing his work.  But it is a good thing when it makes him do his work better than other men can do it.  And this is what happened with Oscar Wilde.  His passion for beauty made him a great artist.  His passion for life made him a great philosopher.  His passion for love made him a great poet.  His passion for truth made him	1
The worst difficulty is in the use of the Centigrade scale below freezing. Any one who has had to study figures, half of which have minus signs before them, knows the amount of labor involved.	0
100° C is the boiling point of water, and 0° C its freezing point; but the boiling point of water at 32° F, and its freezing point at 212° F. 100° C is not twice as hot as 0° C, nor 32° F as hot as 212° F.	1
You can not get rid of the established divisions of the circle and the points of the compass. You can not escape from those quarters which the order of Nature in several ways forces on us.	0
1. It is not a natural system, but one which has been arbitrarily adopted by the French. 2. It is not a decimal system, but a duodecimal one. 3. It is not a system of weights and measures, but a system of weights and lengths. 4. It is not a system of weights and lengths, but a system of weights and capacities.	1
It can not be denied that there is, and has been for many years, a strong tendency toward the decimal sub-division of single units, even among users of our own clumsy system of weights and measures.	0
1. The pound, ounce, and grain are the units of weight in the English system. 2. The pound is divided into sixteen ounces, and the ounce into sixteen grains. 3. The pound avoirdupois is the common commercial unit of weight in the United States. 4. The pound troy is used by apothecaries and jewelers. 5. The pound apothecaries is used by physicians. 6. The pound tower is used by	1
Men do not go to war or enter upon any dangerous calling with the purpose of exempting women.	0
"The love of the other sex is a spur to the endeavor of either, but the choice of occupations calling for physical force is instinctive with the sex possessing it in greatest degree."  8	1
But it is the camera that catches these attitudes the best of all for us, and last summer I paid very considerable attention to the photography of adult living frogs. Most of these results were as fine as could be desired, and one of the best of them is presented here as an example (see figure).	0
Photography is now so cheap and easy that every one can afford to have his picture taken.  The camera is as much a household implement as the sewing-machine or the washboard.  Photography is now so cheap and easy that every one can afford to have his picture taken.  The camera is as much a household implement as the sewing-machine or the washboard.  Photography is now so cheap and easy that every one can afford to have his picture taken.  The camera is as much a household	1
Ladies generally prefer smaller sizes.	0
They use a larger sheet, and one with a border round it.  It is called "letter-note," and is about 6 by 9 inches in size.  It is also more orn	1
Paper with a black border, the width of the border corresponding somewhat to the nearness of the relationship and the recentness of the bereavement.	0
It is paper printed with black lines, or with black letters on white ground.  It is used for envelopes, visiting cards, etc.  It is not necessary to use it, but it is very generally done.  It is a mark of respect to the memory of the deceased.  It	1
The name of the post-office and the name of the state.	0
1. The name of the town; 2. The name of the county.  insufficient information.  insufficient information.  insufficient information.  insufficient information.  insufficient	1
but if their letters are valuable with such a defect, how much more so they would be without it!	0
But it is not necessary for any man to write badly, and it is not becoming for him to do so.  1	1
Pursuing the negro up a flight of stairs in an Eleventh street saloon, the officer was mortally wounded, but before breathing his last fired the shot that killed the negro.	0
12:30 before midnight, when he was called to the house of Mr. and Mrs. Crippen, 128 West 10th street, New York. 12:30 before midnight, when he was called to the house of Mr. and Mrs. Crippen, 128 West 10th street, New York.	1
They are useful to remove surplus fluids from the body.	0
They are said to be beneficial in obesity, as they cause sweating and thus remove fat from the body.  Gould and Pyle's Cyclopedia of Practical Medicine and Surgery, With Particular Reference to	1
Uncle Gideon, my mother bids me tell you that she is dying, and that you must come to her at once.	0
"Mother is dying, Gideon. Go, go quickly."  She spoke in a low, hurried voice, and her eyes shone with a strange light.  "Go, Gideon, go quickly."  She repeated the words, and then, as if she had suddenly remembered something,	1
I know what I think, but I don't want to speak yet; only I want to know, Ruth, about that verse; I found that, and thought about it. I couldn't see that it means what you think it does. I used to think in my very heart that joining the church, and trying to do about right, was all there was of religion; but I have found that I was wonderfully mistaken.	0
"I don't know what to think," said Flossy, turning to Ruth. "I don't see how we can say it is wrong, when the Bible says that David danced before the Lord."  "It is not wrong," said Ruth, "but it is not right for us to dance."  "Why not?" asked Flossy. "Because we are not like David," said Ruth. "We have not his faith, nor his spirit, nor his courage."  "Oh, I see," said Flossy. "I see now why it is wrong for us to dance."  "Yes," said Ruth, "and besides, it is not becoming for young ladies to dance."  "Oh, I see," said Flossy. "I see	1
Court favour is like sunshine, it cannot penetrate if you run into the shade. I shall walk through, make my bow, observe how many tiers have been added to the Queen's head-dress in my absence, and while you, Marquis, are standing uncovered in the cold, I shall be back at Paris.	0
"I am going to Paris, where I have a house, and where I can live without being seen. I shall be happy there, and I shall be safe."  "But you will be bored, my dear Count," said the Duchess. "Oh, no, I shall not be bored. I shall be happy."  "And what will you do?" asked the Duchess. "I shall do nothing. I shall be happy."  "But you will be bored, my dear Count," said the Duchess. "Oh, no, I shall not be bored. I shall be happy	1
My own, my king, my husband! we will stand or fall together-hand to hand, heart to heart. We are not to be separated, you and I, in life or death.	0
"I will not have you go to the House of Lords to-night, my dear," said the Queen, with a passionate earnestness. "It is too late. I will go myself."  "But, my dear, it is impossible," said the King. "I must go. I cannot be absent to-night."  "Then I will go with you," said the Queen. "	1
What's your own private opinion of John as a spouter.	0
"I don't know what you mean by that, Frank. I've never seen him do anything but what was right."  "He's a good man, Ted, but he's got a lot of faults."  "What faults?"  "Well, he's a little too fond of drink, and he's not very particular about his money."  "Oh, I don't believe	1
No, Frank, I have no wish to say even that. I have no desire to say anything. What have I done that you should say such things to me?	0
"Frank, I am not going to quarrel with you. I am not going to say anything unkind. I am only going to ask you to forgive me."  "I have been so unhappy, Frank, so unhappy! I have been thinking of you all day long, and I have been wishing that I could make you happy. I have been wishing that I could do something to make	1
Good-evenin, Mr. Barry, I hope I'm seein' ye well?	0
"I'm glad it's fine, Frank. I was thinking of going out to-day." "I've been thinking of going out myself," said Frank. "I'll go with you if you like." "Oh, no, thank you, Frank. I don't want any company." "Well, I'll go alone then." "No, no, Frank, I couldn't have you	1
Yes, it's magnificent. You know, Mr. Lindsay, one of the greatest regrets I have is that I can't find leisure to peruse my books. Quite a lot of them I have-haven't I, Frank?	0
"I have no time to read, my dear," he said, with a sigh. "I am always busy."  "Busy!" exclaimed Mrs. Dad. "What are you busy about?"  "Oh, I am busy with my garden," said Dad. "I have to look after it, you know."  "But you have a gardener," said Mrs. Dad.  "Yes, but I have to see that he does his work properly," said Dad.  "	1
Good-bye, uncle Hugh. And thank you-thank you for all your kindness.	0
"I'm sorry, Uncle Hugh, but I must go. I've been away too long."  "I know, Frank, I know. But I'm glad you're going back to your own people."  "Yes, Uncle Hugh, I'm glad too."  "And I hope	1
You mistake me altogether, Hugh. I have not the slightest intention of entering into any discussion on any topic whatsoever with Mrs. Chorley.	0
"I am not going to have you talk politics with Mrs. Chorley. I don't want to hear any more about it."  "But, Sylvia, I must talk to her about it. It's my duty."  "It's your folly, and I won't have it	1
Reggie is not old and he is not young. I never can understand why people make such a fuss about their ages. I am forty‑eight and Reggie is forty‑three this year, and I make no bones about it.	0
"I don't know," said Annabel, with a little sigh. "I suppose he must be about twenty-five." "Twenty-five!" cried Fay. "He looks more like a boy." "Oh, I don't know," said Annabel. "He has a very young face, but he's really quite grown up." "I should think so," said Frank. "He's	1
I do not know, but I think you have the gift of healing	0
"I have a gift, I think, of healing. I have never tried it, but I feel sure that if I did I should be able to do good."  "I am glad to	1
Poor Wildacre had it in him to do great things, but he lost his chance. At least he did worse than lose it; he threw it away to the swine, and trampled it among the husks.	0
"I don't know what I should have done without him," said Arthur, with a sigh. "He was a great help to me."  "Yes, he was," said Blathwayte. "And he was a good fellow, too."  "He was," said Arthur.	1
Get in, Usha, and take the paddle. I can spring in when it is off the sands.	0
"Come, Usha, we will go out to-day. I have something to tell you."  "I am ready, mother."  "Then take the paddle, and sit beside me."	1
Let us leave the garden. Let us go into the burying-ground-here is spring, and that means love and hope. I have nothing more to do with spring.	0
"I am so miserable, so miserable! I cannot bear it any longer. I wish I were dead."  "I am sorry for you, Sylvia," said the other. "I am sorry for you, too, my dear."  "I wish I were dead," repeated Sylvia.	1
This contains the correspondence I mentioned, and some other things of varied importance. Everything about the post is in complete readiness for your own further orders.	0
"I have been ordered to report to General Philips," said Arnold, as he handed over the papers. "I am glad to see you, General Arnold," said Philips, "and I am sorry to see you in such a position." "I am sorry too," said Arnold, "but I suppose it is all right." "It is all right," said Philips, "but I wish it	1
nine verses, eight of them being 5 xa, or heroic, and the ninth 6xa, or an alexandrine	0
12 lines, 4 stanzas.  insufficent information.	1
'Tis at your bidding, Fate, I come My hist'ry to recount; And I, though unrenowned by age, Am Liberty's sweet fount. Before a white man's foot had trod Upon my long-sought shore, E'en though the savage only knew, 'Twas rich in golden ore.	0
1. I am the land of liberty, 2. And I have been so from the first; 3. I was not born to be a slave, 4. But to be free, and to be prosperous. 5. I was not born to be a slave, 6. But to be free, and to be prosperous. 7. I was not born to be a slave, 8. But to be free, and to be prosperous. 9. I was not born to be a slave, 10. But to be free, and to be prosperous. 11. I was not born to be a slave, 12. But to be free, and to be prosperous.	1
But a stick of timber which can be delivered in a place where men are building houses is a bit of wealth.	0
100,000 gallons of water poured into a desert oasis would be wealth. 100,000 gallons of water poured into a desert wilderness would be nothing. 100,000 gallons of water poured into a desert wilderness would be nothing.	1
It is because the answer will certainly determine our conduct now, and there is every reason to believe that it will affect the result hereafter.	0
It is because the future life is not only a possibility, but a certainty, and because the only question is whether we shall be ready for it when it comes.  1	1
But, sure, maybe he couldn't spare longer, so busy he must be over in big London.	0
'Twas a pity, though, that he had not come to stay longer.  'Twas a pity, indeed.  'Twas a pity, indeed, that he had not come	1
if you listen to his "White Company" and to "Micah Clarke!"	0
but I am not sure that he has not been too much influenced by the novels of Sir Walter Scott. 134 The passage is from a book of essays written in 189	1
so that at his death his own son saw himself master of a country not less than 255,000 square miles in extent	0
1646. He was succeeded by his son Alexis, who was only eight years old at the time of his father's death. 1646. He was succeeded by his son Alexis, who was only eight years old at the time of his father's death. 16	1
so they had that bare, unfinished appearance which is so disappointing to the stranger first visiting Scotland, who is accustomed to the bright little flower-gardens of the south-country villages of England	0
but now the road was almost deserted, and the houses looked as if they had been left there by the hand of some giant who had been playing with them.  13	1
But, with the recent development of practical means of blood vessel anastomosis, direct arterio-venous transfusion again seemed to come within the realm of possibility.	0
1896, Dr. C. H. Wood, of Boston, had made a series of experiments on dogs, and had succeeded in transfusing blood into them without any serious ill effects.  4	1
This failure, however, of the electoral college to retain its power of independent choice is probably not much to be regretted.	0
1. It is not expected that the electors will exercise their own judgment. 2. It is not expected that they will vote for any other candidate than the one who has been placed at the head of the ticket. 3. It is not expected that they will vote at all.	1
so we were glad enough to stop for luncheon at an out-of-door restaurant	0
and I felt sure that we should be glad to get out of it. 134 The passage is written in the first person, so the narrator is speaking directly to the reader. The	1
so as to secure a willing attention to his representations	0
1608, and who, after having been twice banished from the country, returned to it in 1615, and died there in 1635. 1	1
But with the consent of the parties, a judge may decide such a question beyond the limits stated.	0
1. It is not necessary that the person who claims to have been wronged should himself be a resident of the District. 2. He may be a stranger, and yet his claim may be	1
Dr. J. M. L. Marique's thesis, entitled Recherches experimentales sur le Mécanisme de Fonctionnement des Centres psycho-moteur du Cerveau, though presented in 1885, deserves mention here for its admirable summary of researches on the excito-motor area and sensory centres of the cortex since 1870, and also for his novel method of experimentation, which, however, itself needs further study.	0
1. In the course of his experiments on the localization of the motor centres in the cerebral cortex, Dr. Horsley has made some interesting observations on the effects of cutting the association fibres. 2. In the course of his experiments on the localization of the motor centres in the cerebral cortex, Dr. Horsley has made some interesting observations on the effects of cutting the association fibres. 3. In the course of his experiments on the localization of the motor centres in the cerebral cortex, Dr. Horsley has made some interesting observations on the effects of cutting the association fib	1
The Manchester League, promoted by Cobden, Bright, and others, maintaining a persistent agitation, and supported by Sir Robert Peel and his successors, Earl Russell, Mr. Gladstone, &c. succeeded in bringing about great reforms in economic and financial politics.	0
1832-1867. The period of the Reform Bill and the first years of the reign of Queen Victoria. 1832. The Reform Bill. 1834. The Poor Law. 1835. The Municipal Corporations Act. 1836. The Bank Charter Act. 1839. The repeal of the	1
This volume contains a brief but comprehensive summary of the most salient points to be considered in the elementary knowledge and treatment of mental disease.	0
1. The author of this book, Dr. Chase, has endeavored to present a concise and practical treatise on insanity. 2. It is intended to be used by nurses and general practitioners. 3. The author has endeavored to present a concise and practical treatise on insanity.	1
The fate of the Wood Duck is determined by its breeding and migration range.	0
1. THE wood duck, or "woodie," as it is familiarly called, is a bird of the genus Aix, and belongs to the family Anatidae. 2. It	1
Moreover, the employment of large capital and improved machinery has enormously increased production and decreased cost to the consumer.	0
1. THE great industrial changes which have taken place during the last half-century have been accompanied by a corresponding change in the condition of the laboring classes.	1
have usually a light touch, and an apparently inexhaustible power of turning out bright and readable, though often flimsy, articles upon social subjects.	0
... are not only more numerous, but also more capable than formerly. 125 126 WOMEN'S WORK.  134	1
It is a reflexion of the revolution that is going on below in the forms of production to-day.	0
1. A change in the habits of thought; 2. A change in the habits of action; 3. A change in the habits of feeling. 1. A change in the habits of thought; 2. A change in the habits of action; 3. A change in the habits of feeling. 1. A change in the habits of thought; 2. A	1
All the great advances have been made by men, even under our present individual system, who were really imbued with the collective idea.	0
1. The individual is the unit of society; 2. The individual is the creator of all wealth; 3. The individual is the inventor of all science; 4. The individual is the originator of all art; 5. The individual is the source of all progress.	1
When the hunters begin to come in next moon with sheep from the mountains you must comb the wool as you did when you were a little girl, and then make it into rolls and twist the yarn; make the dyes and color it, not for your husband's stockings only, but for a dancing-blanket.	0
When the sun was setting, the old man came out of his house.  (p. 34)  [Kin-da-shon's wife.]  (p. 34).  (p. 34).  (p. 34).  (p. 34).  (p. 34).  (p. 34).  (p. 34).  (p. 34).  (p.	1
If, after a family conclave, the husband, father, or brother quietly pocketed his own conflicting opinion, sallied forth and supported the measures favored by the home majority, what right-minded woman could complain? It would be merely an extension of the main principle of republican government.	0
If women were to be represented by men, it would be just as reasonable for them to be represented by negroes, or by any other class of people who are not themselves voters.  But this is not the case.  Women are represented by themselves.  They have the ballot, and they use it.  They are their own political representatives.  They are the only class of people in the world who are represented by themselves.  They are the only class of people who are their own	1
Miss Laura Merriam and Miss Dorothy Williams were the two daring society girls who made the record-breaking flight, and both were taking their first trip in the air.	0
1911: Two Girls Up in Aero. - Misses Mary and Helen H. Houghton, daughters of Mr. and Mrs. Charles H. Houghton, of society, are making a trip to Europe by airship. 1911: Two Girls Up in Aero. - Misses Mary and Helen H. Houghton, daughters of Mr. and Mrs	1
At present, travel to the moon is impossible. But perhaps some centuries to come the problem will be solved. Before the invention of balloons and aeroplanes, after all, no one thought seriously of being able to rise in the air. Whoever finds out a means of suppressing or even diminishing the force of gravitation, that mysterious power which holds the heavenly bodies together and keeps us fixed to the earth, will thus enable men to leave their planet and launch out upon the conquest of neighbouring worlds. And the Moon may be the first stage of these inter-planetary voyages.	0
1,000 years ago, men could not have imagined the possibility of flying. Today, we know that it is possible. In the same way, in the future, men will be able to travel to the Moon. 1,000 years from now, men will be able to travel to the Moon as easily as they can travel to Paris today. 1,000 years from now, men will be able to travel to the Moon as easily as they can travel to Paris today. 1,000 years from now, men will be able to travel to the Moon as easily as they can travel to Paris today. 1,000 years from now, men will be able to travel to the Moon as easily as they can travel to Paris today. 1,000 years from now, men will be able to travel to the Moon as easily as they can travel to Paris today. 1,000 years from now	1
It is still night in the region in which we have landed on the surface of the Moon. The sky sparkles with incomparable splendour. The eye can distinguish in it thousands and thousands of stars. Not even the glories of a tropical night can give any idea of what night on the Moon must be. But soon the Sun will appear. There is no dawn to herald it, but already there is rising in the east a long, spindle-shaped trail of whiteness; it is the zodiacal light, ten times more brilliant than with us. For hours this false dawn rises higher in the sky; its tints of phosphorescent colours are brighter and brighter from the summit to the base; in the midst of the enormous cone, all aglow with green and opal, there gleams a resplendent star: it is the beautiful Venus, hardly recognisable amid its mantle of light. But already the fine rays of the Sun's corona are heralding the day-star.	0
The moon's night is not like ours. It is not dark. The sky is blue, and the stars are shining. But the sun is not there. The moon is turning. The sun is coming. The sky is getting yellow. The stars are disappearing. The sun is coming out. The sky is red. The sun is shining. The sky is white. The sun is very bright. The sun is very hot. The sun is very strong. The sun is very beautiful. The sun is very wonderful. The sun is very glorious. The sun is very magnificent. The sun is very splendid. The sun is very grand. The sun is very glorious. The sun is very magnificent. The sun is very splendid. The sun is very grand. The sun is very glorious. The sun is very magnificent. The sun is very splendid. The sun is very grand. The sun is very glorious. The sun is very magnificent. The sun is very splendid. The sun is very grand. The sun is very glorious. The sun is very magnificent. The sun is very splendid. The sun is very grand. The sun is very glorious. The sun is very magnificent. The sun is very splendid. The sun is very grand. The sun is very glorious. The sun is very magnificent. The sun is very splendid. The sun is very grand. The sun is very glorious. The sun is very magnificent. The sun is very splendid. The sun is very grand. The sun is very	1
It is likely that there are in the Moon some small craters formed in this way. But the volcanic theory of the lunar circles does not explain everything. One might, first of all, object that it is very strange that we generally do not find in the interior of these great circles any serious inequalities of the ground, any mountain resembling those of the outer rampart. One would expect to find regular concentric rings at various distances from the centre, marking the progressive decrease of the eruptive phenomena in the course of geological time. But there is nothing of the kind!	0
The theory of volcanic origin has been abandoned, for it was found that the craters were too large to have been produced by the action of lava.  Moreover, the craters are not always circular, as would be expected if they had been formed by the eruption of lava.  They are often irregular, and sometimes even elongated.  The theory of meteoric origin is now generally accepted.  It is supposed that the moon was once a planet, but that it was broken up by some violent cause, and that the fragments thus formed were drawn together again by gravitation, and became the moon.  These fragments were probably composed of metallic iron, and when they fell upon the moon's surface, they produced the craters.  The craters are therefore supposed to be the result of the fall of meteorites.  The theory of volcanic origin is now generally abandoned.  The craters are supposed to be the result of the fall of meteorites.  The craters are supposed	1
Usually, from one of two reasons. They lack vitality, or they overflow with uncontrolled vitality. Fretfulness, laziness, cowardice, lying, and even aggressive faults like perversity and obstinacy, are often due to lack of vitality—a pathetic, misjudged protest against being forced into the wrong work. Bad temper, cruelty, roughness, stealing, and all the myriad acts we classify as "mischievous," may result from the great gift of superabundant vitality—an energy which, like electricity, is capable of service, but disastrous when uncontrolled.	0
Children are troublesome because they are not yet able to control themselves. They are not yet able to think out their own plans, to make up their own minds, to do what is right without being told. They are not yet able to understand why they should do certain things. They are not yet able to see the good side of things. They are not yet able to be patient. They are not yet able to be kind. They are not yet able to be honest. They are not yet able to be brave. They are not yet able to be self-controlled. They are not yet able to be helpful. They are not yet able to be generous. They are not yet able to be truthful. They are not yet able to be just. They are not yet able to be loyal. They are not yet able to be patriotic. They are not yet able to be religious. They are not	1
A French writer of comedies and pseudo-scientific romances. His first comedy, Pailles Rompues, was produced 1850; it was followed by Onze Jours de Siège; L'Oncle d'Amérique; and several comic operas. These had great success in Paris; but Verne's fame rests chiefly on his long series of mock-scientific extravaganzas, beginning with Five Weeks in a Balloon, 1863. More than 30 have been translated into English and published in large editions in England and the United States.	0
1828-1905. French novelist. He was born at Nantes, and died at Amiens. His works are chiefly scientific romances, such as "Journey to the Center of the Earth," "Twenty Thousand Leagues Under the Sea," "From the Earth to the Moon," etc. 1863. He published "Five Weeks in a Balloon." 1864. "Journey to the Center of the Earth." 1866. "From the Earth to the Moon." 1870. "The Mysterious Island." 1874. "Twenty Thousand Leagues Under the Sea." 1875. "The Child of the Cavern." 1877. "The	1
The brilliant successes of this Galilean method during his own and the following generations were, as I have said, immensely impressive to that whole century.	0
1. The mechanical theory of nature, which is now so familiar to us, was first suggested by the progress of mechanics itself. 2. It was not long before the philosophers began to think that the whole universe might be regarded as a vast machine. 3. The idea was not new; but it was now first put forward as a serious hypothesis. 4. It was not long before	1
